0,1,2,3,4,5,6,7,8,9,10,11,12,13,14,15,16,17,18,19,20,21,22,23,24,25,26,27,28,29,30,31,32,33
985.882,487.32202,992.19196,483.291,966.9205,485.69165,0.0,0.0,942.9128,514.96405,1028.4459,566.7872,936.5026,567.89386,1073.3212,481.4517,915.90875,473.49692,1067.2146,371.47314,922.7996,362.95248,1016.4271,800.3105,953.2032,801.28784,1029.6943,968.72864,981.34973,974.6107,0.0,0.0,939.3102,1079.9023
989.43365,445.3249,993.7195,442.72678,970.54803,446.0292,0.0,0.0,943.7427,478.66336,1022.28534,528.42017,935.06256,531.60114,1068.6396,438.1389,913.2325,434.48395,1063.4994,326.54742,910.7534,325.58084,1012.1197,762.62885,955.77997,765.2804,1007.3365,923.8153,985.0445,935.1867,965.7452,1052.3092,961.96954,1066.6091
983.91693,415.65,992.668,412.27386,968.1775,413.34927,0.0,0.0,945.62573,440.85242,1028.3577,497.67108,925.5729,495.91254,1068.8877,406.71857,900.12964,394.06094,1064.1775,291.62228,901.36914,277.7588,1016.6886,726.4254,948.6219,726.8064,1009.72125,885.94885,947.4641,891.5768,994.92664,1028.6313,943.9963,1039.9641
973.00494,383.62848,983.60364,380.11334,959.0992,381.07828,1000.33923,406.42822,944.6241,409.7102,1031.027,463.2789,926.19055,461.6884,1073.9303,373.153,890.64166,356.08896,1075.2147,264.92792,897.30457,234.73312,1017.5832,683.09973,948.714,683.4755,1008.0729,848.3408,949.119,852.5349,994.37384,1002.3959,947.93066,1007.4133
977.2564,357.39587,985.82153,354.34985,962.3229,355.64667,998.09216,382.37347,946.26495,387.05145,1024.0028,445.19003,932.40234,444.21826,1066.6029,351.2892,888.35504,332.89355,1077.2144,245.24745,898.9615,210.15459,1018.94385,668.52716,963.0425,671.1054,994.0846,826.5612,977.7287,839.70447,961.62506,982.3971,970.04834,997.24347
980.5807,347.885,983.8764,341.0142,962.23846,346.11807,987.8245,361.94196,938.9065,375.44678,1010.88214,428.10114,932.72205,428.1048,1063.7633,348.6515,880.9591,319.03998,1094.0057,253.38089,896.5554,207.91699,1014.6486,647.7852,971.25775,652.8847,976.43286,807.3655,999.5006,828.42303,942.9407,969.95233,982.59814,987.4224
980.49243,350.33917,985.3235,342.36374,962.09344,345.49918,991.397,360.30258,934.5572,368.66977,1021.83386,426.60492,918.4613,422.5373,1080.9607,355.9036,865.64545,329.59543,1097.1738,253.59189,890.4712,225.59363,1024.4564,643.9608,963.6319,645.6326,991.47363,809.6534,982.6663,821.0318,951.99097,974.8969,964.3078,982.8759
975.6482,361.25208,979.93524,352.68835,956.57153,356.11844,984.10187,368.72415,929.469,378.54422,998.7896,434.46854,929.78577,432.1847,1047.1901,350.86536,883.1785,327.4795,1095.8652,255.155,897.35236,225.44794,1013.3333,650.2411,975.0581,654.1038,979.49054,812.1407,1001.5,826.7919,941.02264,974.98956,975.917,983.6629
966.35706,367.88278,971.64825,359.96475,950.5382,362.7771,968.35583,379.8198,944.3253,389.64185,942.73975,440.45145,987.78174,440.8247,926.16943,350.78717,991.3429,341.68698,989.2707,240.81392,976.4338,255.75668,976.68445,650.2031,1003.0575,653.802,961.4563,810.92017,1006.2131,819.08,949.31824,965.9991,979.0101,972.77203
967.47656,378.60562,976.34875,374.43076,952.4197,373.70563,988.07745,397.03302,931.03784,396.31274,1016.21246,454.8163,916.9111,447.07297,1075.2072,376.695,879.332,349.93097,1092.0835,271.86603,895.6963,238.14574,1022.18555,663.7595,960.1666,663.7735,1006.8413,822.15533,973.0932,831.21295,970.11694,978.4933,959.6673,990.7824
960.4691,384.17075,971.04956,378.9505,944.8065,379.65353,987.40784,399.66714,926.46826,401.79166,1017.97284,454.61188,917.1188,448.92618,1072.0602,377.5937,879.37427,353.24597,1090.4938,277.80396,897.83734,255.03877,1027.4905,664.43646,961.56104,664.55,1008.2216,829.84186,963.6561,838.5692,982.21234,990.9179,952.6156,1004.22345
972.33344,390.15292,980.37946,385.1033,956.74365,385.8591,990.1265,405.80667,932.91266,407.84622,1018.7155,458.92914,917.4053,455.7834,1074.2886,381.4727,885.01447,364.49167,1093.7567,284.0284,896.3363,261.2757,1027.4254,669.1466,960.98,670.0695,1011.3987,836.046,964.28107,842.4384,986.3828,996.0365,954.6674,1004.4397
974.32837,397.10312,981.4263,391.4788,957.8969,393.5572,0.0,0.0,933.77985,416.6911,1019.8433,464.81042,920.5331,462.83047,1074.2135,387.47388,890.278,366.28455,1093.4141,288.02655,897.80255,257.4808,1027.6826,680.5239,961.82764,682.1499,1013.66766,848.2954,966.9886,855.94904,992.001,1005.27484,955.4478,1014.05
979.05524,402.91245,987.9329,397.3408,962.6217,398.23764,999.0526,417.01538,938.62744,419.31088,1025.7208,471.66,925.05963,465.78003,1077.7812,392.48328,890.49976,366.5204,1094.4994,288.79947,902.9619,260.5026,1030.9973,687.99774,964.4865,687.86536,1015.79504,858.66766,969.30853,864.4085,988.90857,1015.3284,955.02997,1023.15
979.9142,407.58676,990.02435,403.13498,965.2956,402.42838,1002.99646,424.25137,944.64954,422.90042,1029.5228,476.67398,929.04004,468.92902,1079.9462,394.83426,893.3013,369.23944,1093.19,289.73328,905.25995,262.61536,1033.0737,690.3928,966.5528,689.32526,1020.42834,866.1382,972.972,871.25653,987.7868,1020.3851,957.77563,1030.1489
991.2452,413.05228,1001.25574,407.52292,974.8295,407.49216,1012.0985,427.7125,948.24304,427.80624,1032.2179,481.90616,934.8507,477.54135,1081.1085,398.29156,903.4177,378.7098,1093.095,292.00247,909.34534,269.46967,1036.3073,703.0133,971.65015,703.83826,1018.1431,874.12115,977.57214,884.22876,985.0972,1023.9861,963.41675,1039.2472
998.4401,419.66473,1009.82434,413.521,982.20764,413.07,1022.17456,431.7713,955.27167,430.86404,1039.1393,482.4406,941.71216,479.9408,1083.2708,395.76434,908.3511,382.2213,1089.6947,294.45682,907.8552,276.07507,1040.1624,709.70935,974.6029,710.69763,1021.2658,877.66943,978.261,886.98175,986.6452,1022.6334,965.6796,1036.1638
1005.6187,422.1081,1014.9606,415.46658,986.8556,417.8313,1025.7334,434.10626,958.0481,440.11716,1045.3903,486.44452,950.309,488.1482,1086.0629,396.7477,922.31915,385.85745,1092.6416,295.24274,913.89514,281.00256,1045.2438,711.63605,981.51605,713.08105,1018.5463,886.6817,982.08435,893.4064,988.04535,1034.7972,968.4156,1042.3715
1011.92505,424.44333,1021.0529,418.51932,993.02057,420.4217,0.0,0.0,963.5169,443.50525,1050.8354,488.6373,954.6702,490.05807,1087.4436,396.10107,929.215,386.77203,1095.0446,299.67166,918.49475,284.82397,1049.4523,711.3331,984.50116,711.8439,1025.8876,890.0098,985.62506,891.2394,992.8156,1038.6383,970.657,1037.8552
1014.85767,430.6282,1026.3557,425.23502,997.1552,424.9611,1038.5306,445.24026,967.93915,445.33707,1052.9319,491.12988,958.4097,492.02017,1087.1714,395.41196,933.8046,390.42242,1095.1278,300.65457,923.37054,284.4486,1054.1726,713.1023,989.6552,713.7933,1029.7186,898.06134,990.45013,900.18225,992.9127,1041.3384,978.7852,1042.0585
1024.0157,435.65912,1032.787,428.0885,1005.3205,429.65295,0.0,0.0,972.5435,447.8253,1054.8022,490.2951,963.2327,493.38995,1090.4832,395.62933,936.1383,393.7328,1097.6842,298.27402,923.4282,292.293,1057.4685,717.56213,995.0721,719.2904,1029.9479,899.1508,996.9897,903.23956,993.8301,1044.4867,980.46497,1045.8387
1033.3319,436.60025,1041.3992,428.04916,1014.56055,429.83752,0.0,0.0,979.1486,446.3116,1058.5596,488.83218,966.777,492.79077,1091.3049,397.1827,936.1009,396.77673,1096.8602,299.4192,922.41785,293.1726,1062.2133,715.64813,999.09595,718.1734,1036.0582,898.56464,999.4164,904.1271,1001.6386,1042.1993,981.0433,1045.1188
1037.4141,440.25394,1043.8947,430.85577,1018.5026,433.30957,0.0,0.0,981.04877,448.4784,1059.5237,487.61996,967.3398,494.29306,1090.2485,394.6945,934.91583,396.9192,1091.9851,301.8319,920.3203,290.2393,1067.294,717.6534,1003.834,721.18866,1039.7019,901.3354,1003.3068,905.8599,1006.61224,1046.2456,985.0761,1044.0052
1040.6232,445.1305,1047.0748,435.18103,1021.05927,438.39352,0.0,0.0,984.5472,454.15054,1062.3811,490.97195,972.3587,497.00986,1089.58,399.50427,932.6384,397.65857,1089.0748,302.15094,917.5706,289.6447,1066.8828,718.2554,1004.8043,721.9313,1041.201,903.364,1009.40497,909.7422,1008.03625,1046.9857,987.1921,1046.1332
1046.6492,453.49048,1053.0663,442.59256,1027.913,445.22937,0.0,0.0,990.6636,455.7419,1063.8989,491.8895,976.5508,496.50568,1089.0509,400.26855,932.81696,398.97464,1087.5712,299.56027,919.4412,293.2706,1069.8373,720.23883,1009.8389,723.559,1042.0021,906.58545,1015.1988,912.26166,1008.3747,1052.133,993.6019,1050.4194
1048.193,457.06845,1054.6487,446.37552,1030.2295,449.42334,0.0,0.0,993.57697,456.80685,1068.1326,492.8934,979.47296,498.10565,1089.7576,402.98285,935.05115,405.11502,1083.0322,299.76434,921.3519,299.69275,1070.392,729.83484,1011.36664,733.6191,1046.5001,917.7146,1015.7327,925.77325,1014.59344,1067.8085,997.23,1072.5411
1051.4348,466.6321,1057.3138,454.3288,1032.8265,457.35803,0.0,0.0,994.0935,463.38412,1063.9398,493.84433,979.5322,500.60513,1086.8179,395.57413,931.64026,396.75397,1084.2612,299.32376,917.67865,290.45297,1073.747,727.5762,1015.5972,732.57153,1043.1709,916.476,1022.28186,924.8029,0.0,0.0,1003.3162,1052.9547
1053.5756,471.84323,1059.3486,459.72348,1034.9258,462.86584,0.0,0.0,996.2992,470.1512,1066.5133,500.10214,980.09534,506.834,1088.3002,401.49994,931.9561,401.25,1082.8839,301.31946,916.8944,288.70773,1074.5771,733.2962,1014.57886,738.33105,1047.6075,920.4529,1022.3762,928.3167,0.0,0.0,1004.61334,1052.257
1056.1469,469.8763,1060.7867,459.82556,1038.6453,462.21506,0.0,0.0,999.92456,472.95477,1065.028,504.8047,979.8556,509.90692,1089.4646,404.2477,933.3412,401.7551,1084.4562,303.55435,917.83887,288.0393,1071.9097,733.26935,1012.827,737.6736,1048.0266,921.7324,1022.83234,928.74207,0.0,0.0,1004.06415,1054.2
1057.0237,477.71182,1062.2157,466.75684,1040.2106,468.96945,0.0,0.0,1002.3595,475.06195,1065.3517,503.30246,980.76086,508.98425,1088.1013,398.69672,932.3862,398.16797,1083.2804,301.79297,917.4599,286.12747,1069.0988,736.2541,1010.15265,741.004,1046.5225,923.3581,1020.5297,930.7228,0.0,0.0,1003.49255,1051.9619
1067.7074,445.66882,1067.0372,438.40686,1052.9392,440.30402,0.0,0.0,1013.80133,459.6722,1051.3428,498.71466,985.72064,504.3841,1079.8082,396.2947,932.99194,394.8623,1083.2695,301.071,917.6366,284.0013,1056.8042,734.233,1012.6608,740.0784,1037.8197,925.6787,1036.2422,935.54865,0.0,0.0,1013.8134,1055.2808
1069.7255,458.5675,1069.5612,451.70544,1055.0955,452.9698,0.0,0.0,1014.06555,471.28564,1055.5021,509.7227,982.9547,514.51434,1084.8059,400.4782,928.87024,398.74402,1083.5698,304.72247,916.6575,286.4989,1061.7229,739.6235,1012.60956,744.9769,1040.3936,927.2644,1029.4135,936.33655,0.0,0.0,1008.31384,1052.6835
1067.077,472.58286,0.0,0.0,1053.6698,466.53442,0.0,0.0,1013.9039,481.0903,1039.6134,512.22186,987.9573,518.8392,1063.1881,397.84598,935.98157,397.6793,1068.8708,301.94226,918.5828,286.176,1052.1244,740.6216,1016.875,746.9204,1030.9435,927.64,1037.6895,936.553,0.0,0.0,0.0,0.0
1068.0311,470.9873,0.0,0.0,1060.3694,465.09048,0.0,0.0,1031.1477,479.72644,972.19855,513.4347,1043.885,518.88464,935.1207,407.82568,1055.7961,401.1266,933.18915,291.41397,1048.591,299.4792,1007.1277,746.74774,1048.3497,750.9897,997.7994,942.80585,1059.4915,946.93414,999.7046,1080.0,1032.476,1072.2434
1064.2837,471.298,0.0,0.0,1057.2549,465.49493,0.0,0.0,1026.9564,479.51056,977.9702,511.15594,1028.552,517.7716,952.073,404.13354,1009.86774,396.38986,962.4057,288.38174,990.3648,286.20984,1008.9549,745.2459,1039.5391,750.312,999.711,940.3539,1057.7131,945.68115,998.5371,1080.0,1030.8564,1072.6686
1048.9319,497.56503,1051.1157,485.72424,1032.4253,489.00278,0.0,0.0,993.7076,493.18286,1039.7292,517.4493,978.27454,523.0531,1062.628,404.0083,931.8314,398.75385,1074.245,309.1285,913.16437,289.40405,1045.9487,746.39325,1004.185,752.6633,1024.426,929.15247,1028.948,939.62354,0.0,0.0,1012.1847,1053.4128
1059.9617,478.8514,0.0,0.0,1051.6038,473.06085,0.0,0.0,1012.44037,482.27356,1006.79095,511.1791,990.8962,520.24347,1033.1027,401.14548,946.28375,405.2797,1056.3348,294.1049,925.17615,293.72913,1024.801,752.12024,1015.9307,759.2201,1004.4593,934.3837,1037.1145,946.771,995.75995,1073.6759,1018.4151,1073.0992
1058.4734,484.31152,1057.4613,475.49326,1044.9094,477.3098,0.0,0.0,999.62036,484.73557,1042.5791,512.06647,962.9043,518.14703,1074.9856,403.65015,922.5795,405.24875,1072.8785,305.96924,911.9145,288.48358,1048.6605,746.99634,993.0139,752.76166,1033.5117,926.298,1005.7282,931.4641,0.0,0.0,999.31,1051.2244
1053.2125,493.4294,0.0,0.0,1039.9846,486.24924,0.0,0.0,994.669,491.02618,1037.1606,513.24115,957.2199,519.3045,1070.9601,404.46396,919.26215,404.74945,1068.9988,307.7238,906.1202,286.0221,1041.5842,740.942,985.4793,747.056,1032.2588,921.94507,1001.8378,928.4958,1018.47894,1057.0126,995.3471,1050.5383
1043.079,510.5998,0.0,0.0,1030.262,501.7142,0.0,0.0,985.52527,497.72162,1016.7799,510.87387,958.1219,519.2199,1047.0562,393.00937,924.96814,398.70767,1054.448,294.8486,908.9916,281.25497,1028.8646,744.4268,986.84406,752.1621,1017.689,923.91595,1008.84906,933.51965,0.0,0.0,1001.1543,1049.9443
1040.7229,515.99524,1042.7805,503.73294,1026.408,505.25656,0.0,0.0,979.91455,495.84467,1029.9642,511.9616,949.0238,517.05457,1064.7096,400.63406,917.4987,400.05444,1070.4954,306.8181,903.62335,282.9993,1034.5828,750.1921,978.1972,756.3467,1020.8958,925.24347,994.2418,932.5361,0.0,0.0,996.6636,1049.0161
1050.8192,490.4978,0.0,0.0,1039.186,483.67322,0.0,0.0,994.2905,488.4031,1024.2001,511.6248,955.4119,516.5449,1061.6915,400.30008,919.3107,400.62186,1063.6161,298.53772,907.4726,282.7212,1025.4313,747.28986,978.29376,752.6769,1013.1425,926.7292,1001.68176,931.3146,998.9922,1062.2417,996.5678,1051.1167
1042.1144,499.6214,0.0,0.0,1028.6195,491.43716,0.0,0.0,982.6136,491.48962,1018.5026,512.5649,952.7899,516.84326,1055.6315,398.83585,920.55304,395.6845,1064.7174,294.6294,905.44763,280.6392,1022.5666,745.68,977.73944,751.36053,1003.7514,920.484,998.5543,928.17975,994.28467,1059.1042,997.0884,1052.8466
1032.329,505.9942,0.0,0.0,1018.0827,496.75986,0.0,0.0,977.98517,495.71405,1021.70514,514.8614,953.2147,518.96606,1060.3574,392.34695,917.8991,394.52142,1070.9532,297.898,910.0565,285.46655,1027.043,745.775,979.90265,750.90625,1015.656,923.97406,998.3392,927.2913,0.0,0.0,996.1848,1029.1997
1038.5759,493.92154,0.0,0.0,1026.0139,486.7532,0.0,0.0,985.81134,491.50607,1021.13916,511.60797,953.3063,516.83594,1057.4536,388.2588,917.68085,394.0364,1063.958,292.90332,909.9767,282.07153,1025.0586,742.6139,977.5878,747.93365,1016.67816,924.44495,994.23047,926.4593,0.0,0.0,991.8575,1029.0791
1024.3918,491.12863,0.0,0.0,1016.7193,483.2367,0.0,0.0,990.0396,487.6696,943.966,514.35406,1005.42487,515.6431,934.5725,400.43402,1019.0526,388.99612,952.4945,268.09726,1009.2197,275.52866,974.717,747.6352,1009.56195,751.3572,972.53064,927.84015,1029.3729,936.4803,976.8379,1065.163,1006.7749,1066.0277
1020.36316,487.04544,0.0,0.0,0.0,0.0,0.0,0.0,1002.2313,490.25958,932.4668,518.08356,1023.16077,521.09656,916.75397,403.7362,1064.0782,401.12177,921.88904,276.8214,1083.4889,303.50876,964.95667,744.4377,1017.00867,747.941,965.705,930.3273,1027.042,937.5874,977.8797,1066.4518,998.04474,1066.903
1028.1736,479.45364,0.0,0.0,1019.72406,473.42844,0.0,0.0,987.66235,483.1988,963.07635,511.85617,985.87317,515.99445,979.1975,393.96106,968.642,386.26074,1010.0012,270.1225,938.57214,264.70078,980.0788,747.69745,994.08325,752.2422,973.80725,930.5748,1019.7283,939.7383,970.1369,1067.127,998.70465,1066.4199
1021.61847,478.8971,1020.38525,470.35083,1009.6064,472.06824,0.0,0.0,972.14685,478.02798,986.78436,506.35226,962.1458,509.89484,1021.2387,393.3762,935.94855,387.3284,1047.6075,279.02383,906.91486,269.48215,993.4216,750.85315,976.9056,755.6107,982.62415,932.9405,1007.60236,944.0715,970.2988,1064.9032,994.16693,1067.7793
1023.8765,468.21194,1028.0468,456.4835,1005.7098,459.465,0.0,0.0,957.9069,463.7606,1024.9016,500.20074,936.23785,500.7183,1065.2263,407.3746,910.3264,396.41574,1061.5891,290.21173,897.9161,279.04697,1016.93396,749.34326,955.8899,752.783,1007.8021,928.52216,974.0649,938.6979,996.9364,1062.0801,971.4003,1067.3186
1015.26764,445.11823,1019.6139,436.38776,996.4243,439.10358,0.0,0.0,952.6441,453.92105,1022.83453,501.64975,934.9234,500.49454,1064.888,412.25595,914.37897,395.3685,1063.8877,296.15125,898.8001,278.36755,1013.75195,748.3541,954.76776,750.586,1006.88293,932.9165,977.85846,941.3928,991.2704,1068.5522,970.41583,1074.5516
1000.7985,435.14017,1007.6193,430.29935,982.3777,431.68478,0.0,0.0,945.82983,453.2773,1020.2004,502.961,931.18896,501.96588,1061.8662,407.29056,912.93164,397.32773,1067.7343,289.2937,897.4072,278.8022,1012.4779,746.52594,953.5395,747.997,1004.5529,938.54333,976.5854,943.23834,0.0,0.0,974.2244,1074.3875
985.23785,425.1764,995.09717,423.08212,968.6421,423.45377,1007.53235,448.15988,945.30615,450.5236,1018.693,503.58984,935.6078,501.34418,1058.5386,408.5637,910.6462,397.10925,1068.4592,291.9888,893.7483,279.0398,1008.2381,747.47095,954.67224,748.39734,997.8999,940.8598,982.06976,946.8801,0.0,0.0,983.4568,1077.6841
965.34143,424.03,977.04364,422.3821,950.96014,422.26294,997.1664,449.0359,938.95337,450.75348,1017.50543,505.8178,932.79333,503.00293,1059.5431,410.6522,904.6005,398.2218,1067.6508,294.33115,890.8812,277.9476,1007.69275,749.94434,953.8319,750.08716,999.1623,945.69916,982.9554,950.29926,973.6852,1074.1089,987.20306,1080.0
971.77496,430.0003,979.24036,429.364,956.33685,431.18674,0.0,0.0,0.0,0.0,1008.7595,512.66516,939.98456,514.1815,1048.467,411.38818,911.2748,404.92303,1067.1268,292.54752,893.8477,280.98102,1004.5635,758.5391,960.6094,761.27856,992.2131,951.37134,994.5281,960.91315,0.0,0.0,0.0,0.0
966.1222,435.19208,975.1117,433.12006,951.1938,434.94342,992.7637,458.35272,0.0,0.0,1011.65314,509.15152,937.3138,510.61935,1047.8944,413.14557,906.92285,407.20572,1063.9581,295.35837,893.18134,285.0425,1006.70935,750.37683,958.7935,752.8052,995.6545,945.1194,990.7182,953.33136,968.16547,1071.1714,0.0,0.0
967.4026,438.69693,975.3217,436.69623,951.80115,439.113,0.0,0.0,0.0,0.0,1009.19867,512.8333,938.1973,513.57184,1044.431,417.60397,909.2587,406.30695,1062.3025,300.7706,891.8533,283.6342,1004.5338,752.9167,959.57745,755.1442,990.38385,946.4097,995.6459,953.96265,961.6462,1071.5721,994.86017,1078.4224
974.10535,446.34515,980.996,443.48486,958.9825,445.51465,0.0,0.0,0.0,0.0,1006.1895,512.072,941.89056,513.51636,1039.7351,414.4659,910.76373,405.48853,1059.0774,301.48682,890.31323,284.5654,1005.3001,750.7826,964.82904,753.3977,988.73785,944.5534,998.8233,952.42694,957.816,1072.1803,994.0155,1078.2496
969.4283,453.25598,977.63916,450.14667,955.2781,451.812,994.1941,470.68332,0.0,0.0,1007.6629,514.6504,946.86365,515.69586,1037.5012,415.23047,910.60626,405.3154,1056.3073,302.61148,887.5435,280.9868,1006.4929,753.2866,967.8668,755.35583,987.653,946.02997,1000.1518,953.2101,953.9079,1069.9204,993.67474,1074.0747
967.5156,455.1828,977.52527,451.68488,953.5602,452.94235,998.1365,471.96683,0.0,0.0,1013.7493,514.9197,942.7718,516.09015,1039.961,416.14392,905.0493,408.27853,1055.6077,300.47113,885.3998,278.84775,1011.7584,753.0467,965.4738,755.10974,995.3282,944.68616,993.4699,951.0,962.7514,1070.0134,990.51385,1074.6013
972.40216,464.51193,980.0957,460.41925,958.262,461.93457,0.0,0.0,0.0,0.0,1008.9927,515.90796,944.432,516.94635,1038.3364,412.45718,905.50397,404.83456,1051.591,292.75998,887.21686,278.1034,1013.6847,754.14703,970.986,756.4605,994.123,943.1464,996.4706,951.03644,960.15497,1067.9371,986.96375,1072.7994
975.2341,456.91516,982.7467,453.9911,959.0493,456.03314,0.0,0.0,0.0,0.0,1015.0124,515.10126,936.391,518.1081,1042.5159,412.8743,900.57184,407.4616,1049.9636,297.13507,881.8032,279.16113,1021.25507,753.094,967.7864,756.03815,1005.2829,940.2755,986.3246,946.76404,971.9802,1063.1843,978.0692,1066.3569
966.337,455.30887,975.4767,451.66736,951.50134,453.02628,0.0,0.0,0.0,0.0,1014.0332,511.32834,932.9773,514.11896,1035.8593,416.08365,895.17554,411.72794,1042.7399,302.64462,875.8697,281.74847,1022.80725,748.2371,967.4455,751.01794,1009.1523,943.68713,985.6146,948.66724,975.95935,1064.6056,979.6037,1067.3229
962.6965,445.7854,971.33466,441.3104,948.5292,442.91492,0.0,0.0,0.0,0.0,1015.5621,506.94626,926.8973,509.7454,1042.8989,408.78983,888.6317,400.91785,1047.0643,306.01587,879.33716,279.70377,1022.96765,736.47,962.96564,739.296,1013.64246,935.1266,982.6297,939.1667,984.03516,1065.2781,972.1723,1064.2845
967.5824,441.64746,973.9116,438.29297,952.95306,440.24414,0.0,0.0,0.0,0.0,1012.2095,506.66394,925.39874,510.99115,1040.7719,404.83896,887.0779,399.0124,1044.6284,303.43848,876.08246,276.71796,1025.0172,735.33655,967.3016,739.40717,1011.4929,925.8699,989.3956,932.26874,976.6755,1058.7959,979.38324,1060.6644
961.7749,443.419,967.0501,438.76648,946.05457,441.36295,0.0,0.0,927.1807,465.39395,1006.01886,499.83072,921.9817,504.36438,1034.7125,413.02707,885.15625,408.4165,1042.104,306.61472,873.2798,285.83276,1028.4727,731.7704,973.16656,735.93567,1013.5707,924.93787,992.6876,931.06793,978.6381,1061.9912,981.1344,1064.9039
950.30457,435.28372,955.04486,430.6148,934.1772,433.6724,0.0,0.0,915.05457,459.47025,1000.3398,497.11716,910.3554,499.66132,1036.1371,410.16898,876.70575,396.21042,1040.5665,305.54617,867.13043,276.494,1033.3107,724.097,972.8784,728.5543,1027.9856,908.26013,988.3041,917.0777,1000.31305,1054.1956,975.2416,1064.9081
955.47144,437.31857,957.2767,433.03802,939.3174,436.6315,0.0,0.0,915.18494,462.01987,995.1973,496.04608,909.2919,497.51724,1037.2179,408.5103,877.12506,390.55682,1042.5227,302.57614,871.23236,276.6633,1038.6068,716.22186,980.0003,721.39044,1032.5599,895.3125,990.8734,907.75104,1010.9173,1044.1781,974.88727,1059.5762
948.5993,432.19922,951.10754,426.54373,932.85406,429.4074,0.0,0.0,906.9141,450.25085,990.71027,484.13474,901.0457,487.51202,1042.0452,402.85034,876.2324,391.94843,1043.9432,304.5964,870.3485,283.23276,1038.1635,694.4519,977.0427,700.7893,1043.1735,872.8616,993.6088,888.28546,1021.09045,1034.3657,977.8741,1056.6141
943.8622,428.21155,947.7235,421.59296,928.6247,424.5291,0.0,0.0,907.27277,445.07254,997.37683,474.2118,899.3784,479.84015,1049.1127,391.35736,872.12555,382.3547,1050.9203,306.9192,870.85315,276.42838,1039.7775,669.8356,973.0577,676.2041,1048.0176,857.59357,994.9118,869.2487,1023.9124,1028.1724,979.8287,1041.7648
936.9203,402.11765,0.0,0.0,0.0,0.0,0.0,0.0,0.0,0.0,998.88324,463.37524,900.1328,471.02283,1053.4706,386.1783,868.5381,381.493,1055.6136,307.07065,871.409,278.55463,1043.8704,656.9989,977.6452,663.65186,1049.1969,843.9362,998.34686,854.74915,1026.3936,1020.1685,983.0411,1031.9722
933.11707,394.77475,935.27057,390.34488,918.0908,393.74518,0.0,0.0,901.6588,423.27396,1000.70874,461.51385,895.5751,467.714,1073.3416,391.58765,871.10065,383.145,1073.454,304.16098,869.64716,277.8178,1049.8705,647.13696,982.03314,652.9716,1053.7606,827.3075,996.97174,839.4926,1032.1901,996.95404,983.67633,1013.4247
936.3362,388.46887,0.0,0.0,922.41986,385.74738,0.0,0.0,0.0,0.0,1001.1872,450.76428,900.52576,459.45203,1074.4546,383.03476,875.72754,383.48254,1079.885,302.84256,869.2465,279.25354,1052.4335,638.316,987.388,645.6231,1060.8783,809.16266,1006.244,823.9693,1036.7267,976.5458,991.7611,995.68677
930.7826,366.12094,934.24805,358.53638,914.3724,361.9085,0.0,0.0,0.0,0.0,1002.2858,429.0457,893.0065,439.07437,1076.0938,381.847,871.84973,382.8689,1081.3118,302.25708,875.7922,276.76364,1053.7043,615.48566,982.3825,623.1244,1065.5094,793.1686,1004.1914,806.6091,1043.5853,980.55597,988.34674,994.54266
929.0232,337.29578,933.46844,331.84665,913.9636,333.64536,945.5779,355.35498,0.0,0.0,1002.0903,412.59586,890.75775,420.4947,1082.0776,381.03226,872.18536,382.68524,1082.4801,302.0018,880.2578,281.19556,1048.6721,596.3701,976.416,602.7371,1064.5295,768.49585,1000.1292,780.5135,1044.601,954.37885,989.47943,968.57355
933.8401,331.401,938.04443,325.50424,917.9585,326.7546,947.3736,347.12515,896.98004,352.76132,1000.9226,405.86664,890.44574,409.05386,1085.0215,386.42664,867.70404,381.83212,1086.5376,304.67212,880.3341,289.49353,1047.7323,582.62524,976.58264,586.5196,1060.1351,756.64734,1001.3453,762.11633,1044.5471,948.16174,992.5203,950.8373
929.93524,302.74612,933.9108,296.8067,915.4367,299.59094,946.4683,322.7486,0.0,0.0,1006.0364,386.39294,893.799,391.68146,1085.5087,389.69983,865.5291,386.19675,1089.5607,307.66748,881.415,288.72543,1045.8295,562.20026,973.3949,567.09705,1056.0765,736.86383,998.5529,744.8932,1046.348,926.92126,994.6483,932.7358
937.841,288.35046,943.1194,282.0196,922.0661,284.79227,955.12177,307.33548,905.2125,316.15927,1006.60693,373.94028,897.0489,378.64685,1078.3186,391.52493,867.1925,386.95673,1087.805,312.47562,879.23456,291.38242,1045.3866,548.4547,973.96497,553.3306,1049.0295,723.9599,992.9662,731.3716,1046.1783,909.0075,995.21356,913.2206
943.4191,283.18524,947.0416,273.20535,929.3128,277.43262,0.0,0.0,0.0,0.0,1007.40753,368.49612,904.0952,375.4676,1075.4954,403.8549,863.3096,405.28564,1087.5868,318.6354,881.5668,305.60056,1046.5833,541.4183,976.2627,547.60455,1046.5668,715.13855,995.91595,722.70135,1048.6398,904.73,994.6527,903.4354
0.0,0.0,0.0,0.0,0.0,0.0,0.0,0.0,0.0,0.0,1014.6096,355.97058,903.57904,355.3481,1074.004,406.3714,859.63055,393.4977,1083.3237,311.98502,879.23126,295.7501,1050.069,523.17944,974.69824,527.0156,1051.3121,702.4574,987.7976,711.441,1041.6344,887.63947,983.6411,898.1446
947.6558,262.1097,0.0,0.0,0.0,0.0,0.0,0.0,0.0,0.0,1005.04803,338.62494,904.83075,342.8465,1065.5432,410.237,857.74713,405.01263,1077.7747,324.165,878.5274,302.2522,1042.4415,515.2795,974.78894,521.723,1043.0402,691.331,991.524,701.59814,1037.3003,880.9801,982.4905,885.42834
0.0,0.0,0.0,0.0,0.0,0.0,925.51575,261.4824,963.9478,262.2067,898.69434,333.21167,1017.9611,325.8402,864.9075,393.90887,1064.2018,380.79926,888.6845,304.60297,1079.38,321.42017,967.2248,516.09436,1035.1044,516.4844,976.1164,694.2422,1034.6631,689.24005,991.89154,879.63464,1028.3042,870.0616
973.1139,245.65137,0.0,0.0,961.2809,237.18224,0.0,0.0,941.8797,259.31744,984.506,327.54376,934.7934,327.17987,1038.8153,409.06,880.58844,390.89246,1085.5842,315.89594,876.69836,291.7749,1018.0443,505.2186,991.2179,508.45352,994.6449,695.0208,1021.3585,699.08264,983.85187,888.7303,1011.0412,882.7777
0.0,0.0,0.0,0.0,0.0,0.0,0.0,0.0,960.43396,264.09787,908.2399,338.99524,1011.79175,331.95657,909.4098,414.71887,1038.7448,395.09265,980.23816,303.60812,1028.364,313.24902,969.44385,527.2898,1033.5498,526.0438,973.58777,708.74066,1031.3976,703.96326,974.89984,894.4386,1019.9577,889.7154
951.265,257.91617,955.43115,246.36493,939.2062,249.51993,0.0,0.0,0.0,0.0,1016.1995,343.16528,905.36755,348.47418,1081.8289,410.1112,860.31433,409.78714,1076.4159,321.01727,881.1885,307.47858,1038.4124,536.71576,966.0864,541.67773,1026.3801,711.0206,979.0357,719.6654,1018.2292,900.7394,977.35864,902.7884
935.6507,271.65497,941.86053,260.05634,0.0,0.0,962.1627,277.6849,0.0,0.0,1022.92645,352.2562,912.09796,358.475,1089.0624,409.92255,861.04614,407.89594,1084.4396,331.38327,884.76495,304.83603,1036.8992,552.0871,963.9139,555.6336,1025.9694,721.51056,976.6676,729.1901,1021.8478,911.39374,976.2585,914.1169
957.73505,280.45334,963.0943,271.02393,941.4282,273.56714,970.8917,290.40936,916.8445,298.1333,1017.75,362.04776,898.8494,367.59286,1091.8588,400.91885,865.619,401.46506,1087.3185,317.8419,882.7559,302.454,1038.0399,559.11755,961.6315,562.87103,1026.2004,740.2731,973.07214,747.5827,1014.73627,933.5449,972.0842,936.01245
946.6826,291.9214,951.50336,283.3961,930.1432,287.4303,961.3948,305.47513,910.7053,317.01547,1016.1221,376.86624,896.96106,383.22272,1095.6196,400.04636,865.11896,396.17065,1090.194,313.39114,885.52313,294.60178,1035.0765,576.47687,959.3361,580.2517,1022.12933,762.208,972.193,769.95465,1015.09796,963.24097,972.24854,965.75354
940.56445,323.26172,947.25037,315.46198,925.72797,317.59918,959.8039,335.54282,908.0327,342.39307,1012.2321,401.08533,894.23755,405.8469,1094.6667,398.61615,866.26196,393.76825,1091.0968,317.83752,885.67035,294.0955,1032.5074,597.61237,957.7118,601.1498,1028.3829,775.68787,970.3298,784.04315,1020.87195,971.1034,971.7384,977.13666
936.10846,340.93463,943.81,331.85956,920.37744,334.02887,958.55365,347.00528,901.7339,353.93088,1007.49554,410.46646,892.10767,414.53586,1090.0618,400.61252,867.4915,394.40488,1087.9945,313.4938,886.19135,294.57925,1026.9689,610.97754,953.5076,614.5402,1031.1326,792.0513,972.7178,801.41425,1021.0771,979.7769,968.67773,988.8402
934.3713,355.5227,939.7438,347.262,916.587,351.0465,951.10455,363.79688,893.41943,374.3723,999.35486,425.73636,888.7918,430.9079,1083.8734,399.80798,872.9004,387.0233,1088.0065,314.6612,883.221,285.18835,1026.069,633.011,955.36176,637.9332,1027.8284,807.49365,973.45465,820.39764,1019.9772,982.2845,969.1971,995.0347
936.47534,376.49762,943.60895,369.25452,919.47516,371.55048,955.02795,386.32535,894.73846,392.2024,993.78265,445.0688,890.40533,443.5134,1075.6208,405.5539,869.9319,381.9271,1088.6655,320.9026,883.6009,288.45786,1023.54865,646.76587,956.9396,649.6644,1017.85205,824.9121,976.40826,835.5432,1011.99554,1010.0764,980.93964,1022.0037
935.7193,386.4866,942.2549,380.82834,920.1727,381.4746,954.20935,399.16455,895.40295,401.05328,993.30457,457.30994,887.87054,453.46317,1074.8291,409.2749,875.58527,390.2103,1083.5461,319.0794,886.0164,297.24957,1021.20416,665.5169,953.86255,666.9979,1028.0609,841.49567,979.9126,847.8635,1010.8215,1018.3775,981.2573,1030.27
936.3311,400.89377,943.42255,394.45642,919.9602,395.98535,0.0,0.0,895.14575,415.36533,995.72406,466.4479,888.2851,466.37256,1073.2787,410.49298,878.6701,398.87704,1079.5624,312.42773,886.191,297.55902,1020.8804,680.8566,951.1751,683.74713,1031.0222,855.7033,976.7146,863.68176,1016.25275,1025.5466,979.8104,1039.5095
934.3345,414.6798,941.54083,408.24915,917.60944,409.69473,0.0,0.0,893.3795,428.64102,993.6865,476.42395,889.3995,477.21628,1069.7421,410.45132,880.9269,401.44354,1078.1406,308.7857,886.9975,295.36133,1020.17834,692.7862,952.2283,695.98413,1032.6875,871.18365,980.9195,879.1733,1012.2552,1034.3214,978.432,1047.585
942.06995,425.19446,950.0308,418.16577,923.66125,419.76813,964.5875,433.3622,895.7743,438.24136,995.47363,484.72897,894.65796,486.5172,1064.3882,412.05423,884.9123,404.06158,1073.0189,306.9155,884.669,291.73013,1020.8817,705.54535,956.00574,709.3299,1027.7583,885.26044,988.851,893.84344,1003.4101,1046.61,987.80756,1058.5745
940.85156,428.36032,950.0825,421.39133,922.0077,423.1967,967.9076,437.65164,898.8983,443.68454,996.3135,495.01514,905.3341,495.16977,1060.7958,415.40314,888.8451,402.99435,1071.6309,304.44736,884.97473,293.37592,1018.5394,723.3823,962.3465,726.40375,1014.3574,900.4335,999.14233,910.3666,987.1665,1052.8772,997.7716,1065.9711
951.6618,431.31454,958.27515,425.62802,930.95276,428.8775,971.45087,445.52875,903.39514,455.54236,997.06354,505.74164,910.7414,508.94708,1059.584,416.95212,892.9723,408.43973,1069.5332,300.9566,885.15326,294.2162,1018.8468,739.8282,965.4227,744.4581,1010.9436,917.74915,1003.11884,931.7351,980.1197,1057.8329,995.2594,1073.7035
954.85767,439.9037,965.0255,433.32962,936.1392,434.60687,982.9475,449.9885,912.3858,455.20023,1006.852,505.18442,914.1925,507.86417,1063.53,419.36252,889.788,415.99548,1068.8444,305.0365,883.3627,296.5513,1020.5173,748.2558,961.1131,751.6265,1015.1153,930.1445,991.09,938.8484,986.0363,1063.3562,987.9756,1071.0481
964.5986,436.30234,973.74023,432.38223,947.75726,433.10416,989.2617,454.92087,927.2952,458.90607,1013.8911,512.1815,922.8868,512.8814,1066.9277,421.66782,891.74164,414.57285,1070.8784,307.76108,883.2682,293.1605,1021.50116,758.3712,964.7333,760.6937,1005.5861,944.8588,993.6244,952.2206,972.7283,1067.2871,0.0,0.0
982.8492,442.0331,991.27924,437.13614,963.5178,438.45377,0.0,0.0,933.29926,465.113,1021.6104,516.8146,923.6409,517.5366,1069.5015,418.0794,891.052,405.4923,1070.9802,309.3583,885.3289,284.24557,1027.6671,764.8462,963.5823,767.5205,1012.55316,961.3915,988.1598,967.39075,0.0,0.0,0.0,0.0
988.86975,435.89163,995.65234,432.47354,969.53546,435.51306,0.0,0.0,941.80096,465.27496,1030.2117,511.64212,930.7176,515.44366,1071.1825,417.97266,896.2389,412.20108,1066.6721,298.52206,883.3942,285.12238,1029.4912,766.0811,964.95667,768.8044,1009.754,968.7103,982.4643,973.1737,0.0,0.0,0.0,0.0
967.1582,438.6388,981.31604,435.3624,953.8317,435.3603,1009.97516,457.17896,0.0,0.0,1036.677,508.41708,942.9097,509.2753,1073.2906,416.3778,899.07117,412.0897,1064.5156,298.0147,886.20667,286.8264,1027.8085,760.1941,967.1695,760.151,1005.0022,964.28046,979.79193,967.4231,0.0,0.0,0.0,0.0
971.09827,439.64496,985.8111,436.20218,959.58966,435.68527,1014.6217,461.27692,0.0,0.0,1037.4805,513.39465,950.29144,512.2143,1068.0233,414.01263,902.07294,402.57773,1062.045,304.58585,886.8084,280.79132,1026.9459,757.96716,968.9707,757.4317,1001.26215,966.28033,978.8191,971.506,971.747,1080.0,0.0,0.0
970.3889,436.74728,985.266,433.35956,960.4659,433.0897,1017.29614,459.58484,0.0,0.0,1042.6106,513.47205,957.7121,513.53436,1070.829,413.6164,903.7704,404.21924,1065.2483,306.93704,886.5346,281.52567,1032.9553,760.6004,976.8472,760.0891,998.582,966.83954,980.47217,972.82513,0.0,0.0,0.0,0.0
970.3953,442.475,983.6756,437.07275,959.7995,438.27286,1014.5405,458.62024,0.0,0.0,1041.6058,509.73138,958.923,512.31494,1068.1005,408.35187,902.235,400.7679,1064.3619,304.2866,888.4221,278.48752,1036.3448,756.8385,981.6425,757.6298,999.9723,961.31744,986.42285,968.8838,0.0,0.0,0.0,0.0
971.4434,433.08585,982.8298,428.58774,959.58954,429.91187,1007.5316,451.70636,0.0,0.0,1040.2422,502.04044,947.72516,505.54074,1074.1144,404.80017,897.1332,399.77325,1067.4825,300.2331,888.31165,278.7432,1037.8278,747.24194,976.98505,748.4219,1005.4997,957.13715,984.09814,963.3099,0.0,0.0,0.0,0.0
964.38947,426.72363,976.50055,423.02264,952.67267,424.10605,1002.72314,449.0802,0.0,0.0,1037.3221,503.77707,944.7153,505.8376,1075.8588,410.68277,892.72614,401.05658,1070.706,303.4683,887.4749,279.1839,1038.3138,750.14746,977.86035,751.20026,1003.19714,952.95557,982.6841,960.8855,0.0,0.0,0.0,0.0
969.4741,421.94568,980.2817,419.49622,954.304,420.71384,999.9547,449.6086,0.0,0.0,1033.315,506.78552,936.84143,510.20673,1076.1138,410.69617,893.6358,403.537,1075.86,302.0842,887.2409,278.249,1042.1382,747.80096,979.7293,750.45013,1010.3727,944.88885,988.31744,954.1062,0.0,0.0,0.0,0.0
958.44366,425.14044,968.15704,422.77463,943.40485,423.4687,985.722,451.26727,0.0,0.0,1022.59424,503.27444,924.56836,504.6644,1072.6324,408.59467,890.938,397.55615,1075.4839,297.50598,889.2424,274.25244,1043.4847,723.237,978.88354,725.8602,1025.8744,918.5601,988.08636,928.09717,996.1011,1056.4116,980.0557,1067.1508
961.648,428.11673,969.5232,424.03082,945.13336,425.7401,0.0,0.0,924.33,452.7271,1019.5576,492.9939,917.64685,496.4841,1072.5791,401.01352,888.1778,394.85086,1076.8737,289.7577,888.4832,275.63947,1048.0023,707.4536,978.86975,711.2435,1038.3962,900.69727,985.3361,909.0293,1016.214,1045.5385,976.232,1053.1049
957.5799,422.5895,961.4425,417.8837,940.3157,421.46954,0.0,0.0,916.5416,448.5989,1007.03656,482.78357,913.09534,486.06705,1068.3658,392.8039,887.9163,380.45206,1077.6038,286.3499,887.39417,272.34045,1044.4857,687.87885,980.24927,693.0526,1043.328,875.58,995.95496,889.1281,1023.8555,1034.0859,977.92883,1049.6346
948.404,407.9879,953.5179,404.44888,933.56177,406.5421,0.0,0.0,915.7024,434.06775,1007.3344,469.3269,908.38055,473.12982,1069.924,384.3999,884.28094,376.40277,1081.0945,288.62714,887.0568,268.00385,1042.919,667.5005,975.8458,672.5371,1047.9858,850.4991,993.4951,862.58075,1024.3844,1018.264,979.9168,1034.3322
945.1335,399.54483,950.9815,395.19556,928.90894,396.78757,0.0,0.0,907.368,422.42206,1004.554,459.20663,903.2463,462.014,1073.1512,384.5039,882.3919,377.5795,1087.3552,292.1072,886.5568,274.59576,1041.8541,649.0577,973.15027,653.02405,1048.5063,832.82855,992.1492,840.86707,1024.3568,1011.4823,978.4994,1020.27106
0.0,0.0,0.0,0.0,0.0,0.0,0.0,0.0,0.0,0.0,912.48285,446.63895,1002.7515,445.66327,881.71826,379.36472,1069.8315,372.54788,888.7585,284.23172,1089.454,301.5991,979.7278,640.2647,1028.8751,644.497,993.3009,823.7058,1045.7701,828.8286,976.58624,1002.8617,1023.583,1012.1448
939.09143,374.0386,945.72327,366.5637,921.97766,368.5859,959.40515,382.5053,899.9129,389.43008,1002.7652,430.5196,901.50476,436.5031,1078.5088,387.70032,880.75073,386.4818,1094.6279,302.76096,886.1446,281.15247,1042.1869,617.15576,973.86536,621.57056,1044.5797,797.747,989.39886,805.8496,1019.0874,983.9083,973.2809,990.4455
941.2075,346.26758,945.96185,340.4364,923.4548,342.04233,956.6461,361.10394,899.42395,367.56042,1002.81683,418.71582,898.0745,419.19122,1088.7821,393.55765,880.83844,379.85742,1100.5862,298.60767,885.2318,276.34097,1036.3813,598.12976,969.5792,601.22546,1046.335,779.8984,1001.25916,791.12317,1013.328,963.10236,979.6727,977.98224
940.71936,331.3004,944.6241,324.7359,923.4016,325.39023,953.00195,344.38873,897.4713,348.86884,1000.11316,405.03012,895.17505,403.66214,1091.6655,386.3078,877.39954,373.93716,1102.0063,293.50693,887.8308,278.21585,1036.626,580.87244,969.2366,582.41327,1046.6517,757.17444,996.2998,764.28625,1013.42377,949.9519,967.33417,957.02014
936.57404,316.40973,940.8624,310.0145,921.249,311.3183,952.9437,331.03632,0.0,0.0,1003.5599,391.61526,900.58234,386.06985,1092.3235,385.06622,873.32263,357.71878,1104.3453,292.60822,888.096,261.76456,1032.2432,562.3947,966.8189,562.68823,1037.0941,739.8141,997.0067,747.6998,1009.59375,931.7829,975.28986,940.2955
939.7313,287.6967,946.4636,281.04068,924.34937,282.8566,961.88947,304.1838,0.0,0.0,1014.599,369.63034,904.0271,372.67346,1091.9169,376.81644,869.91876,374.88254,1098.6133,281.30078,888.8947,274.26273,1039.9933,547.9735,967.87445,550.38995,1042.4583,727.24524,984.3976,733.7216,1023.6045,916.0837,968.2759,920.68896
953.75775,263.14426,957.5398,256.6041,935.8136,259.3209,965.0103,282.13168,911.6309,291.45486,1013.1055,350.7844,903.3329,355.84607,1086.8484,371.10406,873.9172,377.87173,1098.0441,275.9718,889.2536,285.46964,1045.9509,531.1181,973.3367,534.5318,1041.3353,712.09204,986.45984,717.46014,1022.41833,898.853,970.0522,899.5587
962.8761,246.01996,963.95,238.78944,944.3096,241.96863,0.0,0.0,914.9524,272.73508,1016.3917,336.7213,907.3107,338.66904,1090.0763,383.35986,876.2523,381.87698,1097.8756,288.0519,888.6063,291.6957,1046.3046,512.631,975.0465,514.45935,1046.62,699.50183,992.7695,700.9142,1022.01495,889.87317,965.5424,884.5816
975.6336,244.31955,976.92175,234.87288,960.75256,235.75108,0.0,0.0,929.2101,255.24788,1016.5996,322.86,908.5392,320.91653,1088.8533,386.10187,873.8442,382.2694,1101.7075,295.86227,892.13055,288.64435,1046.1796,501.4501,975.24866,502.69583,1045.3889,692.691,989.9717,691.89777,1028.6725,888.1254,974.571,879.9536
971.02136,251.77855,0.0,0.0,962.5789,239.78757,0.0,0.0,954.37415,249.77176,968.0624,314.31183,968.10724,311.32455,1004.39374,385.63773,965.57086,381.9516,1072.896,285.00394,963.9277,283.30948,1009.83405,496.77048,1004.6734,497.1993,1022.7697,687.8342,1006.0769,684.26373,1013.7481,876.8115,976.5811,872.95734
0.0,0.0,0.0,0.0,0.0,0.0,936.6662,236.45178,0.0,0.0,909.82324,305.8407,1046.7839,301.4437,869.1711,380.87723,1082.0905,374.67902,889.371,295.2166,1097.1119,295.6155,970.0626,496.24036,1051.2358,493.7182,982.3195,682.88873,1054.1412,684.00824,972.5658,864.57513,1038.7434,879.42444
991.3599,199.66873,0.0,0.0,978.5288,190.80644,0.0,0.0,959.9694,222.49132,957.96594,301.4578,977.2399,300.59735,971.6959,390.73022,933.8484,369.11142,1057.7878,285.1287,917.94275,275.64462,1001.81915,479.35446,1016.10065,482.5837,998.42377,677.57605,1040.3479,682.59985,983.3431,867.8745,1018.6797,872.04785
990.7916,205.56493,0.0,0.0,0.0,0.0,966.43365,216.54153,971.6076,225.94308,931.93805,305.75143,1018.2521,303.08832,912.53796,392.05063,1034.4939,371.6198,970.012,289.08334,1034.7782,284.35532,986.99567,485.87616,1037.9879,487.50772,993.7163,682.0201,1046.1526,684.3778,984.75977,869.73895,1025.2987,872.66766
986.97736,236.4056,989.5498,223.7162,973.1464,226.9806,0.0,0.0,954.7357,244.79308,1015.8578,311.0733,947.79584,311.32965,1067.8859,382.96106,892.1604,378.7001,1115.8965,285.1708,893.1457,285.4064,1037.3064,486.89548,995.2118,489.81702,1023.79266,684.8185,1018.2263,689.86584,1008.4333,879.8156,997.6689,879.5059
982.3199,249.6153,986.56604,238.3138,970.17633,239.38684,0.0,0.0,951.1577,254.75049,1041.6093,322.08945,929.13245,318.9834,1112.4586,386.9817,876.13043,376.71582,1113.754,297.40103,886.8576,276.6479,1056.598,505.74948,983.1013,505.82733,1050.6731,700.3246,998.1823,700.45276,1029.1006,894.45337,983.7984,889.8218
973.61554,248.31369,978.7874,240.38919,959.4886,241.01176,0.0,0.0,937.1085,265.60907,1041.4423,333.01767,918.86743,332.62894,1117.4556,379.07285,883.2938,372.6831,1114.3168,293.92377,897.0595,271.45135,1066.736,521.18884,985.90045,522.7837,1064.662,710.2066,997.338,714.53186,1039.2902,895.06165,987.25696,899.32056
969.5146,266.1409,971.63513,259.32144,952.0512,263.14792,980.70013,283.8071,927.3021,295.00906,1036.778,352.51923,919.1915,355.89294,1119.3892,374.04886,887.6575,364.28146,1115.9333,292.5599,895.2823,267.2915,1063.7216,541.48645,986.1757,543.8513,1063.6838,727.73114,1002.00385,731.7827,1042.5687,909.70404,984.83136,909.41034
956.1995,294.28363,961.2305,286.08517,939.8355,289.38123,976.8935,305.17365,920.7039,314.93915,1032.0198,367.9664,916.98,369.79883,1117.0396,376.50113,882.8918,362.1191,1116.4226,293.7508,898.4977,258.58905,1059.8434,550.87756,983.888,553.4313,1066.3752,738.06647,1004.5477,744.5148,1049.9103,924.2417,992.37036,928.4588
951.0022,326.09473,955.51013,317.39212,936.1097,320.4658,972.1315,332.47668,0.0,0.0,1028.6265,385.39758,913.9479,386.53943,1117.2979,381.70663,884.76825,366.49805,1115.114,297.37045,895.30853,264.16772,1058.5789,563.4003,982.51086,565.69086,1069.6866,753.4137,1009.2054,759.0427,1056.8407,940.01953,1003.895,944.9229
948.2954,333.91187,953.1091,325.41476,930.8553,329.76147,969.1293,344.12485,908.0916,355.1266,1020.01263,399.60547,910.80145,401.45782,1109.3835,376.47656,880.253,359.1204,1108.8402,287.1642,889.218,257.67404,1057.2799,581.45746,983.29785,585.2913,1066.7876,765.6467,1010.46924,775.3416,1056.787,953.8299,1006.828,961.48663
948.5839,356.3564,952.4964,347.41742,932.9332,350.845,0.0,0.0,911.17346,370.85678,1015.048,411.52798,910.8549,412.88672,1101.1124,387.17844,883.7846,372.80624,1106.8279,294.54788,883.4808,267.4063,1053.2946,597.7936,982.4753,601.348,1067.6068,785.8755,1014.455,793.41785,1054.0885,970.26416,1009.064,978.1157
943.51355,371.3814,950.05994,363.2049,925.7549,366.83478,965.53546,380.66162,905.4069,390.52853,1009.204,432.19693,908.2317,433.86493,1093.7775,387.6214,891.71655,370.05234,1111.2958,298.70142,891.7857,273.96487,1044.397,618.079,976.5022,622.2558,1058.7693,803.1934,1006.94275,812.9938,1057.6885,987.2059,1007.9185,996.65
942.208,384.50354,949.98395,377.74072,925.0419,380.12296,965.6736,397.74316,903.4878,404.7079,1009.66174,446.32858,900.79285,450.43747,1088.0066,383.0516,884.84717,374.57642,1106.2223,293.5091,891.67554,270.60617,1049.243,636.59607,975.7674,642.0474,1062.3998,817.6559,997.9052,827.9628,1057.354,999.25745,1001.8671,1010.5798
943.04956,404.56485,951.20166,397.14294,926.4939,399.2775,966.9315,412.12347,905.6475,417.97214,1005.3871,456.62366,904.3384,457.0631,1080.7859,385.10837,883.1895,367.13095,1100.46,291.64456,888.31366,265.02457,1040.6854,652.51166,973.01025,656.8193,1052.2657,831.739,999.0519,842.21436,1045.4619,1009.60913,999.28345,1021.743
940.4048,405.01547,949.561,399.53036,923.5468,401.4016,966.27783,419.20102,903.4855,424.34564,1004.571,467.38672,901.2984,465.00732,1073.5671,393.44287,880.2029,366.01468,1089.9159,297.09595,888.4296,261.79364,1037.3518,669.1,967.5826,672.58923,1048.4192,846.21576,988.23566,857.9695,1040.3342,1017.80054,987.3693,1035.1073
941.18744,409.41696,950.58185,403.3818,923.3064,405.57452,967.8276,422.76892,902.738,429.3371,1004.5606,473.31665,901.1073,473.43732,1069.4369,391.36862,880.964,371.46426,1081.6292,285.31857,885.44275,258.57852,1027.7504,683.3613,958.8252,686.8445,1039.683,864.9311,985.804,874.8913,1023.16534,1031.145,979.6696,1045.1913
948.02875,416.26596,957.40436,409.50778,929.629,410.72208,973.7472,426.78152,902.8537,430.19498,1005.75464,481.17126,897.07806,478.21613,1066.4379,400.0766,881.1464,380.44034,1071.0483,288.18616,883.0364,265.9217,1027.1389,708.9166,954.4237,710.42194,1037.8949,887.13995,971.25775,891.12305,1022.1473,1042.513,968.30756,1050.3103
950.92566,411.9331,959.3636,406.32645,930.1829,409.2291,0.0,0.0,901.8267,436.08493,1005.79944,486.97937,899.8947,484.5448,1061.0468,404.29242,882.72736,379.19934,1065.5596,287.38647,878.17755,260.31995,1021.1518,721.5284,949.6313,723.03296,1025.6292,899.9079,963.8083,906.3926,1006.5127,1049.2727,953.5868,1059.787
953.7635,413.7761,961.9951,409.5065,933.70496,411.2025,0.0,0.0,904.28876,437.9732,1003.8668,489.31897,898.9755,486.6356,1054.9135,406.36572,878.0812,385.23468,1062.0256,293.05505,867.7755,263.17505,1016.1605,728.38196,945.31573,728.55347,1012.94006,911.72003,952.5495,912.7244,986.81415,1056.8435,939.63837,1057.6078
957.8002,416.5721,965.7492,411.2439,937.52075,413.648,0.0,0.0,907.8338,439.0004,1003.71625,486.4965,901.13617,486.3971,1050.5094,398.45764,868.81683,384.4924,1059.2009,284.09177,858.3761,262.49777,1010.89526,729.1208,942.69696,730.2786,998.64703,913.8509,949.69336,917.1275,967.84424,1063.4905,934.08075,1064.8763
957.23975,413.95435,966.03503,408.91324,937.59564,410.407,0.0,0.0,907.8062,434.30914,999.664,485.41434,902.6254,482.94727,1042.8063,405.79047,867.0694,383.8873,1055.0416,298.4238,846.4576,259.62607,1008.25494,734.3627,944.1413,734.3861,982.8573,929.0779,944.85205,931.25684,949.79974,1072.5497,931.5029,1072.0205
959.9361,413.5254,968.5139,408.3903,941.0308,409.714,0.0,0.0,911.4102,432.6201,1002.1462,482.77408,901.5844,481.12686,1041.8666,401.86258,864.9916,385.4955,1047.9564,289.9669,843.4146,260.41003,1005.29926,732.27136,937.51666,731.6805,981.9654,924.83044,928.942,925.4764,949.6443,1073.8162,910.4491,1072.8638
956.9077,413.02005,965.67725,407.6829,938.5977,409.98386,0.0,0.0,911.83527,433.27005,997.57,482.5462,903.16205,480.7796,1035.8287,396.58615,860.8035,375.39166,1044.824,289.41333,841.8477,258.57108,997.75366,731.11835,934.9027,731.27155,962.89606,926.5536,926.58624,932.5221,929.6432,1072.8555,908.37695,1078.6906
957.24304,412.67398,966.18933,408.11682,939.71436,409.64603,0.0,0.0,911.84125,432.80063,996.1841,479.8626,899.5392,482.57346,1032.4102,383.74887,860.9379,381.774,1039.9315,275.71967,839.4628,265.62408,995.2222,729.3672,929.6367,730.14435,961.5062,922.7443,911.5621,926.22034,929.2771,1069.5857,894.0152,1072.0383
951.943,409.95346,961.7276,406.05212,934.94,407.00034,0.0,0.0,910.8893,431.4508,997.0684,482.9957,896.3788,480.2821,1024.1072,389.8542,851.311,372.80936,1028.4738,289.45074,833.8418,262.80804,992.4525,730.7112,924.4816,728.8431,957.5585,921.7596,902.266,919.5443,925.1831,1066.9061,884.66205,1062.3044
946.2138,408.97836,955.9347,405.51453,928.69104,406.4881,0.0,0.0,902.7364,432.15857,989.88776,481.6682,889.2869,480.31732,1017.6894,384.23047,848.1372,373.486,1018.10767,275.97647,831.6338,263.5566,988.7615,731.81195,920.04004,730.80634,954.35565,923.3573,898.7262,923.6177,921.49316,1068.9011,882.38654,1068.2582
919.8704,402.79752,927.08923,399.06546,907.6022,400.54306,0.0,0.0,0.0,0.0,964.9962,482.14062,890.5013,482.67786,1003.1423,389.16534,843.21045,373.53186,1017.7299,295.8685,825.94635,257.05554,975.79877,721.8529,925.3317,723.54126,933.5514,913.85925,919.7319,923.5762,903.93335,1049.614,905.5327,1054.7775
905.0263,407.0172,912.6125,403.02954,893.5814,405.22733,0.0,0.0,0.0,0.0,954.1115,483.35352,884.24286,486.6107,989.8314,378.53265,835.4294,371.86926,1007.22534,277.0974,817.0573,253.62091,967.52325,719.6839,921.4486,722.7467,919.02246,911.95935,917.6752,925.25433,891.6187,1046.7661,909.10114,1057.5298
893.2513,408.68164,901.4488,403.70795,878.447,405.05768,0.0,0.0,861.34064,430.8143,944.5194,476.38403,854.9479,477.35828,992.21155,378.08826,815.6291,365.33395,1009.10925,276.21585,803.7268,247.27327,964.5572,710.6561,903.7866,712.8873,934.0018,902.2379,900.3369,910.2556,907.6429,1044.1276,888.5184,1049.2534
879.8894,398.15527,886.04114,392.96045,864.8802,395.54352,0.0,0.0,850.49854,423.7013,934.01245,469.8285,847.63776,472.4056,985.81915,377.41318,812.3189,362.88528,1001.5655,278.2067,797.9477,244.16368,959.2262,706.95233,901.3406,710.0171,934.98346,891.7973,905.3441,900.7817,907.2444,1038.8988,889.64703,1045.965
875.4827,397.81018,880.2821,391.83884,860.1684,394.48373,0.0,0.0,842.4062,419.9914,926.61145,464.37042,837.2958,465.13586,984.2891,377.97784,802.8569,358.73972,1002.3749,276.18524,792.7561,241.89987,958.4393,692.3432,898.0915,695.7094,943.38043,872.03394,905.02704,882.49,918.46936,1028.1868,885.5419,1038.6604
859.9801,392.56314,866.3337,386.55908,845.81,389.52295,0.0,0.0,0.0,0.0,926.4436,456.35086,829.6385,457.70914,983.7915,373.37888,793.6094,354.90665,1001.6316,273.8691,796.02893,239.96957,957.3095,671.30365,892.7051,674.48834,944.0374,854.0003,898.9269,862.8281,924.267,1021.66846,886.4391,1031.1956
861.87146,384.91553,869.06213,380.01703,846.98456,381.03186,0.0,0.0,829.3054,405.63593,923.8883,448.76678,819.6708,449.99908,985.14386,362.34113,790.22296,352.66663,1006.4121,265.54498,796.2933,240.92465,955.29016,656.77496,885.0883,659.7702,951.62476,833.04987,892.66833,838.8538,926.4604,1004.625,880.7349,1010.9727
865.485,375.8404,870.26996,369.59915,849.373,371.3003,0.0,0.0,824.9119,392.83533,911.0016,436.85275,819.03723,436.23828,983.0872,355.37054,788.24414,339.3772,1009.19275,263.22968,790.65643,239.95053,943.2433,639.35516,884.7691,643.16724,927.77496,815.8059,905.6413,829.4434,900.10333,988.48425,894.7681,1003.1748
855.3175,346.11392,860.0931,339.87003,836.95905,343.30954,0.0,0.0,812.31396,369.71368,909.58563,418.1402,810.3858,413.0043,986.6679,357.46875,781.0525,323.0656,1007.0812,261.45404,791.0689,234.80266,940.48425,623.497,875.8766,625.5299,930.0308,797.0069,896.556,810.92487,909.4626,972.87476,882.78925,990.55115
857.0061,336.49066,862.1985,329.80978,840.6665,331.07855,0.0,0.0,816.6709,353.13577,913.7313,404.89087,807.86224,400.71277,992.72797,352.2879,786.73975,328.8707,1005.0487,250.75851,794.39026,227.13274,939.5345,608.8962,870.52844,610.30853,942.6257,791.3075,890.7906,800.97034,917.1376,973.16534,872.7111,987.4435
860.0949,320.09683,865.2631,313.60086,842.99036,314.3901,872.91614,333.79736,815.0017,336.83902,914.2822,395.684,805.43134,388.76312,1000.4089,352.9176,784.6135,325.64447,1008.9375,246.50328,795.5041,226.56647,939.69586,593.84796,869.267,593.66,940.56354,774.54694,887.6009,781.96655,916.8378,959.4524,870.1766,970.97534
845.3877,295.29,853.0095,289.81854,828.9795,291.17023,868.1453,313.87527,811.3766,319.05048,917.69257,378.104,805.63385,373.5194,998.6783,347.56732,781.67523,323.40298,1005.5299,242.08481,796.3232,222.95334,939.50867,576.479,866.8306,576.2979,938.00995,756.3653,882.5776,762.76886,917.2114,933.32666,871.4579,943.62506
850.43134,285.9428,855.65533,279.89246,833.8129,281.43576,865.8591,303.00836,812.2813,308.21164,912.83276,369.21848,807.7769,360.73553,999.35834,349.67386,780.6795,318.2028,1006.5495,239.91537,794.7389,226.13544,940.1172,555.39154,872.19257,554.0335,931.2543,734.6309,885.5953,742.14594,912.50134,918.5092,869.5005,930.18225
858.57495,276.38483,863.07227,269.1329,842.3766,270.58136,870.1094,289.75662,817.0838,293.99954,913.488,357.17252,806.4476,346.93793,999.7777,350.7658,777.0973,316.0419,1005.8749,242.24323,796.90216,225.85703,938.85223,541.2486,868.6829,539.72723,933.2177,712.84186,880.81494,719.6941,922.16864,892.6765,868.3581,902.4481
858.2584,244.41808,859.516,238.31732,841.14514,242.19603,0.0,0.0,818.9109,274.10892,917.235,336.37665,811.70386,329.07263,1000.66504,350.23438,778.9781,317.03815,1002.21594,244.34038,799.904,229.28522,934.3219,516.40137,868.2234,515.65674,927.33527,693.59863,895.13824,701.99164,903.4724,873.9132,873.34485,884.1504
860.30493,233.68002,865.5024,223.34743,843.3532,226.5597,873.9158,245.12416,820.70856,254.52823,919.48047,320.03986,810.1163,322.54144,1001.6596,349.16574,774.43036,340.92065,1004.91174,247.62694,789.1562,236.35876,941.11743,505.29456,867.3782,508.29364,939.40967,683.6433,886.9606,691.22473,925.10706,871.7915,872.51355,874.9064
858.88,232.30861,862.83844,222.89598,847.54504,224.44698,0.0,0.0,0.0,0.0,924.5772,314.82904,816.46674,309.46408,1006.53955,352.5466,768.71985,334.3584,1005.2397,250.7325,786.37976,241.51419,937.7714,495.75458,865.8499,494.80225,937.82764,674.6546,886.6112,675.74585,925.92706,861.2393,872.641,857.7329
878.6038,196.51794,0.0,0.0,864.1011,190.39807,0.0,0.0,834.3098,218.72536,925.2444,292.02762,804.28973,283.961,1005.1903,341.20578,767.6253,321.3047,1003.00696,239.61745,794.38074,229.55005,942.9331,478.65192,863.67664,477.7262,947.3215,659.092,885.1443,660.21643,922.5339,845.6759,866.41077,844.6813
879.82764,201.32341,0.0,0.0,867.3531,192.2397,0.0,0.0,842.7571,210.4585,920.83813,280.15796,813.19196,273.54965,995.26886,342.63403,763.5809,325.29483,1005.62244,244.11447,787.42126,232.44353,935.02374,464.53015,866.6543,465.26944,936.1194,640.89496,894.9155,647.0398,912.3743,826.1175,875.17804,831.7261
873.20764,204.47673,0.0,0.0,862.0242,193.73506,0.0,0.0,845.4379,203.77301,919.50146,267.02142,819.6131,263.97998,985.9377,341.89685,764.42566,328.7308,1006.11035,246.90431,784.68353,224.82236,931.62634,458.8129,869.5468,460.718,929.3282,637.0756,899.6843,642.0804,907.9755,829.331,883.6277,831.60266
0.0,0.0,0.0,0.0,0.0,0.0,0.0,0.0,0.0,0.0,804.35455,254.95177,940.6872,252.63918,758.6523,319.92316,986.80536,316.47256,779.08685,233.99991,998.3573,241.23712,861.0685,455.36444,943.0058,455.78696,878.3764,636.4609,949.9746,637.9711,866.6177,818.5901,939.7156,829.97723
887.12225,151.26105,892.64374,141.89307,871.2142,142.09586,0.0,0.0,840.1943,168.15005,932.17865,253.67413,808.4125,247.578,987.5557,335.74127,761.464,322.56412,1002.8656,246.23146,782.5714,228.40431,949.4122,443.34653,866.94073,444.95123,955.74115,628.3685,882.0363,631.5744,938.1393,816.24084,874.1575,818.39044
887.93286,150.56895,893.9998,141.00963,871.70825,141.04666,0.0,0.0,838.8157,165.65909,932.0081,251.46887,808.8236,247.59705,987.65533,333.8815,767.4258,325.81097,1003.13367,245.09596,782.551,228.39304,951.3798,444.62488,869.19086,446.85626,955.3513,628.7284,880.6831,632.486,938.0081,812.1616,875.3342,815.5036
887.1642,153.93452,892.74207,144.99774,871.16846,144.99165,0.0,0.0,838.6625,170.85374,932.16583,255.47946,807.88477,252.20757,990.55865,330.8849,766.8183,325.5423,1003.6624,237.47403,783.0478,226.58963,952.201,449.1486,869.5721,451.56403,955.19116,632.5263,880.85706,637.5361,934.2396,815.27295,873.32324,821.0383
870.1139,206.25201,875.2044,193.23134,855.5655,195.2045,0.0,0.0,834.2264,205.20895,930.9763,265.75043,811.82983,265.96896,996.85034,328.44345,760.9662,327.43933,1007.06104,233.05797,785.7678,226.7687,949.2419,456.72583,871.07245,459.18204,952.73755,636.0308,887.3002,637.8143,935.63745,829.1074,875.34375,825.1017
835.5365,189.84581,0.0,0.0,0.0,0.0,869.0893,198.16841,0.0,0.0,934.9768,273.72473,815.19696,272.76117,1001.9843,331.7643,754.30475,317.1031,998.7005,235.57246,784.3504,216.86688,947.4782,464.4398,869.24634,465.35425,950.9089,641.3702,884.98773,646.1592,938.3167,828.9516,873.7846,833.6847
863.6735,199.26697,867.5856,191.19284,847.35614,193.79308,0.0,0.0,822.24634,221.21394,925.2902,287.24084,805.11694,286.1731,1004.2299,323.35107,761.6908,311.44263,998.5079,227.24443,782.47156,215.40753,950.42346,469.6364,871.27826,471.77264,954.9754,649.7619,887.4036,656.3628,936.9214,837.4495,874.64325,843.418
864.36676,225.74104,869.324,217.74074,848.7102,219.36955,0.0,0.0,823.0239,244.20297,919.0985,305.222,801.7955,304.29858,1000.336,320.9668,760.08795,309.47757,1005.46655,234.74777,782.39526,211.61096,943.8759,486.02438,864.6083,488.57675,955.2571,664.1906,882.2489,670.13104,946.5831,857.4104,874.4865,861.25055
851.5227,239.7525,856.9269,231.20956,833.62427,235.20763,867.1644,250.5707,810.32666,261.6795,915.4098,315.6949,800.0025,319.6218,994.1356,319.0494,764.1664,306.55606,998.7667,238.49821,780.4091,208.63835,943.03986,504.72733,865.11865,509.0212,956.49304,689.0906,884.46484,697.4421,950.58295,875.19086,874.23016,881.6052
848.2433,262.64267,852.997,254.12613,831.30634,256.99054,860.91925,270.55804,804.943,278.4624,905.2154,329.28845,793.7229,333.07397,987.8375,317.8543,766.9015,308.52585,996.0855,235.04205,781.2753,207.48587,939.1784,522.9282,863.103,528.0113,958.83075,702.3697,883.8785,713.0774,950.00226,891.54364,871.165,902.92365
844.8734,280.9518,850.97626,273.94504,828.52576,275.8616,860.3322,292.1701,803.8826,297.4966,903.55817,350.1668,791.29083,350.6436,984.6237,318.12717,760.4588,301.51776,993.5521,234.36003,780.44586,205.28723,938.5512,548.8951,862.5718,553.7432,957.90753,726.4633,879.6801,741.0704,948.77,911.5857,865.28986,931.34753
851.3566,293.90564,855.1707,286.9985,835.1675,289.51157,0.0,0.0,808.4603,311.35635,897.19446,365.1556,792.9708,362.1147,982.1313,319.75357,764.0426,293.62125,995.64716,234.02023,777.48456,201.76155,920.7363,568.8642,853.3814,572.891,941.87823,751.7752,889.8582,765.2527,937.9054,945.89795,881.9609,963.3912
851.1299,312.50293,858.3465,303.05685,833.61383,306.87057,869.5426,318.7631,807.8258,328.12964,908.55725,375.24728,795.4993,379.58817,989.12604,319.79315,756.65826,306.73868,998.59735,240.13152,773.72595,218.935,934.7815,588.4318,856.219,594.81885,954.04156,772.54834,878.9905,788.67926,952.44934,963.13513,868.9475,981.08276
852.90857,330.79193,862.21313,322.66174,834.764,326.0307,877.6401,340.11972,806.14636,347.18744,907.932,395.9015,797.385,402.80997,976.97314,323.275,762.989,315.32977,987.2516,235.95433,773.454,210.6129,935.0398,613.734,859.82104,622.79144,951.9862,793.3167,876.5107,816.51624,944.06616,975.3615,871.6888,1005.54535
858.6455,339.63147,867.273,333.4904,839.6274,335.05728,878.8339,353.86307,810.0425,358.68652,909.72363,414.87463,796.7408,415.17172,967.9105,334.5958,771.32544,314.3519,973.9653,238.79407,778.6191,198.47115,927.52026,645.0327,850.98175,649.46277,946.12683,831.03,864.7557,843.80646,928.64764,1000.45465,846.6479,1019.1918
863.7331,355.5359,872.86487,349.62497,845.74384,350.6707,0.0,0.0,815.6269,371.63766,908.4417,422.9588,798.803,423.2528,962.4426,333.6887,769.6564,316.88342,968.274,235.66154,775.064,198.26154,920.85223,660.83704,846.0539,665.55634,937.89136,843.32007,861.10974,856.4407,920.2559,1013.0257,848.37634,1031.2175
870.78,356.1644,879.7269,350.88354,852.3267,351.59247,0.0,0.0,820.4621,373.7681,911.94916,429.1161,803.22,427.66116,962.12256,338.71008,771.65735,318.2308,969.21826,238.22946,771.66895,195.16127,921.5591,672.8242,848.07666,676.16187,929.73047,858.8822,860.0929,868.539,906.6771,1021.39844,846.7295,1033.9988
882.2205,363.5594,891.2498,357.92642,863.41956,358.1938,0.0,0.0,828.2155,379.42267,918.72217,434.2386,807.1101,432.7794,962.0786,337.17383,778.0005,319.76736,964.8574,233.50655,771.4073,191.51903,918.6231,684.453,842.27,686.24677,928.2927,869.6836,851.9033,871.997,902.11615,1029.2152,838.0477,1030.4727
890.2357,360.14374,897.88995,353.3499,870.3177,354.932,0.0,0.0,832.62524,376.57675,920.2275,432.33527,813.3516,430.88452,961.0087,335.43033,784.0498,315.4642,964.3653,232.58287,765.3391,193.64096,914.15497,691.5128,841.4195,692.53534,919.3561,881.7387,853.20685,881.49866,897.1102,1040.2637,838.02576,1036.2766
897.05035,360.72733,904.9126,353.94894,878.2041,354.7217,0.0,0.0,841.4526,375.23505,925.30286,433.78674,818.30316,430.5479,961.95593,334.96732,785.4754,315.53403,966.7259,225.7936,764.6226,190.55481,915.40216,694.1177,842.1753,693.7721,917.86395,883.45715,846.4852,880.10944,894.15967,1041.5033,828.4495,1034.6672
901.61096,359.90103,908.8317,351.4292,881.1579,354.17505,0.0,0.0,839.29504,375.93713,920.79877,431.90277,822.4373,430.32797,952.90155,332.53387,785.9564,311.34882,956.4036,207.51704,760.1814,191.38678,915.284,687.5036,848.1565,688.4954,894.8627,875.01965,841.618,882.3771,878.40216,1035.4175,824.213,1043.6971
902.2808,359.45544,909.6295,350.98923,882.2637,353.50754,0.0,0.0,840.7986,374.62723,920.12585,429.39627,822.3296,428.8004,950.8039,329.1889,784.74023,312.96677,957.38824,204.08295,759.9624,191.90652,912.93646,684.83124,845.8131,686.11395,893.0878,869.5227,836.9195,876.98236,876.497,1033.6542,818.7532,1041.9102
900.4336,357.72098,907.90283,349.39676,880.4257,351.82645,0.0,0.0,837.49646,372.58044,916.4598,426.25436,819.3434,425.47827,948.9785,324.48578,781.6352,307.11487,955.1931,201.5214,755.03705,188.75061,911.53015,680.4428,844.56836,682.23956,889.5901,861.3893,833.35767,872.54095,873.54474,1028.8606,815.6349,1043.1716
894.17834,352.52893,902.61566,345.50015,874.4669,347.31213,0.0,0.0,833.1995,370.29477,914.3046,426.26248,815.85406,423.58652,950.16266,324.5664,775.8208,301.96417,957.7597,204.01822,748.88007,183.98378,911.4796,674.9879,843.8782,676.4667,889.25854,853.58185,830.48883,866.7648,870.77,1022.5207,812.80023,1041.9613
880.2356,349.72742,889.7436,344.2154,861.8077,344.7051,0.0,0.0,823.86993,367.90778,910.0196,422.8954,807.1493,419.985,952.33435,324.9776,771.9978,305.3598,959.08594,208.28636,747.621,186.7028,911.827,664.09467,841.29675,664.86383,889.5823,850.19,825.4644,860.51166,867.97705,1019.5214,811.8258,1035.7675
861.8363,349.96106,871.07324,345.88083,843.14813,347.90314,0.0,0.0,814.1898,372.17545,907.6614,415.847,802.86993,416.79803,946.3766,318.96014,772.1719,302.7519,958.5028,215.7889,755.3744,176.03784,912.32245,663.218,840.9141,664.4689,889.8628,850.1671,827.32184,853.4368,862.42847,1018.64813,817.7659,1022.82587
836.89075,340.0697,849.3955,339.4035,821.3876,339.0785,869.5695,366.84158,804.7335,367.58325,901.80945,414.81952,794.88885,414.48047,941.3441,319.98706,768.16925,304.24112,955.44434,219.82439,752.10187,173.35593,906.5497,650.2746,833.8532,650.34,891.3571,838.9283,819.0952,840.07196,864.8584,1003.51245,815.90533,1009.5248
833.55835,334.9572,845.5886,332.3849,816.02844,333.48566,865.3869,355.9844,796.93286,360.4402,895.979,405.69418,792.0119,409.57297,935.25916,314.5494,765.7811,306.09338,954.1405,215.09854,749.9937,174.55698,902.7261,645.47516,832.7221,647.4418,886.73566,827.1415,822.97046,830.2632,859.26733,995.2416,817.44366,1000.812
835.99225,326.43768,844.0844,324.8532,817.6038,327.20523,0.0,0.0,794.0061,358.4567,889.4024,404.7496,787.061,408.21417,936.9645,313.76883,765.2615,301.54333,956.9275,211.21336,750.38324,172.8172,900.3543,640.39746,832.49615,643.25775,884.6098,816.9324,829.4797,824.229,855.42944,985.21655,821.0292,997.4173
833.15466,313.25986,841.0249,310.9013,815.7909,312.51984,0.0,0.0,790.28217,339.9498,885.2917,389.0365,782.0567,390.50995,944.11163,305.0068,762.1463,290.37433,960.9595,202.4931,752.1701,169.35394,903.2621,616.4498,834.3054,619.5767,890.13947,792.9106,829.53864,806.50543,860.35785,954.92596,817.3997,979.9517
833.9434,302.80072,838.7492,297.36127,816.9011,299.9558,0.0,0.0,790.2089,322.70975,884.738,373.54504,780.9659,374.96396,953.9455,302.33542,760.48303,285.39563,964.2278,202.3369,753.7178,171.23567,902.7592,600.4896,835.19025,602.6426,889.4456,770.98004,835.7806,781.30615,858.2254,935.4503,816.5581,953.18304
828.8659,284.2932,832.0027,279.22058,811.6473,282.6367,0.0,0.0,785.9255,309.0054,882.4931,361.42996,777.04047,363.86115,961.0695,298.28403,756.5618,283.3667,968.71606,197.96706,750.8949,175.47322,901.9322,577.92737,834.9275,580.2017,887.8708,752.1273,839.783,762.98236,859.1865,914.4635,821.2059,932.75446
830.4256,269.0627,835.609,264.35168,813.2243,266.35898,0.0,0.0,786.8857,292.6225,886.4586,351.74673,776.5243,352.0774,965.6446,294.24167,757.0424,278.2948,972.52167,194.97597,752.50415,173.09373,904.2935,570.3802,834.12744,571.9061,893.06476,740.30676,839.52234,751.3469,859.9596,898.6547,822.39777,919.84406
832.89777,254.59993,836.64606,249.16296,815.8647,251.25089,0.0,0.0,787.0119,277.12317,887.39526,338.08597,776.6666,334.70013,972.99176,295.89264,758.5199,272.8865,976.491,189.65044,753.59125,166.052,903.8745,556.3603,833.12976,556.35425,898.5339,729.05676,848.1799,737.0589,862.07574,886.7067,830.7712,904.0488
835.20776,237.95613,839.3313,232.67386,819.02765,234.05865,0.0,0.0,792.6345,259.60428,889.80145,322.1902,776.3081,322.52316,976.36505,284.67328,754.3592,273.66122,984.9619,188.5459,761.5392,169.25308,903.4541,540.2412,832.7758,541.5311,889.3098,714.5126,846.95404,723.61914,849.7302,873.9492,831.6158,888.6713
837.4876,234.75496,844.47144,228.1818,822.3452,228.1306,854.88025,250.0198,795.3049,250.76926,897.3099,316.5168,780.2245,319.418,983.9491,281.83862,755.9548,279.99976,982.9554,189.36581,766.3045,174.95801,912.0619,527.2073,836.84827,529.77026,909.9069,700.39417,848.97656,710.0795,871.333,859.97314,830.54614,871.42755
838.6192,216.92313,843.5999,207.95132,821.65283,209.73438,0.0,0.0,791.2339,231.4601,894.87213,299.0845,780.05994,299.0456,983.1458,279.6087,758.13226,263.0364,987.0268,192.02835,772.2041,164.44498,912.6987,507.389,838.3411,509.41992,917.628,679.20935,858.4915,686.3518,886.44,847.57916,836.3635,852.86096
839.484,200.41449,846.9298,191.47185,823.3065,192.81053,859.2812,210.96507,797.0482,215.04004,902.9116,282.78262,785.8677,288.87393,986.7983,284.1567,767.5556,285.78748,988.0219,191.27266,781.936,169.97476,920.2324,489.44202,842.5349,493.5525,930.0074,662.54785,858.5156,670.7906,900.269,832.0478,842.918,840.0396
846.3424,189.59418,852.965,182.62921,828.75,184.59398,865.7359,201.872,803.146,208.70027,910.5932,272.14417,794.2692,276.37592,994.6917,277.97537,781.7073,275.146,994.96826,184.70453,794.1392,170.26584,922.09863,477.66452,847.0996,481.03162,937.57654,648.9137,871.11145,660.78815,908.9467,812.0076,854.3061,831.5504
856.4304,179.67798,863.3465,172.72604,839.0385,173.89105,875.3202,192.8027,812.0281,197.57968,919.25775,265.34756,798.75336,267.34464,1003.5747,277.95578,779.569,274.77896,1001.3643,177.03062,797.2215,171.25987,932.4545,469.60693,854.25586,472.74353,952.00964,639.9968,877.69214,652.92334,924.25,808.565,858.4955,830.50433
862.3387,164.15483,869.12787,155.93332,845.15497,157.67981,882.9437,179.5747,821.4597,185.32307,931.884,255.21466,808.72797,254.46877,1010.2412,278.173,776.6293,265.9376,1008.6206,183.65382,790.9062,156.15308,946.7223,458.28946,864.68506,459.9895,961.86896,633.4938,888.4629,639.8998,937.74817,811.4359,872.15375,819.80804
882.93335,157.29936,887.03925,149.13937,867.6953,148.79553,0.0,0.0,837.0248,170.65681,937.31476,243.41327,813.2273,242.346,1020.9341,279.0866,782.2161,273.16635,1021.719,188.74265,794.5331,166.13182,958.19495,444.39297,876.60065,446.49738,975.00824,624.02423,900.9128,628.5892,948.5178,797.3934,884.858,802.0946
898.15656,157.25131,900.7764,146.76572,882.5605,147.78069,0.0,0.0,849.7054,164.57927,945.90216,234.19286,824.2813,231.3148,1029.0417,284.12085,789.6233,270.2108,1034.5624,191.62152,803.9663,166.47176,964.47314,431.82755,885.842,434.44547,981.82605,616.4337,921.8181,623.9151,956.6552,790.9481,907.9908,800.5168
904.72046,142.59464,909.9396,130.84782,887.88745,132.20967,0.0,0.0,857.1076,151.3908,960.4785,228.08255,835.6172,226.9749,1037.115,284.1884,799.6196,274.64597,1040.9467,188.71573,815.3167,163.61852,980.1447,427.36148,896.5632,430.58295,1007.9728,610.86786,931.8161,614.86066,985.8351,793.452,916.4151,794.2618
920.39746,125.89231,926.8788,115.274666,902.0702,117.14156,0.0,0.0,871.9331,142.89163,978.09924,224.14279,851.78467,219.9499,1044.4567,287.7887,814.2259,270.31192,1055.7565,189.98952,830.6955,162.73445,996.8709,418.44754,911.3711,420.93204,1025.2592,598.17413,944.19196,601.0428,1003.85614,780.5004,931.0034,782.5762
932.03375,116.44329,939.4992,105.56522,914.1418,107.17083,0.0,0.0,884.994,133.24751,989.5113,217.23724,863.45404,214.4715,1055.3778,288.70352,822.0641,273.57657,1065.7828,194.19252,838.5478,160.86028,1007.31976,405.27203,922.3045,408.54752,1037.2537,587.3191,955.7914,589.6837,1024.347,775.1973,950.1061,774.2474
953.1264,108.98426,958.39844,97.348366,935.0748,99.39816,0.0,0.0,901.1648,126.41764,999.507,213.30656,872.8971,211.29922,1066.6567,290.94263,823.82263,274.57736,1078.8135,195.44615,838.9265,158.08296,1020.0831,404.4628,935.05664,409.485,1054.0994,585.9172,972.3902,591.29926,1050.5067,779.5967,968.179,779.4123
962.0358,105.22973,968.4465,93.530365,943.9613,96.52574,976.08826,116.26641,917.19434,125.250046,1016.53735,205.50757,886.8084,210.31445,1075.4833,282.3746,829.25287,287.00027,1088.777,193.63629,847.8723,185.00574,1036.53,402.30798,950.3765,408.7287,1059.9508,581.617,979.30634,588.30896,1063.3986,775.7161,979.2329,778.0668
969.4065,105.948326,975.7689,94.22898,950.8253,96.9749,983.4738,117.30972,922.2648,126.06166,1023.299,207.47273,893.8048,210.47026,1083.95,284.57523,841.1865,285.49582,1090.7578,196.66765,855.01117,190.55305,1043.8284,400.63495,957.58014,405.6718,1069.8452,581.1462,990.4778,583.61945,1078.6757,779.25226,995.6465,775.1761
973.88086,111.40407,979.9589,100.72501,956.49536,102.44943,0.0,0.0,924.9005,132.14677,1027.8746,216.91159,900.6218,214.10336,1094.6881,290.33542,850.69324,280.38916,1095.5933,187.78644,855.9046,174.86537,1054.5154,402.279,967.5557,406.31006,1086.175,583.4911,1007.1729,585.9183,1091.6038,777.5083,1016.4641,773.70776
973.71246,133.76143,981.2093,120.59239,954.4459,122.51436,990.9245,141.68903,924.2388,149.01659,1030.552,228.21854,902.2379,230.51048,1096.9296,298.5026,858.1855,294.25787,1093.318,207.01988,873.7821,192.67918,1062.4663,409.09973,975.3657,414.38937,1096.1788,582.8654,1019.1334,583.54175,1102.0443,783.07324,1028.5876,773.37396
973.8388,148.048,981.0751,134.73743,953.922,137.19292,990.5676,154.33607,923.5328,162.86441,1032.3215,239.08163,906.01086,242.96495,1102.4242,296.6294,865.80414,292.4836,1094.0438,204.27232,881.2088,191.83311,1071.2153,422.71234,985.93945,428.7846,1105.2784,588.113,1031.4556,590.9044,1109.2643,786.34644,1040.1217,780.28253
976.7533,167.6858,981.56525,154.82323,959.1307,156.96242,0.0,0.0,929.71436,179.95949,1029.5435,251.57741,908.07996,255.72176,1108.7457,294.51343,867.5801,292.62894,1099.388,200.97084,881.9286,193.58318,1073.6296,435.51654,992.4404,442.10037,1108.4268,597.2091,1039.4623,600.52325,1121.8665,795.6105,1053.478,788.6027
976.7315,188.32774,982.9798,175.11996,957.1785,178.26463,991.87085,192.64307,927.5048,202.51315,1034.0577,270.9571,911.5934,273.3685,1113.9769,299.5894,870.8456,287.841,1107.1195,204.26218,888.911,189.80884,1076.2899,449.58087,994.0265,455.7365,1115.8279,613.8327,1045.3806,616.36505,1137.2781,812.00635,1063.2765,802.355
976.6721,207.00967,982.57947,193.96175,957.4237,196.78491,990.0857,209.1998,926.0817,218.20497,1031.8286,283.15073,910.1353,286.72275,1115.4445,299.11313,872.6384,288.36743,1106.5557,207.69246,891.2047,190.08446,1078.7401,463.20648,997.52716,470.19547,1118.4485,630.3513,1049.7748,634.2624,1142.6752,822.57916,1071.6088,813.5517
978.9745,222.99794,986.1167,210.66382,959.3334,214.05936,996.3032,227.62437,929.94696,237.82228,1038.6305,299.85458,915.69946,303.48715,1119.2754,306.79178,876.31866,293.78958,1105.3367,205.66086,893.937,188.93802,1081.3223,480.98413,998.77814,487.7647,1119.7697,646.25946,1049.9487,652.28107,1140.1223,835.8827,1072.0625,833.168
981.7127,243.6667,989.018,230.93591,961.8912,233.97104,999.2069,245.23439,929.7765,253.97964,1039.1383,314.7064,913.69617,314.59897,1121.8455,311.0648,874.16473,290.09756,1107.5244,212.66331,896.83356,193.25781,1081.3092,496.06412,996.9751,501.7315,1119.9677,668.2115,1047.598,673.6497,1142.5133,862.1106,1070.9169,859.3146
982.995,259.9792,989.3007,248.1519,963.6707,250.87103,996.88715,262.3106,930.1963,270.21524,1036.1635,328.0223,913.8853,330.51428,1116.1409,307.04623,878.0093,291.02756,1104.8297,218.74072,894.7918,195.82344,1082.8846,518.6481,1000.6663,525.3014,1116.8954,688.46173,1044.9341,695.54974,1133.9528,876.25916,1063.1656,875.6118
984.85876,283.7924,990.8064,271.18707,963.4592,276.12766,999.1376,283.76276,928.8644,297.1603,1034.5999,342.68826,915.3792,351.32547,1112.6771,296.90988,877.2054,292.04547,1118.1417,212.4283,886.0642,198.35765,1073.6619,535.94147,993.482,545.3324,1113.5471,710.4878,1049.9199,718.42694,1130.2119,897.2697,1066.344,893.96704
983.83563,300.6078,989.72797,287.78464,962.2407,292.4879,0.0,0.0,926.472,310.6679,1030.3881,354.81317,914.7247,361.86172,1103.0093,300.5103,878.0677,291.83853,1113.0568,215.60481,891.3025,200.85718,1074.5333,556.762,995.22736,566.4681,1114.608,730.87335,1048.064,742.7101,1125.6152,921.68506,1053.784,925.99713
979.94495,314.90616,986.90204,303.36243,958.955,307.37128,996.9734,316.16913,925.55316,326.99066,1030.562,372.14896,915.77014,378.55252,1098.1686,307.55365,876.9694,298.83405,1105.4872,218.72292,888.416,205.63943,1077.2816,578.1008,998.25385,586.9624,1107.9541,757.4389,1040.9407,770.03217,1111.1024,942.475,1041.6237,950.4302
980.5115,333.9461,988.77875,323.5225,960.02844,325.97958,999.64343,337.79962,926.32434,344.82697,1026.9093,392.20285,917.4769,396.10175,1086.5585,315.53778,880.87427,306.9363,1103.3043,223.27821,886.4264,207.59843,1073.806,601.99524,997.39105,609.3441,1100.661,785.6672,1033.9736,794.1429,1099.7742,977.2277,1033.0376,981.30505
978.53326,342.46072,988.3006,333.609,960.1958,334.01736,1002.3877,351.09833,927.74585,351.65378,1024.1323,408.5094,920.09845,406.8177,1081.143,336.8404,878.9052,318.37823,1100.1058,236.03778,876.01965,203.00217,1065.0178,625.4797,993.5534,632.2024,1100.5712,808.49194,1035.7522,820.0706,1094.999,997.9963,1035.6991,1008.4115
985.08203,354.03986,994.8304,344.7097,965.97766,345.24384,1007.51227,361.24786,931.3338,362.2611,1025.2837,419.60065,922.2426,416.38202,1077.923,341.69476,879.7519,318.30746,1099.0177,236.60362,873.1813,200.72131,1057.7544,644.2292,987.92053,649.87665,1086.6693,831.0506,1029.5627,842.0213,1077.9503,1014.6458,1026.6884,1024.5732
990.53064,366.3739,998.5551,356.5224,971.5957,358.7559,1008.5799,371.0873,936.29755,375.61188,1027.7076,426.5617,924.7079,426.31036,1080.3893,343.0996,880.57196,322.8227,1094.7382,233.8672,873.42535,202.86282,1055.6842,655.4061,985.60803,661.7478,1073.6979,844.008,1016.9803,857.24915,1075.0986,1023.1491,1018.52344,1034.1339
998.8134,382.76898,1007.4095,371.1047,980.30145,373.09964,0.0,0.0,943.8541,383.43924,1029.5421,431.1053,923.80066,435.36447,1077.3923,332.81543,882.33167,326.54788,1089.2587,231.81181,881.57043,213.8217,1053.523,675.2062,980.61664,683.18945,1069.5853,851.8417,1000.8818,868.1044,1068.6705,1019.9141,996.48474,1036.7775
1003.2054,393.543,1013.67706,381.20566,984.81726,382.21573,0.0,0.0,948.69434,388.8688,1036.0913,437.37122,926.47925,439.4979,1078.6373,333.9251,882.1057,328.46982,1085.8433,228.20107,880.3569,215.2857,1051.5391,686.6182,975.65295,692.41595,1064.6881,873.7246,990.95215,884.47815,1058.3969,1035.0295,984.27594,1045.3143
1006.72064,407.4734,1018.75323,393.8963,987.28546,395.73178,0.0,0.0,950.28156,400.1839,1039.1129,444.15967,931.2781,445.36993,1075.4458,335.3065,884.02386,325.3062,1086.7867,230.54445,880.158,215.20364,1049.0276,696.14886,972.8928,701.4728,1050.975,878.0986,974.96967,890.57666,1047.8577,1032.0319,968.36993,1044.608
1014.8286,406.18225,1023.34796,391.61563,993.3533,396.11035,0.0,0.0,951.31274,403.948,1039.0928,444.22946,934.5196,447.22485,1074.9424,338.2579,885.4993,326.29202,1086.2726,228.84193,877.41174,216.75732,1044.6932,701.5632,970.8089,706.9049,1034.4727,884.80865,969.80457,897.31384,1032.5385,1038.0458,957.36237,1045.2975
1015.80084,409.30392,1024.728,394.6814,994.75104,399.1895,0.0,0.0,954.00183,405.54468,1040.6206,440.92154,938.1312,447.88458,1074.8541,332.26672,889.5994,330.6459,1084.2438,227.07408,875.5963,219.46872,1040.31,699.2336,967.5757,705.1899,1028.2925,881.45734,964.0514,895.1922,1018.26495,1036.1084,946.1541,1045.9634
1018.84576,412.30325,1027.9688,398.32535,997.6844,402.3597,0.0,0.0,955.19366,408.71393,1038.636,444.1347,941.2837,450.3506,1073.1511,331.0163,891.0698,329.19528,1082.6155,225.95418,875.07294,219.18001,1036.4596,700.1608,969.6292,705.92377,1009.32043,875.07,968.9993,892.54803,984.38727,1032.4252,951.6793,1048.9348
1020.53485,416.6296,1029.2,403.3189,1000.7245,406.22488,0.0,0.0,957.0638,410.4342,1039.8579,444.46722,937.2627,450.11188,1075.3654,330.10483,889.23236,330.93292,1082.1267,226.19592,876.4448,218.64131,1038.9714,697.55493,965.65216,702.7063,1021.01227,870.5147,952.72363,886.1455,995.61035,1024.8315,927.4767,1040.6554
1021.11676,417.3806,1028.3579,403.12537,1000.5431,407.20047,0.0,0.0,956.0015,411.24783,1037.9814,443.51627,938.2465,449.98535,1071.9705,327.61868,888.0322,328.43042,1081.3265,222.1177,876.1548,216.9212,1036.447,704.20166,965.34656,709.2088,1009.925,873.8262,949.4387,887.8314,985.0512,1025.1848,922.9581,1034.9839
1019.75653,418.9671,1027.5542,404.7159,999.2188,408.2032,0.0,0.0,954.0281,411.49814,1037.2563,446.41718,935.9142,450.619,1072.3195,332.4133,885.2308,329.12234,1079.0608,224.70721,875.304,217.99834,1035.896,703.1849,963.51416,707.506,1010.88873,866.6479,945.6107,881.9337,982.18286,1016.8008,916.04486,1030.9304
1016.73047,420.33264,1024.2957,406.27087,997.008,409.95236,0.0,0.0,954.0993,412.88528,1033.7882,446.1198,936.9699,451.41672,1069.4935,336.10474,886.0241,334.80594,1076.7305,228.4538,875.3582,222.85753,1030.8611,700.8901,962.1924,705.58575,1001.5933,867.17926,944.8394,884.0155,974.36444,1020.141,916.34436,1035.8082
1014.5199,419.10126,1020.3287,405.38428,995.34125,408.57596,0.0,0.0,949.2549,409.96512,1027.0344,447.06183,928.59595,450.88403,1065.9108,340.30954,878.06305,338.16592,1067.578,227.5282,868.84467,224.21907,1027.4269,701.2655,959.57214,705.8713,1001.55725,865.40643,939.0533,882.9813,978.23987,1020.59656,912.4712,1038.3812
1012.7928,419.49545,1017.89667,406.36798,994.14,409.35858,0.0,0.0,947.79004,411.12048,1023.12506,448.0946,926.25684,451.3238,1061.5592,343.71878,878.06177,340.85666,1064.9156,230.6468,866.3066,226.3853,1024.2325,697.71625,957.6946,701.69806,997.21564,861.68463,936.70825,876.72864,975.5129,1019.80524,912.20953,1034.3983
1009.7338,418.77457,1015.48517,405.20456,990.9035,408.33215,0.0,0.0,944.9716,409.2084,1023.99115,445.54352,922.0751,450.0058,1062.553,340.40536,874.15106,339.897,1065.1871,231.44432,866.172,225.03091,1024.4072,695.4185,954.1817,699.8919,999.67236,859.0954,928.89667,874.3863,979.6342,1018.05853,905.103,1033.1819
1003.6203,419.99554,1010.3939,406.8547,984.91943,409.13095,0.0,0.0,940.11774,410.1588,1020.6962,450.3829,919.63293,452.11295,1060.4915,349.89197,874.7527,344.15894,1066.1381,237.65996,861.9448,227.45042,1022.9037,698.1388,953.4218,701.1785,996.7313,866.59393,927.16223,879.52496,975.5953,1023.698,903.5115,1037.7878
1000.5227,419.87823,1007.6087,407.10635,982.3816,409.09445,0.0,0.0,937.2131,410.00934,1015.31433,449.38962,915.87616,453.1126,1056.8452,348.22705,876.25104,347.59497,1064.1573,238.40233,858.0231,229.28568,1016.2684,697.82764,947.6922,701.8185,993.13165,866.0294,923.93536,880.91675,974.0255,1022.3388,904.1628,1040.6422
997.21545,419.75876,1004.441,407.09164,978.5882,409.36716,0.0,0.0,933.33344,411.77737,1011.71906,450.80267,912.8266,454.45523,1053.4303,349.52374,873.71796,348.6819,1062.479,236.3022,854.6422,229.26448,1010.56683,697.7391,942.33417,701.8005,989.4352,864.88495,922.86865,880.05457,971.4764,1019.59625,904.40845,1038.4574
995.3473,418.42657,1002.0279,406.01532,976.6617,408.50986,0.0,0.0,931.6414,412.05884,1006.65454,450.31845,912.3932,453.78085,1047.4137,349.63367,871.00214,345.8096,1061.1946,239.03748,848.38446,226.47606,1005.0445,695.27386,940.3127,699.5054,984.5894,865.19714,926.4384,880.70966,965.5274,1019.2606,905.87695,1037.7144
992.33075,418.47934,999.73425,406.13812,974.2109,407.82755,0.0,0.0,930.3996,410.40262,1003.99426,452.92355,911.1641,453.44965,1046.1791,353.36307,869.69275,344.31912,1060.9513,240.07205,846.2306,225.2186,1002.55865,698.707,938.6616,701.98206,984.4569,869.0898,925.14777,884.44525,965.5338,1021.0185,903.2009,1041.5739
991.3054,418.5184,997.8205,405.86984,973.0932,407.7972,0.0,0.0,927.353,409.05646,1001.32855,449.361,908.2592,449.93613,1046.5333,351.39316,868.9126,341.3545,1060.8119,239.26521,845.9326,223.89557,1002.6208,698.20514,938.1534,701.6399,982.7903,868.04004,922.7794,884.42706,964.35516,1022.5609,900.11444,1043.8934
991.2089,418.0111,997.5454,405.25443,972.7916,407.22693,0.0,0.0,926.08673,408.78992,999.3196,448.7851,908.9467,451.39993,1045.9962,346.4458,871.249,342.8145,1062.0203,233.61453,841.4235,225.76932,1001.45056,702.3653,938.85626,705.9795,978.6356,870.3402,922.6886,885.40894,960.44403,1024.0261,901.2645,1042.573
989.49506,416.1307,995.5212,403.59595,970.49915,406.40863,0.0,0.0,925.28613,410.6922,998.55414,448.6737,909.58105,451.94833,1042.704,346.6248,867.7674,341.89276,1060.4385,235.18927,838.9082,225.81232,997.99994,703.424,936.2364,707.353,975.86395,872.8479,922.9572,888.66235,956.1986,1029.5277,897.7715,1047.8842
989.03876,415.2919,995.8418,401.2468,968.80005,405.34198,0.0,0.0,924.72754,410.20782,1004.54065,446.9101,910.6439,451.76175,1043.5769,345.98996,865.2322,341.1193,1060.9948,239.11496,838.9624,217.22525,1000.7741,707.2472,935.8577,711.15186,976.23804,880.24255,927.14655,887.8479,956.931,1036.6542,910.1629,1035.4106
985.63025,407.65268,992.45087,396.1159,966.6881,397.32672,0.0,0.0,920.1305,402.6642,999.2657,450.12762,900.8746,448.22437,1044.627,353.33633,861.68976,340.242,1058.6788,241.46408,836.4536,224.53954,1001.72626,702.9727,934.4753,704.4297,978.6632,878.63727,917.94385,888.7788,955.09424,1035.612,895.07263,1048.2659
975.50885,393.66083,983.5049,384.76193,957.2188,385.03128,0.0,0.0,915.85315,396.2448,997.8558,450.51053,897.6614,446.71887,1044.4614,358.53043,860.16144,342.13303,1055.8785,246.60251,836.6706,224.57684,1001.3698,700.4046,933.14594,700.7772,981.52185,880.3695,917.5155,888.874,954.0379,1036.8239,894.1366,1050.2443
961.34546,381.67712,970.3995,374.06107,942.86316,376.07785,0.0,0.0,911.9491,393.56473,999.18536,446.63882,899.2424,445.84406,1042.9135,360.23026,859.0218,342.8359,1053.956,251.5238,836.8429,216.7375,996.6588,702.82336,929.1244,703.88306,981.0898,886.43207,923.5064,891.5364,955.1082,1040.3981,906.52936,1045.923
947.2542,375.28986,953.66187,368.6455,927.5422,374.71335,0.0,0.0,901.5731,404.7777,992.85864,443.7747,898.16034,453.44998,1038.8893,352.591,855.6797,349.73712,1052.7821,234.6855,832.46045,228.84013,995.35675,683.28204,930.38745,688.58496,974.4328,870.1452,921.1635,886.9443,954.49384,1034.9875,892.54126,1054.3115
942.7597,380.59158,947.7609,374.79144,923.4712,380.7573,0.0,0.0,896.74884,411.82718,987.844,447.14496,894.14197,456.48627,1037.2748,352.6041,856.1413,348.04727,1052.6312,234.99655,829.3301,225.14154,997.8249,682.86914,933.06775,688.0449,975.83246,869.9793,922.88165,885.8798,953.2436,1034.9479,894.65283,1053.4369
934.3385,378.5309,939.7392,376.1022,917.92334,377.58746,0.0,0.0,894.03296,404.33334,982.5831,444.4909,884.6428,447.59326,1035.2294,350.53006,847.0209,345.89572,1041.3713,233.99117,820.8401,213.71614,1004.1548,678.76996,939.67584,680.9184,983.9519,858.2296,934.65326,864.6989,953.2718,1024.7786,923.01587,1035.4711
927.7076,380.68903,930.66437,376.3986,912.961,379.67783,0.0,0.0,893.04913,405.40878,975.1969,442.5449,882.05023,453.0428,1028.7634,339.90295,843.04504,348.15994,1036.1624,230.67366,827.5243,217.76424,1001.1849,676.3536,942.0606,682.21814,970.38684,854.4862,937.52405,866.53424,938.9557,1023.065,924.2,1035.5026
925.39056,377.34808,928.44543,374.12878,909.4664,376.29877,0.0,0.0,884.5895,401.79282,970.4092,436.03052,874.43085,442.9644,1025.4104,337.7189,837.5253,343.18747,1028.343,221.34709,814.4608,213.95052,1002.8447,663.9577,939.47076,668.43427,990.3904,843.5094,942.01544,852.01575,963.11395,1013.7545,930.49207,1025.5231
911.91473,356.7246,915.15625,353.8428,895.69006,355.405,0.0,0.0,871.5529,383.23114,961.56287,424.5751,865.22797,428.48584,1024.1437,335.05374,832.9935,332.18573,1028.2112,226.5359,814.90784,210.78612,999.9743,654.9796,937.29346,658.9767,992.54663,838.17096,952.6721,847.1889,959.42816,1009.3702,940.2645,1022.32947
908.064,351.7607,913.2122,346.8683,889.73254,349.5966,0.0,0.0,858.38434,377.73935,958.7674,419.2586,859.26,429.2027,1026.6101,330.4021,841.0818,338.33185,1038.5841,223.12257,822.81866,223.3661,999.04926,635.9839,930.30835,642.40424,997.2133,829.4453,935.63635,842.15283,969.3725,997.2699,915.52924,1011.3314
906.7918,340.72015,907.2365,334.5351,887.9153,338.9962,0.0,0.0,855.42725,368.4701,937.51886,415.62628,868.1316,419.91,1016.6152,338.52277,844.50714,322.3065,1039.3937,232.11891,818.4231,220.50732,978.5988,627.98016,934.8232,633.4177,968.779,816.1397,967.46344,833.7127,939.5968,994.9422,938.33276,1012.126
897.399,333.78336,901.7807,327.69928,877.1523,331.34866,913.12506,347.1384,849.728,358.59525,950.5664,404.14243,855.4659,411.7185,1019.4174,328.83847,828.6035,330.77682,1029.2974,222.9494,813.4508,218.77063,988.6452,623.26013,928.1873,629.5261,994.6557,797.34576,961.23706,811.8258,960.0661,978.9474,941.4086,1000.15234
895.4565,322.93475,900.85767,316.44598,876.15656,317.91086,912.0465,335.0981,844.79205,340.89966,950.4168,391.6445,844.65186,397.11374,1025.7941,323.0389,821.9619,326.44696,1030.3563,222.46231,812.7089,216.08315,993.04926,600.7727,924.4268,605.996,1006.94244,777.1018,950.3169,787.9585,974.35077,966.1205,931.8838,983.0968
889.98267,308.5257,893.9623,302.90668,870.93567,306.1238,905.7008,322.78778,844.2961,332.9409,947.808,377.60095,848.71747,381.78024,1026.5906,321.45914,818.03436,315.14584,1031.077,223.65611,805.5509,213.43822,984.85144,571.88617,921.5722,576.3459,995.14343,755.51404,956.7153,767.4047,963.7,942.8152,936.94775,960.32745
884.0546,295.175,887.1731,287.895,864.03723,292.47394,900.3151,306.19366,838.2929,319.87308,949.29645,364.07336,844.9842,370.63055,1027.8655,316.64487,812.1891,312.97516,1030.0762,222.0243,804.3794,213.25444,990.20966,557.21173,921.9505,561.91113,1006.5134,737.7713,952.3134,745.3153,980.9537,927.14685,927.34296,934.1715
885.90015,283.70038,886.5625,275.7897,866.49884,281.31198,895.0648,292.01633,840.26776,307.4389,935.87054,352.30298,851.0579,354.9616,1018.16077,317.96457,805.25336,299.9186,1029.4252,224.24155,798.20105,210.62169,978.79724,532.21277,928.7359,537.8823,975.6347,708.0287,978.31036,726.53796,943.4574,896.95514,955.49927,918.1291
881.1096,259.52774,881.8155,253.01555,858.8485,259.2702,893.346,277.26114,830.1319,294.90207,944.6865,342.47534,837.66504,344.23773,1020.64935,317.5942,793.3515,292.31866,1028.7229,227.9474,793.8576,197.69373,990.8002,520.10925,920.3176,525.0317,1007.91266,700.8785,954.7703,712.77686,980.99365,885.23456,920.36115,894.80475
879.1095,243.44157,880.2805,237.76617,857.9923,242.0772,890.1664,263.93155,826.7209,276.63528,939.89215,328.60852,828.90735,330.07526,1018.4235,316.7953,787.3107,298.2942,1028.669,225.80452,796.1981,191.23628,990.08154,500.51865,916.479,505.4344,1006.86896,679.92834,948.35785,688.97473,974.9682,866.4483,920.47034,870.53265
881.4481,228.2753,885.08,217.91895,860.4809,223.14958,892.9649,241.48569,833.0913,257.45294,945.42316,311.60645,826.09424,322.61096,1020.4082,316.03012,783.3137,318.47168,1018.6729,226.73055,801.18866,210.94008,988.19775,490.33575,906.5228,497.15692,999.5807,656.3595,931.69086,662.15936,987.85443,856.5176,915.7421,848.7193
884.3749,213.7495,887.3375,201.57323,863.6825,206.54324,892.92755,221.74193,834.4534,237.2347,944.00977,295.7251,823.0067,306.6573,1019.9418,319.2074,779.76086,323.39142,1014.03735,229.36661,797.75305,212.53845,981.65643,477.90445,898.99036,484.43033,1000.9109,644.08075,931.11163,646.97864,989.7678,848.39667,914.03156,835.56537
892.643,196.57874,894.87213,184.63957,873.90546,188.24965,0.0,0.0,843.6292,217.67429,945.79706,282.68192,821.4007,289.88745,1020.9048,320.6511,773.7691,320.51202,1012.79535,237.098,791.48883,216.41327,979.1838,466.54095,894.611,472.01334,1001.0466,639.419,927.74286,640.09894,994.7913,841.7479,915.63684,826.4086
896.19183,186.57848,896.84296,174.40184,878.1426,178.05006,0.0,0.0,845.0821,202.73909,948.1438,266.71848,820.51117,273.74902,1028.3373,318.1007,769.3171,325.16318,1027.588,229.33852,787.72217,219.24431,979.5826,446.83102,894.80994,452.74844,1003.9484,621.1661,926.58856,623.2632,992.01984,823.7609,911.7233,811.8477
887.72797,170.01022,892.6441,158.03906,870.783,161.7631,0.0,0.0,846.66833,188.2831,950.0398,256.24753,823.73804,263.47623,1020.6757,320.91205,769.9051,326.74945,1023.3829,232.55566,784.51154,222.77519,974.36835,439.496,889.3332,446.7012,1004.3366,610.36255,920.31757,619.3761,1002.7286,809.5661,914.398,813.37854
899.4979,151.81702,906.24817,139.72166,880.3133,141.60999,0.0,0.0,845.8307,166.54025,951.56525,247.35367,821.0622,250.40364,1019.78265,324.10428,769.55444,330.0866,1023.37683,228.1544,783.49536,226.34804,976.82025,432.00375,888.6504,437.3312,1006.1768,606.53186,917.3392,609.70917,1006.0164,810.1082,918.06415,805.8315
893.8179,141.77208,901.3678,131.20976,874.5486,133.41537,912.89526,157.09723,842.77795,164.39046,951.5679,246.45511,820.6771,250.47285,1018.4427,324.18973,773.8136,331.15594,1015.5923,228.29887,783.275,229.94221,974.404,431.2358,885.6103,436.08243,1000.5682,607.66144,912.14453,609.0517,1006.5441,812.84735,920.786,806.2914
896.0383,139.9771,903.2338,129.26936,876.4766,131.66924,912.97876,154.59407,841.9477,161.81982,947.2065,246.30661,820.8234,249.4115,1015.3984,327.97806,777.92834,333.4449,1018.82135,230.02974,785.1933,234.45453,969.7595,431.14728,884.08344,435.91895,992.92096,610.60535,910.08167,613.0174,1003.4934,809.27203,920.78064,804.84784
889.8644,151.24823,897.23474,140.02782,871.48114,143.28763,909.42206,163.4747,843.3653,172.8968,949.0945,252.48102,822.4442,257.68185,1016.4015,329.71005,776.3158,335.03085,1015.2206,235.02232,784.7064,235.54662,966.7127,440.47632,882.12946,445.7886,985.0617,621.08,908.5269,625.32117,997.26917,818.09973,922.0666,815.6957
875.8521,177.25209,884.8019,164.75484,859.12286,168.94753,904.2387,183.02092,841.706,194.81442,950.73175,265.6944,823.9809,272.62274,1017.6266,330.85574,770.7367,337.31577,1015.5037,229.57022,785.6911,232.62283,961.5431,456.25986,878.3593,461.80032,977.49023,634.4841,907.2682,640.24347,989.70245,828.6786,922.0952,828.2256
871.9662,191.25963,880.08545,179.6935,855.3408,182.10434,896.22754,198.63132,832.2831,205.36157,941.8444,277.76224,816.8355,281.18134,1017.53217,332.19644,768.75256,335.25604,1017.4953,233.05634,777.28217,226.33705,962.2868,469.78326,879.82874,473.8661,976.77814,650.3377,911.9718,652.1388,977.5265,849.2296,924.34973,843.4811
883.747,214.32259,887.27496,203.63141,868.0012,204.93962,0.0,0.0,834.89966,226.94449,933.5261,299.64288,810.43195,299.82642,1018.1234,337.5362,764.78375,337.32074,1013.0988,231.47357,774.8235,229.09314,959.6758,492.0302,877.9818,495.31662,974.26855,670.85297,912.43054,669.9016,976.1461,865.2138,922.17505,850.20306
877.38684,238.63968,882.7982,229.54024,858.24884,232.27748,893.34467,250.95924,824.9976,258.41577,936.1235,323.00677,811.6158,324.1911,1015.33154,341.95844,771.78406,335.40952,1015.14703,244.72643,779.78925,228.42107,963.1037,511.67828,881.3108,514.92944,970.64905,694.23895,908.9953,695.7885,966.3064,881.29364,918.1749,874.08124
874.5441,263.2404,880.3255,254.49963,855.84503,257.07022,891.1183,274.47153,823.4138,281.5089,933.2956,342.36203,810.18335,344.5882,1015.355,341.40942,774.0967,333.9501,1016.3648,248.18108,783.31885,224.97661,959.9967,538.84894,879.46765,543.2437,969.7632,720.96075,908.15814,727.775,964.0399,902.32526,916.4129,904.4509
872.88745,286.04855,880.422,277.7518,854.1017,278.9299,894.4225,297.41882,823.48175,301.68542,935.2771,363.56088,812.10864,360.36768,1014.7306,351.55728,773.97107,337.4345,1016.9797,251.30948,785.263,231.2465,957.97614,558.73505,877.66205,559.92267,967.4693,747.33624,906.1071,747.9848,957.1817,932.15796,910.2158,927.3129
876.59216,308.03442,882.7477,298.6509,857.634,300.8717,894.8207,314.62143,826.46173,321.3136,936.7845,377.52896,813.49493,377.1344,1017.55707,354.7795,772.29535,344.08438,1017.22144,254.01001,783.7554,234.3611,959.41705,581.6726,879.67444,584.14844,968.08563,773.32983,909.2163,776.06323,957.2793,964.36395,911.04785,961.3951
884.9277,331.8795,889.5508,322.10953,866.0098,324.44293,897.8583,337.3484,828.9454,342.80872,931.80505,398.92807,815.068,395.4352,1014.2535,356.14243,774.6257,337.697,1016.7896,255.78914,786.5362,239.7633,956.6959,606.4205,880.4001,609.15424,965.12164,793.86957,912.9754,801.08905,955.9814,985.2971,911.0601,986.9138
888.95605,353.39566,894.96155,344.29135,870.6334,345.3031,904.1131,359.08987,834.32153,360.99152,933.2461,418.84076,817.3902,409.5003,1008.97473,362.34412,773.27423,333.03076,1020.293,265.74445,786.80035,241.67184,955.59454,634.83923,880.3525,635.699,961.55316,826.574,910.51263,831.74396,950.83875,1015.888,909.5906,1017.6645
892.63403,378.0326,900.0616,367.32343,875.48785,367.71982,906.6834,377.68643,841.98145,378.63446,934.3677,435.90714,821.5858,432.3232,1008.7877,358.74445,782.36066,343.84393,1024.494,258.49713,798.89984,248.1932,957.38086,658.40265,883.9221,661.06836,961.9516,839.2167,904.19476,846.1503,953.9189,1023.3012,898.40405,1027.2484
899.94055,398.9332,908.3894,388.57108,881.46686,390.42755,917.7778,399.70288,849.58704,404.42917,942.9875,453.4421,831.7841,455.6664,1004.6888,368.44427,788.90094,363.29538,1022.93097,266.62424,796.75854,257.932,958.35406,676.07794,885.1592,681.0125,964.8543,853.68317,907.1584,864.34406,948.23364,1028.4933,896.06055,1038.2329
910.48956,417.5367,919.73114,405.72632,891.6092,406.5987,0.0,0.0,855.2044,414.99445,944.3159,465.90942,836.2819,465.3625,998.6888,375.11942,794.01605,367.10513,1019.2403,267.6763,798.90784,258.86197,960.7319,699.3113,888.90125,703.924,965.729,881.00684,912.37085,891.34076,945.4285,1038.7588,900.75024,1047.7671
921.69806,429.93414,929.3126,417.71414,902.7355,419.28287,0.0,0.0,863.3191,427.70004,945.55945,476.01315,843.891,477.36328,998.26154,379.22342,805.08765,374.4224,1018.7471,264.53574,802.0457,258.20963,957.01196,709.2016,889.3781,714.3469,957.2208,894.2155,913.62714,905.5992,937.0814,1044.4764,900.9133,1053.4698
930.9731,440.66803,940.7108,428.5751,911.1339,429.9408,0.0,0.0,872.246,438.79138,955.62256,486.56592,858.1774,488.2664,1002.8658,381.95215,826.3233,379.31827,1028.5735,269.89014,816.0026,265.85062,960.17377,723.11774,895.10504,726.98724,952.33374,906.4673,915.36957,913.3614,929.90607,1048.7554,905.979,1051.6458
942.70374,443.0659,950.8733,432.69995,924.01886,433.59906,0.0,0.0,885.5876,443.5973,967.8847,492.67886,866.9358,492.58624,1018.28705,397.22995,832.51324,396.08295,1030.0895,274.73346,816.13666,270.44003,963.0266,741.16516,896.4404,741.9434,948.81335,927.8474,907.8411,927.9763,929.73145,1069.344,905.415,1064.5305
955.4,450.09512,965.2863,439.64786,935.463,440.19684,0.0,0.0,895.05475,450.3136,981.1959,498.3385,876.9057,498.8041,1024.9053,399.45657,837.5739,401.8373,1036.8457,276.70175,816.96295,273.8683,972.8747,748.1787,903.1652,748.71625,955.8889,935.5851,906.84174,935.08453,929.2385,1073.1139,898.8075,1067.4288
967.1289,448.7578,976.24146,438.47443,946.33527,440.44925,0.0,0.0,905.72974,453.54083,990.1257,500.12732,889.0855,500.6015,1028.4438,402.54065,841.269,398.3856,1043.588,287.2261,821.68475,275.5532,977.73193,751.27295,910.51556,752.0226,948.3626,937.1454,906.35547,939.9562,919.1704,1070.6672,893.04333,1067.1666
980.22626,451.36884,989.3396,440.85822,961.1639,441.4824,0.0,0.0,918.3075,449.59634,997.73737,495.28683,895.39404,498.81778,1036.8307,397.00223,850.1487,408.1441,1049.5913,282.044,827.74677,283.1117,982.60315,746.69403,915.04456,747.779,950.3096,933.8275,905.9676,935.12805,916.3819,1069.1516,894.67126,1064.2861
987.5557,449.37936,996.8815,439.02597,968.10266,439.64465,0.0,0.0,924.1643,449.246,1006.1708,498.16772,901.04865,499.27216,1044.1298,404.0304,857.1656,403.62598,1052.538,291.28394,833.6611,273.85968,990.5777,749.0958,920.53516,749.3408,956.47546,937.12866,905.1759,938.60266,923.7463,1067.7108,893.10223,1063.6797
989.5458,440.49667,999.98114,431.50656,970.2504,431.80106,0.0,0.0,931.01605,445.6245,1013.54205,498.79443,909.67444,500.67444,1050.2083,403.0599,866.41077,406.5859,1059.3296,285.19116,838.9845,273.3911,992.5554,749.73,923.81256,749.67004,965.2238,936.148,914.241,936.2263,928.39655,1066.5531,899.10754,1063.0302
990.56195,433.93103,999.881,426.06775,971.3555,426.98624,0.0,0.0,933.58636,443.73074,1017.603,497.64554,913.6203,497.53934,1055.7866,404.98425,872.44305,397.88208,1061.8085,292.4175,847.22906,269.16092,1000.51196,750.44476,932.21216,749.81396,969.09235,941.8817,922.40515,942.0172,933.96155,1073.4453,909.34204,1070.1798
980.666,428.10574,989.7984,422.53024,960.96533,424.31305,0.0,0.0,929.2421,448.95514,1017.45795,500.3193,916.54254,503.86404,1056.4064,406.71454,882.694,408.1544,1065.7753,294.17297,855.4043,281.3915,1003.97516,755.08215,936.5951,755.0784,977.3099,947.8713,928.089,946.6298,0.0,0.0,912.2706,1070.3785
952.84393,427.5771,966.1634,424.4414,936.4635,424.652,990.2313,450.3613,922.74817,452.92667,1013.40314,508.41617,922.8457,506.50488,1055.7706,408.36093,886.68896,398.42947,1068.5916,300.22302,868.9519,282.22348,1004.35345,754.42017,946.5236,752.54297,968.6113,943.7018,943.72455,945.3576,931.01904,1074.6458,936.7843,1077.2831
942.03937,429.47272,957.37115,426.5281,928.1124,425.15152,986.8514,452.44858,0.0,0.0,1016.1597,508.21173,917.68805,505.00058,1063.3419,407.48886,883.8201,401.0018,1071.2444,296.0664,877.4136,285.67978,1011.1633,749.3408,947.70667,746.5589,979.27185,936.5993,940.3164,935.7975,947.4113,1069.7781,941.3694,1070.1892
938.4375,430.19946,951.85364,428.14673,926.5111,427.83072,981.7206,458.1236,0.0,0.0,1018.02545,512.95715,920.37695,513.12,1062.2875,410.03085,883.7438,402.51117,1075.2759,306.85715,880.0196,278.87466,1017.1703,748.02686,953.1638,747.4122,988.7836,938.13416,950.5267,940.8248,954.0118,1069.1528,944.96985,1070.0167
958.93805,427.2436,966.61035,424.44553,942.49756,426.13214,980.8144,453.39377,0.0,0.0,1009.94904,510.95425,922.97943,511.19937,1060.3502,414.1565,888.0526,398.60233,1082.6708,310.30905,880.36676,274.9056,1016.98224,746.0349,961.86115,748.1259,987.1881,929.3108,975.3567,938.96594,946.7172,1068.373,960.2097,1074.6537
962.8763,425.43475,968.365,421.23212,945.57025,423.20566,0.0,0.0,921.69604,452.63727,1009.6493,502.7191,913.65344,501.1618,1071.6771,410.1427,883.34143,389.89874,1089.4266,302.6888,884.37415,271.07227,1022.428,734.0973,959.59094,735.9518,1000.8036,916.73224,968.4963,927.412,963.84033,1059.6304,945.6473,1068.5345
961.8088,424.37512,968.5494,418.38513,943.168,420.5172,0.0,0.0,916.3618,445.73486,1012.54987,491.35107,910.78314,491.01828,1076.2593,402.38217,879.7,385.3395,1096.8381,299.72034,884.2839,272.6077,1031.7955,713.2365,964.1824,715.9684,1016.21875,896.7556,972.1974,908.8376,978.8152,1045.7842,945.8231,1057.098
960.38165,408.14804,0.0,0.0,0.0,0.0,0.0,0.0,0.0,0.0,981.13916,485.15518,929.0693,482.75885,1046.8151,394.25256,895.2367,374.09702,1090.9728,300.92184,885.43286,267.8789,1009.8873,701.64514,983.6021,704.1741,978.1992,894.99133,1020.104,904.23413,931.20215,1052.925,992.3681,1054.6747
0.0,0.0,0.0,0.0,0.0,0.0,0.0,0.0,0.0,0.0,905.0675,471.66248,1006.6288,473.26804,874.6242,381.88458,1078.8007,382.30383,888.6788,274.69516,1109.8958,300.7475,968.1726,685.0629,1027.7563,688.82227,961.7936,886.2351,1035.3885,890.1687,937.6174,1047.7,1002.92786,1051.9131
957.3121,392.22696,957.8344,385.501,939.90344,387.79688,0.0,0.0,916.07526,413.50076,989.02167,470.06946,919.1058,466.85175,1069.625,395.20688,890.6966,376.3823,1110.6707,293.7358,885.7929,275.0691,1016.90826,674.2476,981.319,676.00244,983.97534,866.24695,1024.073,873.9579,941.5269,1038.4973,1005.4422,1037.7789
954.95764,380.65768,958.17096,373.51028,935.8363,376.73166,965.0931,394.4008,910.9344,403.9596,1000.31946,458.56824,913.72363,456.75595,1081.6105,391.85654,883.27136,372.69562,1111.8235,290.4864,888.2113,274.4923,1025.0607,656.6215,976.42645,658.8583,994.2311,845.18396,1011.3194,855.6176,960.66656,1022.5782,998.3832,1026.9254
955.2398,369.5596,957.3441,362.19662,934.27277,366.5463,962.526,382.27853,903.40454,393.96478,996.08936,447.77573,910.22687,443.14584,1084.0188,393.23294,883.6819,363.6123,1113.4407,286.63348,889.507,270.25543,1024.4623,638.0917,975.2793,639.51245,990.2619,827.8211,1007.22314,839.8931,963.90674,1013.82996,995.2176,1021.18805
945.8669,348.4682,951.5334,342.64444,925.5319,347.13477,965.0948,368.25824,903.0962,380.84164,1009.44836,433.8134,907.54065,430.9868,1092.0072,391.5511,879.1996,361.0069,1111.0847,290.71436,891.4952,266.4558,1032.478,626.6221,968.2315,628.3013,1012.7285,813.9661,988.8012,827.75244,992.2681,996.4865,975.4224,1010.66003
953.02997,344.08023,955.89575,335.8764,931.5421,342.0077,964.8401,356.3768,904.5746,372.9223,1005.9727,423.75128,910.72943,422.6103,1092.9177,394.4578,878.77515,364.82376,1111.3927,295.1588,889.5224,273.55618,1027.1855,611.35565,969.5292,613.6559,1002.1192,798.1506,1000.5383,811.32733,985.8007,986.55945,989.08234,993.4593
952.8124,333.13705,955.67,325.06113,932.5046,330.2415,964.3735,345.85104,908.1522,360.78918,1004.56006,414.22424,910.58374,412.28787,1092.5284,394.40817,873.586,370.0593,1111.8798,289.97256,890.0589,276.33636,1019.0929,594.2069,962.87775,596.0208,1005.1298,780.2408,1007.43994,790.7089,983.5644,972.4891,992.2634,975.2795
954.5419,325.1205,960.53503,319.11057,937.2519,320.38208,969.61694,341.39996,911.29193,346.7149,1013.02423,406.2228,899.5637,405.74225,1107.4739,385.9319,871.154,372.05112,1109.9011,287.9881,888.7607,272.15414,1027.213,592.5422,956.4793,595.468,1035.3806,769.8448,988.97095,785.4428,1009.55444,958.8296,972.36255,978.4043
953.73676,311.1536,959.5798,304.38712,936.26245,306.56506,969.84595,327.30115,912.3492,334.9091,1016.70886,395.07993,899.0213,393.8296,1108.3463,384.3305,869.9424,366.73837,1108.1133,283.7594,888.0388,267.7778,1026.2515,580.579,950.7142,582.5417,1043.4248,755.1114,981.1408,765.88684,1030.4302,946.4392,966.6755,958.59814
952.3079,297.45746,956.60486,289.12686,933.6083,293.27158,968.9858,311.43704,909.36334,323.49756,1017.33105,380.42398,904.73566,379.78293,1106.2811,385.19965,871.70435,363.32492,1107.0017,292.98926,884.7612,258.5142,1029.4672,568.7817,954.33386,570.85895,1048.5269,738.28326,987.55927,748.46344,1031.0813,935.3423,963.789,945.8895
954.40656,289.54535,957.78534,280.41763,934.95764,286.09143,970.227,301.67514,911.6512,317.49362,1021.6189,371.7314,907.08386,373.52142,1104.6344,387.22064,868.52185,370.786,1105.2825,293.5622,877.6229,270.12054,1031.2985,560.40674,954.5316,562.29333,1047.0354,736.4198,984.4951,741.2218,1035.265,929.79004,961.66187,929.85297
955.1758,282.78394,959.235,273.90344,936.47095,278.134,971.8105,296.16907,913.48425,308.82004,1022.70746,368.90744,905.2709,368.42688,1102.7698,387.11224,863.9579,372.81683,1101.357,291.2234,873.54877,278.48602,1030.6152,558.5287,952.0414,559.11444,1049.7627,728.43915,981.7271,730.1902,1034.5717,920.4225,956.73193,917.79785
961.4561,274.1626,965.4602,265.122,943.6562,268.5042,976.0046,287.17477,919.1571,297.42053,1025.5975,360.63757,903.51184,359.4103,1103.6819,384.67844,857.54095,372.3304,1101.0192,289.76752,866.3678,277.2464,1032.04,550.64514,950.7614,551.06946,1051.3651,719.43274,978.9058,719.32434,1036.8226,912.6925,958.6478,907.9669
959.10175,266.37543,961.84357,256.11536,941.92206,259.57867,0.0,0.0,916.4478,285.90173,1021.4541,349.01376,897.56854,348.08435,1100.8333,385.30264,850.0966,374.48987,1098.4758,290.1234,865.1992,278.65372,1033.4916,539.90485,951.2652,541.371,1052.2172,707.07526,982.3116,708.8749,1036.2102,902.51,963.3027,899.44116
960.83887,261.74152,964.5066,250.21574,946.39325,252.30702,0.0,0.0,922.5171,271.51633,1015.19476,335.5208,890.96564,336.5314,1095.5186,379.2673,836.94305,380.63382,1098.8143,281.87753,860.8666,286.6597,1029.3479,528.34625,947.2559,531.3678,1047.2979,695.964,969.88824,700.26215,1044.3259,894.43195,959.1233,893.96906
941.1281,254.51689,949.3285,242.31807,927.9545,244.78473,966.77454,255.77522,0.0,0.0,1016.23047,328.39685,891.45667,330.74802,1088.1522,381.64838,833.4028,381.2982,1095.841,290.9568,851.097,286.7603,1022.7838,522.1241,941.2295,525.39154,1041.9858,689.3279,967.48816,694.8074,1044.5878,881.07587,967.27277,884.2621
940.7254,248.78203,949.75397,236.84184,928.94257,238.70238,968.89984,250.39851,0.0,0.0,1017.5776,321.57867,892.011,324.03012,1083.0135,379.07886,826.50757,379.36487,1090.7087,294.02466,846.0654,281.63455,1023.443,514.6734,941.0744,518.10864,1041.5966,683.20056,964.48315,687.9985,1044.6445,876.3573,966.44586,877.6106
948.8683,252.8092,957.3042,239.46378,936.33936,241.05885,970.89844,247.24384,920.84564,252.04103,1012.6657,317.80685,891.23224,318.01144,1082.6725,379.86584,827.8558,372.12177,1086.5977,291.51712,845.296,267.0493,1019.3472,511.36505,938.2308,514.69977,1039.3928,680.675,964.678,685.5541,1048.4476,872.73615,971.12244,873.5538
954.73334,242.79854,961.5696,229.61034,941.80066,231.39603,0.0,0.0,921.44977,244.1361,1010.88434,311.98444,886.87646,313.24344,1081.8999,379.05798,827.2695,374.7162,1087.6194,293.34882,842.1295,273.7765,1020.4743,508.3884,938.08124,513.0089,1038.156,677.4453,966.011,685.34436,1046.0065,863.0004,976.0514,868.9325
953.7034,246.30333,959.5272,232.83505,941.77313,235.21263,0.0,0.0,922.50226,246.32649,1008.2373,310.22955,887.17786,313.10834,1082.2617,377.80646,829.5172,373.9175,1088.1051,292.85654,841.1197,272.66138,1018.98364,511.30237,938.77405,516.8817,1032.4971,679.42804,964.34326,689.7932,1050.0734,861.13367,980.6644,869.2554
947.3068,249.86842,955.0767,236.6932,934.0626,238.4421,965.8447,244.37746,913.6072,249.07951,1006.28125,315.33517,883.55023,316.17664,1082.1282,377.1633,829.0525,370.77576,1087.3309,289.3295,844.1377,268.6127,1016.2169,511.5551,936.2992,515.3071,1024.2981,686.25824,964.64813,690.6951,1039.5531,869.81836,988.30505,867.9379
954.65204,249.24496,960.5279,236.7886,940.91864,237.84775,0.0,0.0,914.5729,250.20938,1004.70447,320.29684,879.616,319.57413,1083.7998,375.10245,825.3862,367.05743,1086.3806,290.17966,840.22925,265.57043,1015.99036,517.5388,937.2574,520.5961,1017.2742,690.0795,973.75195,691.503,1020.8278,877.847,1000.82904,870.505
949.10175,239.23398,957.01117,229.75214,932.1074,231.45598,966.36475,249.42917,903.8601,254.5388,1004.603,327.64343,875.28687,328.80048,1078.9604,369.64023,825.3294,363.7686,1084.0096,287.76617,838.92285,264.98834,1013.81384,520.4405,934.0258,524.23724,1015.74744,697.0397,970.9268,700.9552,1013.60236,880.82043,997.8302,879.39
942.2696,259.86758,951.1271,251.4511,926.83325,252.11604,961.83936,269.51175,901.4683,271.66446,997.6286,340.48026,876.1502,338.7605,1074.6816,369.75806,826.31433,359.18713,1081.4811,284.18375,838.5978,261.29727,1010.0862,527.0444,934.52563,530.14465,1015.29803,704.47437,969.02325,710.725,1013.4562,886.568,992.01764,892.00696
935.55585,284.38824,945.3804,276.14142,920.3328,276.24124,957.79504,292.248,895.08844,292.93353,992.2438,359.7962,871.7134,358.3255,1071.7544,369.13898,825.8224,360.27557,1077.6742,277.79388,839.7312,260.3833,1006.6311,546.71356,932.6474,550.4827,1012.70984,724.7012,968.67755,734.93317,1006.9144,901.333,990.583,914.5774
931.93964,304.64426,940.0377,295.3832,915.5797,296.891,950.9495,309.0499,887.76404,313.17554,986.51715,375.47162,867.20166,377.19626,1068.4083,369.49933,830.5239,361.4339,1075.8635,281.23547,841.5051,257.3789,1002.70667,570.1462,929.3582,575.265,1013.4828,753.5722,968.16504,764.2962,1011.1262,936.8674,986.82904,948.6923
925.53595,332.19485,935.74457,323.16815,909.6934,323.55426,951.19855,336.65845,880.7405,337.44562,984.2785,396.00177,865.8901,397.9271,1069.7231,369.696,837.1315,365.71512,1069.9534,279.54495,837.82855,256.3361,1003.3563,591.0886,928.66797,595.1691,1016.94824,772.1476,969.8401,776.2662,1014.1829,960.3047,1002.65045,963.54016
927.9329,354.95718,935.5355,344.84335,910.53156,346.4067,947.59265,355.2975,875.8372,358.44803,979.5821,414.43222,861.9293,411.19092,1064.6699,371.94333,836.8642,349.96326,1065.305,278.1464,835.63257,250.9904,1000.8901,620.81866,926.4736,623.1586,1012.77124,798.3336,967.45044,801.00464,1016.27734,979.7952,996.48804,980.52246
932.522,378.0849,939.0861,368.59848,915.6213,369.4514,0.0,0.0,877.7555,379.8741,969.41235,434.53967,860.3769,427.1479,1047.195,382.59082,835.436,354.14072,1060.0703,284.47824,830.8078,255.94849,992.5716,645.2171,921.78937,647.38934,1013.5091,829.4535,964.4111,832.94244,1024.719,1016.2434,988.5548,1019.86395
936.4003,395.25604,944.5607,387.20663,920.0677,385.8956,0.0,0.0,880.5399,395.0582,967.6961,451.15012,858.59766,442.58267,1036.964,384.7782,834.82654,361.2021,1056.0834,284.24384,827.6752,259.84113,989.762,670.03546,918.30524,671.8275,1010.3599,854.8083,953.7552,857.66223,1015.1565,1027.3275,974.9458,1032.1455
940.2821,409.97003,949.16846,401.83762,922.95654,401.26202,0.0,0.0,884.11597,411.1366,969.6132,462.90164,863.0867,454.7166,1031.9952,388.86533,834.2353,364.14532,1052.9875,284.39423,825.5828,259.59332,983.163,688.2284,912.52167,690.5761,1005.29047,870.9267,949.70416,878.27014,1002.207,1037.4567,961.0142,1049.8027
943.32245,422.1675,952.2755,412.50275,925.5363,412.405,0.0,0.0,889.036,420.7219,974.25,473.18042,868.2849,466.06558,1029.6859,392.73926,831.869,371.16663,1050.4293,281.66284,821.7248,260.6637,982.36945,713.29816,912.5014,714.9195,997.3173,902.3033,946.29584,905.7114,988.36176,1055.3079,950.5412,1059.2787
949.8663,433.5498,959.2669,421.8094,932.32715,423.5658,0.0,0.0,897.0401,429.24664,978.99133,477.8529,875.5309,479.11148,1023.67694,387.00842,838.01154,378.51785,1042.1693,280.9847,829.79865,257.8898,978.8368,722.4919,910.3405,727.0208,983.52966,908.5518,928.9047,915.8614,975.59424,1058.4587,929.86835,1063.7787
955.01886,438.35815,966.85333,426.7201,936.5016,427.14166,0.0,0.0,900.5598,431.55856,985.05743,475.7028,881.2844,476.62033,1033.8748,381.56854,834.63666,379.32397,1044.4644,263.0822,813.7023,242.55249,979.52405,723.5043,912.53064,726.16626,968.8488,917.0188,932.3702,920.45435,956.26337,1045.2324,949.7655,1045.4198
962.9836,439.40433,973.63367,427.38733,942.92163,428.36676,0.0,0.0,902.6162,433.88086,985.815,474.78094,883.0611,474.17792,1030.2827,372.904,830.5428,366.978,1040.1438,257.8094,811.01044,237.85516,974.23315,722.6953,908.0852,724.21423,956.81323,913.98474,927.2602,915.9291,934.6844,1046.9678,935.11725,1042.3594
966.20013,439.411,976.86115,428.1224,946.5949,428.22614,0.0,0.0,905.0525,433.86908,985.347,475.4068,884.91943,473.66885,1027.6761,364.1976,832.4315,360.04083,1035.8104,247.63715,809.7327,231.66426,971.52563,727.6315,906.1774,727.56195,943.2312,915.12085,912.3992,915.1883,914.2057,1050.5403,914.6258,1043.8646
966.8092,436.1696,974.65247,425.49078,950.5276,425.7224,0.0,0.0,912.3868,431.33215,957.8203,474.28885,908.95496,472.48245,996.99084,360.69418,872.5732,344.51593,1034.6664,241.44255,822.56915,222.9885,948.7606,723.3162,919.63074,722.74695,896.76105,910.0347,919.2561,916.67084,872.73175,1060.43,908.05444,1064.0421
962.2841,435.79407,974.0984,422.2547,944.57764,422.91888,0.0,0.0,906.85114,421.99277,981.69257,462.21097,885.71967,460.84927,1013.81256,352.13254,830.92865,344.6531,1026.2764,244.0114,811.1759,235.02773,969.053,710.2423,902.9557,711.0101,925.0701,893.93353,886.20636,902.5644,894.9754,1031.9052,872.4615,1039.667
956.45197,433.79416,969.4153,419.63333,938.2865,420.5397,0.0,0.0,901.9624,418.43683,978.99005,457.24997,885.2958,457.65875,1011.76416,346.08917,827.19763,344.2674,1029.056,231.12094,797.3938,230.64111,966.0312,702.7848,901.41943,704.20404,922.3109,881.0676,882.7579,893.76416,887.80554,1023.55414,862.27167,1040.2284
953.6201,421.46906,961.53827,408.99792,934.16956,412.8081,0.0,0.0,896.2444,421.05664,972.02405,454.3721,879.80023,457.26526,1007.96375,345.5928,823.98694,339.85043,1024.9758,230.75139,790.61206,225.77975,958.3424,694.1358,896.6761,696.4127,912.92065,873.94794,890.02606,886.5696,875.47266,1029.4559,868.7159,1043.2003
949.70404,410.43158,957.35,399.36313,930.4239,403.20312,0.0,0.0,892.10046,415.24374,967.3938,448.44598,873.9646,454.0807,1003.84283,332.33417,818.2989,334.6364,1024.712,223.1966,785.8089,222.51196,953.7032,688.65393,892.6888,691.7311,901.2073,872.2628,885.01013,884.22406,864.6629,1034.152,870.63306,1045.2284
946.65845,421.28754,950.3084,407.01874,928.6304,411.80127,0.0,0.0,893.0184,415.17245,935.5642,445.67194,887.5216,449.35577,958.66205,321.4862,829.8523,319.58505,1007.5505,207.29239,791.8413,215.09569,931.92847,691.40094,903.2861,694.657,872.0253,869.95703,904.3975,879.15533,845.9934,1037.4135,885.34625,1037.3004
939.07294,421.39218,947.8572,406.26242,919.7881,410.27402,0.0,0.0,876.9914,407.51605,954.8033,434.1017,858.0656,442.2576,992.60675,317.19104,804.79193,323.15924,1010.0708,214.86676,785.82263,213.63011,950.7629,685.97186,887.60815,692.1741,897.1028,857.81964,877.21747,877.13617,870.63226,1026.1079,874.67,1046.3357
935.1816,418.07382,943.2589,403.3244,916.2188,406.60043,0.0,0.0,868.6341,403.85687,947.00006,433.07605,844.22095,440.19543,990.3227,314.95618,797.9861,320.67087,1005.7771,211.63524,782.2174,209.33739,945.16626,687.2159,875.8266,693.29944,903.998,856.79614,861.01117,873.9844,889.10657,1025.6488,862.07227,1042.3433
929.39465,412.9075,935.8872,398.52026,911.2581,401.8626,0.0,0.0,864.12396,399.1104,941.2691,428.0282,835.9604,433.0886,986.9603,313.82135,791.95935,312.23874,998.5538,211.5005,783.41235,201.99779,941.0526,681.94006,869.6626,687.6652,906.403,850.60297,858.00275,866.4672,897.63837,1024.4089,860.45013,1038.163
923.79956,405.23267,927.8989,391.7817,905.8067,395.63434,0.0,0.0,858.6186,397.9941,928.99585,430.02997,830.34247,434.58728,978.1991,315.83716,787.39606,311.44702,992.1288,210.36937,782.9949,202.07881,930.4781,680.13776,866.0103,686.6515,897.9489,849.7132,872.1508,866.6089,890.86395,1026.043,878.8545,1038.2898
905.606,408.0097,914.87897,393.29837,886.5996,396.83936,0.0,0.0,844.76776,395.04413,928.1583,423.787,822.48566,430.5726,967.3742,311.2987,785.3683,313.19626,977.41925,208.21638,783.93445,202.5564,929.0259,671.8724,856.90063,678.698,915.68207,841.5804,859.3916,855.19995,916.82837,1022.04675,868.7598,1034.0251
898.98505,400.06714,907.57086,385.92947,880.5892,389.18353,0.0,0.0,839.1288,387.24796,924.2123,415.56976,813.3148,421.7692,968.75574,308.77386,780.9117,308.4299,975.82837,206.23187,782.20795,194.63165,924.1518,663.83154,848.7712,670.4124,920.6238,829.0664,859.1417,840.295,922.8992,1008.8108,873.9161,1017.8148
895.5304,358.6592,902.7561,349.731,878.35785,351.01285,0.0,0.0,837.2134,363.16583,917.9559,406.0926,806.75085,408.3773,966.2626,301.83176,775.2919,302.11523,975.1035,188.28279,769.9609,185.92978,919.1589,637.18744,845.9649,642.4929,924.6407,809.04974,867.9923,819.01105,920.0155,984.71796,884.7113,997.4758
891.94574,364.12192,900.55444,351.0112,874.372,352.85797,0.0,0.0,835.9724,354.4405,922.63995,394.41644,806.6609,397.96362,970.331,300.53534,762.53925,298.79578,981.56714,191.11543,767.21454,169.11852,926.1869,622.3428,850.57965,628.4535,932.9511,790.67633,870.6968,799.75726,918.7189,971.692,877.097,979.68585
891.2772,345.09558,898.4685,331.87408,874.0494,334.35928,0.0,0.0,836.918,338.11835,923.3698,381.14914,803.3533,385.63022,980.5895,291.21857,747.4012,291.44763,990.93445,182.26936,761.31934,164.65388,926.51953,602.87146,849.735,610.38617,935.67194,772.2708,873.1039,788.21155,918.21313,952.462,871.9714,969.817
890.49066,336.3667,898.7829,322.9234,873.8954,324.96918,0.0,0.0,837.23456,326.41742,922.5606,371.7825,803.21655,374.51517,981.8711,282.15005,739.6181,278.74008,995.58966,181.33916,751.6615,161.35725,928.4088,595.33295,852.33624,602.8026,931.1362,764.082,868.24036,782.8841,919.9371,947.88043,871.01587,969.69836
891.1335,336.12772,899.4335,322.17136,874.6092,324.1995,0.0,0.0,838.54065,324.32034,923.83026,369.09705,805.4652,373.45334,985.33685,275.6607,739.167,278.91544,995.56,169.54175,746.00116,163.23804,927.88513,597.8474,853.09686,605.4423,929.69684,767.5005,871.9041,786.89233,914.9497,948.8223,871.6522,971.4591
892.225,348.0229,900.16156,333.2496,874.9085,336.11334,0.0,0.0,838.27026,335.7779,925.78186,379.23068,805.76245,383.1627,983.48334,289.7157,737.06836,286.81833,994.1327,178.92572,743.1442,161.99727,930.8425,611.90814,854.96173,619.57587,929.0737,780.39606,871.4978,799.5553,913.8005,958.5339,871.75653,979.9651
893.5181,366.9174,901.76697,353.02505,875.48804,355.74133,0.0,0.0,835.5035,357.01474,923.8579,397.28403,805.3204,402.9657,978.5378,308.43896,743.4682,307.33646,976.398,194.08662,737.21704,186.37221,932.53784,627.89813,853.9833,635.0777,926.3782,803.8252,865.58057,821.93225,919.97076,981.0897,872.3288,1002.44574
891.84485,399.10257,899.1356,383.76346,873.06323,386.78824,0.0,0.0,833.34357,386.4531,925.8959,426.97415,805.93066,436.07465,979.08844,332.28436,740.5728,340.33127,969.4387,216.9865,728.46423,205.5022,933.3371,676.05835,855.85986,683.5177,931.95435,838.0646,861.0919,851.5461,921.5237,1005.9807,861.0357,1016.18854
895.8994,434.87442,901.7731,420.44147,877.13525,423.44815,0.0,0.0,836.2357,425.58234,925.50165,468.875,806.3754,478.04993,981.40985,378.68567,738.4396,388.12485,969.69543,272.6402,735.57324,266.7695,930.42975,717.7374,854.24615,726.16254,931.8573,886.5956,871.92065,905.24817,905.12366,1033.8403,859.17944,1050.0908
900.18756,474.72174,905.5756,460.3215,881.4921,462.1813,0.0,0.0,840.4801,465.90146,929.8426,513.869,809.7565,523.68677,991.48413,428.3432,730.86786,448.52383,960.0476,311.37857,729.05804,324.61835,933.04694,771.555,855.191,779.3768,938.97546,945.01904,878.9599,963.6149,0.0,0.0,0.0,0.0
904.0648,503.39505,909.7194,492.15118,885.4651,492.4163,0.0,0.0,847.0209,504.28156,937.79517,560.7759,807.54694,572.636,1008.13055,485.81946,712.5202,525.59875,966.946,376.06073,737.52527,417.5008,931.9595,804.6589,851.2568,814.04205,947.0742,971.9074,899.54047,996.67096,0.0,0.0,0.0,0.0
902.15845,523.1265,909.7132,510.90567,885.6504,509.4917,915.5472,517.65674,849.63116,516.29645,944.27625,576.8286,797.20337,591.49664,1038.0188,558.87555,690.636,608.24365,991.609,473.33472,736.023,513.2463,929.2876,808.67944,841.0906,821.19965,953.12585,948.1154,899.1046,983.3575,0.0,0.0,863.1004,1080.0
904.1638,527.1224,908.40424,513.7892,886.49695,512.6648,0.0,0.0,846.1254,521.254,934.7586,594.29156,803.116,608.4873,1012.3704,626.17145,720.12854,688.44965,1005.29553,526.71405,745.70935,605.044,931.92773,815.1652,851.43976,825.2027,957.52423,966.43744,907.00287,990.25836,862.2374,1061.2361,847.3768,1080.0
901.9365,519.59,908.7106,506.53336,883.063,506.0305,0.0,0.0,842.3568,514.7578,918.6166,591.9464,818.3709,600.26324,966.7238,668.93445,762.80865,706.59357,1031.6199,649.10706,748.7198,717.5535,917.5756,800.2964,854.5465,807.86957,952.9961,960.8141,902.35675,976.1307,882.3531,1066.151,837.44995,1080.0
899.77246,509.8385,906.9588,496.77155,881.1066,495.70587,0.0,0.0,836.4341,503.0494,917.13446,583.40186,811.18286,594.50635,956.9986,680.9938,763.2549,716.9869,1011.24744,761.6276,743.11816,828.7127,923.89233,790.6207,858.4596,799.36707,945.9797,953.75336,894.0163,967.7434,882.63116,1067.4644,843.09705,1080.0
896.3394,490.17017,902.1629,477.9819,879.2683,478.13116,0.0,0.0,837.27325,486.93195,918.7682,565.7343,801.9165,573.08093,937.99457,676.2414,766.1686,694.44244,934.5182,766.2995,750.0747,810.68744,925.0912,782.29694,849.9337,789.40155,938.3962,958.52954,867.5743,964.85724,0.0,0.0,854.2358,1080.0
890.5928,468.54678,896.5236,455.60916,872.92535,456.6569,0.0,0.0,832.78436,464.90088,914.82495,539.55585,801.5695,549.18506,924.7962,635.0499,765.11896,663.66046,915.5539,687.73334,748.96216,770.99493,921.2967,763.4134,847.7236,770.47284,927.5697,941.3304,860.4562,945.59937,902.2813,1070.6525,844.89624,1072.5686
