0,1,2,3,4,5,6,7,8,9,10,11,12,13,14,15,16,17,18,19,20,21,22,23,24,25,26,27,28,29,30,31,32,33
483.55206,529.7592,467.43716,513.4169,0.0,0.0,480.79422,465.774,0.0,0.0,613.83453,480.57294,538.94916,440.55023,665.2088,705.3698,531.2236,551.9357,509.57657,697.4586,0.0,0.0,1042.1027,366.83994,1004.05084,385.48993,1238.2037,531.8621,1240.1218,528.07855,1547.0377,450.27963,1525.4744,434.91946
500.0075,509.50497,482.45975,494.41794,0.0,0.0,489.57233,455.3833,0.0,0.0,612.68176,476.59546,555.1655,435.8206,658.037,698.5798,545.70233,544.08203,502.9348,704.70667,453.9504,647.71246,1027.5398,366.9737,998.7184,383.44025,1222.7546,531.42804,1227.4098,520.86194,1530.5382,477.94592,1504.5377,452.31216
454.29044,531.6164,442.18106,514.8533,0.0,0.0,463.82703,468.49612,0.0,0.0,592.6758,484.533,529.6452,438.62512,655.2358,699.6621,535.6562,533.18726,500.7192,696.1636,428.44577,627.481,1004.4038,368.23923,972.8932,382.11374,1207.7661,541.60583,1211.9612,530.1725,1540.5901,469.24475,1515.6771,449.63428
468.55005,526.9205,448.20465,508.23074,0.0,0.0,452.43192,456.8746,0.0,0.0,582.35626,474.1371,504.0639,430.2205,627.43585,713.4097,502.11996,544.99365,480.34454,663.4664,443.804,629.73126,999.75336,370.93213,959.69977,385.61096,1176.9485,538.0662,1185.8741,525.23694,1456.0654,469.66583,1434.7861,439.4743
472.5238,505.7427,448.51065,484.90567,0.0,0.0,447.2395,437.3022,0.0,0.0,581.63776,467.04346,499.72662,433.32587,619.58575,706.04095,493.27963,547.5906,455.3572,668.2219,444.33307,633.39087,1022.67303,369.49622,980.0006,391.07272,1215.7979,526.8433,1225.5594,522.5711,1495.5499,454.92584,1469.1998,426.9888
466.1937,487.25922,446.09293,470.43393,0.0,0.0,447.0651,429.9217,0.0,0.0,568.0515,466.75012,511.0479,401.22107,590.7897,718.53864,507.89108,505.24887,422.48776,684.2383,421.718,625.2005,1002.7425,358.70822,972.9329,365.2512,1184.2705,530.6783,1194.0022,509.87457,1487.5242,456.6688,1447.9182,423.16324
0.0,0.0,0.0,0.0,0.0,0.0,424.6291,437.6476,0.0,0.0,551.1722,473.8017,495.49988,397.928,586.438,718.4004,487.9487,491.32068,410.9024,690.1319,0.0,0.0,977.9453,366.64627,951.07434,366.9552,1144.879,540.14294,1155.9775,511.02725,1450.1965,462.84814,1421.4474,424.18234
440.1437,473.3542,420.24713,459.43332,0.0,0.0,419.41693,425.7325,0.0,0.0,540.3261,465.15875,491.71988,404.08597,574.304,706.9781,487.3202,505.2409,408.53915,687.293,0.0,0.0,961.5667,365.46445,937.1431,373.0447,1129.7812,540.9181,1136.6545,524.40564,1448.023,463.50906,1407.2499,436.78418
436.25546,485.75833,417.8932,471.67368,0.0,0.0,422.1677,432.60263,0.0,0.0,542.08215,465.2166,499.15952,395.52304,575.151,710.8301,497.58948,493.98462,405.09402,686.6603,399.14767,603.072,970.66516,351.00375,950.3542,355.11237,1147.6812,530.9987,1157.4166,509.20825,1472.7772,452.9907,1435.7505,423.98502
436.65482,478.52676,418.5011,465.12708,0.0,0.0,422.53455,431.18338,0.0,0.0,542.604,472.0599,505.16513,394.4123,573.90924,713.2708,503.15204,481.56363,406.40634,687.15015,398.7957,600.2697,972.35876,352.289,954.9461,351.7054,1141.961,533.1307,1152.4362,502.6084,1472.4679,461.5091,1428.0289,421.80743
435.61642,483.64957,418.06174,471.17514,0.0,0.0,423.0025,435.17752,0.0,0.0,546.0817,469.5509,491.45956,391.3222,577.5294,714.02155,477.72577,479.18427,403.98267,690.1541,380.3044,600.5755,978.1441,350.01755,950.8779,351.00082,1152.5344,528.3338,1160.825,502.30893,1477.9285,452.57,1446.4172,419.9396
436.499,479.99506,417.10144,464.2233,0.0,0.0,419.56577,426.68127,0.0,0.0,547.6906,467.76492,477.88275,396.1527,589.38934,712.8818,468.34653,482.9153,409.37366,690.02856,0.0,0.0,988.99774,348.23422,952.2699,353.0543,1166.1716,537.9946,1168.4011,516.1344,1488.3757,476.77856,1446.3036,443.59744
439.87683,500.39227,420.218,484.6811,0.0,0.0,425.44788,440.40033,0.0,0.0,553.522,476.85654,500.96988,395.82443,584.72705,728.85956,509.27484,480.10336,408.2038,714.8333,427.53372,614.67993,1017.3655,362.468,990.4836,364.74646,1210.0195,548.6389,1219.7817,526.7059,1530.753,467.37564,1490.238,439.88528
433.72495,523.44214,417.19528,505.57535,0.0,0.0,431.1613,454.8976,0.0,0.0,562.24554,488.50488,512.21576,389.79175,590.57043,745.09595,525.61896,465.38034,404.88586,723.581,0.0,0.0,1012.74524,356.5646,987.0273,345.97302,1184.9718,559.50824,1192.18,517.045,1499.6665,480.5148,1449.5071,431.77188
431.3609,543.5033,415.45938,518.2816,0.0,0.0,438.23907,462.1683,0.0,0.0,575.5792,486.66925,503.0215,447.3111,635.8159,707.8137,514.0047,523.0525,462.1349,742.58514,0.0,0.0,1025.263,363.72217,988.5172,383.30557,1268.3389,546.9388,1284.3164,537.6321,1611.8796,477.03058,1579.6223,442.963
429.7936,539.3539,414.45245,512.54987,0.0,0.0,440.74576,461.03012,0.0,0.0,575.0223,491.3456,523.53314,455.10864,626.1916,716.0947,542.98114,535.9703,467.238,744.2917,399.99008,625.4793,1020.9139,373.4438,994.27185,391.97006,1261.2075,561.66235,1283.7568,549.0462,1605.5951,507.45697,1559.8627,465.08542
445.0059,542.8785,427.51437,517.13153,0.0,0.0,446.47998,466.03738,0.0,0.0,579.65295,496.7516,537.1243,447.14203,637.0251,735.0046,561.14136,528.5191,474.5971,769.5333,0.0,0.0,1025.2987,378.18356,1005.1304,389.96677,1260.7445,573.5088,1282.7073,550.043,1608.1963,521.0768,1554.5457,466.95035
446.53412,545.72906,425.22403,518.533,0.0,0.0,438.5997,464.0103,0.0,0.0,569.0733,493.4035,546.4527,457.82358,628.8567,721.14185,567.28326,535.9734,485.34256,784.9258,433.25485,623.79254,1014.7357,389.62857,1006.6205,407.93106,1269.9994,573.1643,1297.1925,557.88416,1606.519,538.97815,1543.2019,486.90005
447.1717,550.8102,427.11237,523.90906,0.0,0.0,441.12497,469.70264,0.0,0.0,573.861,502.23187,546.4349,453.26315,642.12085,731.2198,576.9553,522.7399,486.23322,797.02997,444.9917,615.38184,999.9344,394.74152,988.45667,404.28067,1246.9556,576.40686,1263.6786,547.90894,1590.2227,544.4286,1513.2606,479.78577
431.80316,550.0487,413.1979,523.2516,0.0,0.0,429.61057,469.73047,0.0,0.0,562.0835,497.52713,533.85004,457.2097,626.6915,727.69543,568.98883,539.3616,472.86264,788.0204,0.0,0.0,994.1624,395.4408,980.7856,409.4993,1240.6824,579.53705,1259.9037,557.9213,1585.428,542.96136,1516.8223,485.051
410.67004,539.7376,397.45816,522.9941,0.0,0.0,423.25592,478.75873,0.0,0.0,536.03674,497.24716,534.1704,410.79752,553.25116,762.0236,529.6499,511.67953,373.13986,690.79895,378.54446,606.37177,1043.1438,351.04196,1034.0331,350.1571,1233.5527,584.01733,1230.6837,557.22943,1570.6307,555.57245,0.0,0.0
412.10074,548.0587,396.87308,523.6408,0.0,0.0,416.55002,471.18155,0.0,0.0,545.1215,496.6662,501.20178,462.07748,593.98517,710.1055,521.9279,542.9264,445.04837,743.63727,0.0,0.0,994.65015,388.63855,974.0025,409.44034,1241.3446,573.40674,1265.1973,563.33826,1595.629,510.47882,1556.1284,471.68948
410.21066,535.3973,396.56854,513.43396,0.0,0.0,414.3926,463.00885,0.0,0.0,534.2079,486.44992,497.39996,448.26727,576.9469,688.11096,515.6992,521.76324,434.10214,721.6917,376.14664,612.51855,990.5883,379.88583,973.12946,399.36322,1236.4105,572.25714,1256.3197,558.4866,1592.358,521.1242,1551.7816,482.7371
433.43802,497.62482,414.88797,479.79236,0.0,0.0,422.611,438.0545,0.0,0.0,536.93335,469.98834,532.9182,424.51312,584.90796,665.15,540.75226,485.3041,446.98666,687.1679,391.0613,582.72797,1002.02405,381.436,1006.28613,399.45703,1260.301,565.9432,1288.1483,549.6101,1627.4679,518.93317,1582.5264,482.9317
452.74988,477.87177,430.4276,460.37054,0.0,0.0,431.62646,411.4293,0.0,0.0,543.5427,457.0061,564.0755,351.67194,554.72437,706.7245,555.8881,407.20984,392.05554,657.68427,0.0,0.0,1009.46545,362.43213,1027.039,350.7057,1194.5175,577.8611,1229.7844,533.2716,1531.1652,514.6338,0.0,0.0
451.97726,449.5525,431.7964,434.3995,0.0,0.0,431.55078,392.08035,0.0,0.0,536.2156,442.4753,557.1881,339.0235,541.95435,691.6525,552.67944,418.21317,399.18997,607.09247,428.70456,516.896,986.79865,350.27444,1003.27686,337.99658,1158.4706,564.0696,1188.0206,515.2128,1490.8962,530.6983,1419.7164,473.491
433.2187,437.2685,423.6745,420.4382,0.0,0.0,440.0988,382.50067,0.0,0.0,519.001,414.33905,541.86646,357.81906,533.2152,623.25195,535.2684,440.9283,397.06696,627.6327,360.39536,513.23047,950.8021,322.8264,966.7216,334.76697,1202.2512,530.10095,1223.9491,510.1367,1578.9298,520.26636,1531.4799,493.3368
434.44693,412.9366,428.3163,399.08078,0.0,0.0,444.90228,366.44385,0.0,0.0,505.1347,374.54462,538.94916,334.72128,506.9795,597.15234,523.2078,449.26834,361.22726,582.0583,330.5464,490.75226,953.81067,308.6501,965.8096,332.43457,1247.6774,504.07755,1242.8602,502.03162,1621.298,508.30417,1557.7577,503.8808
447.72787,379.65436,434.68497,363.30908,0.0,0.0,435.56534,330.1974,0.0,0.0,521.8378,377.14627,521.71423,313.4005,533.4447,595.8151,511.54358,402.44092,429.5128,550.58325,0.0,0.0,947.63,308.07587,954.1447,316.2134,1139.0139,520.92316,1158.7542,501.55106,1474.415,464.35757,1419.8789,441.3425
363.89935,406.12335,359.01627,392.76517,0.0,0.0,391.16492,351.68848,0.0,0.0,493.07666,382.49866,513.01575,290.35022,516.83777,603.33813,516.21234,364.19077,417.46408,560.9702,350.24103,479.30118,947.5979,300.27408,963.20544,295.26224,1147.3729,528.6971,1168.6617,498.96826,1497.5763,463.45404,1448.4725,446.19553
359.7392,394.98083,352.87585,381.6729,0.0,0.0,381.05,342.58777,0.0,0.0,486.2915,377.252,505.15256,294.725,524.6393,593.1663,511.91107,376.7561,422.8926,549.40466,357.3719,478.7903,922.34717,291.6108,939.82855,288.72382,1121.7755,508.1216,1144.7834,473.64642,1477.5974,460.82492,1434.5938,431.82773
341.56067,396.74698,331.29364,381.32925,0.0,0.0,354.6876,331.43512,0.0,0.0,465.20142,367.94165,503.24176,281.16803,517.96875,588.39136,523.27844,359.68295,426.61755,551.5931,359.79376,461.66016,909.4149,301.87335,938.3471,295.76212,1121.4916,512.99457,1143.6504,470.50974,1481.2332,466.4164,1414.5797,425.07974
321.22943,392.23032,313.97278,377.63434,0.0,0.0,340.7279,331.99466,0.0,0.0,448.93625,371.4649,482.50424,279.15097,501.1485,592.70325,502.76038,348.46335,399.38217,566.2689,324.53714,456.45346,903.9595,289.57993,930.56494,282.64783,1109.5903,514.6405,1135.7404,477.4308,1487.6953,447.27896,1430.2015,416.72546
323.19983,389.84024,313.33813,372.01978,0.0,0.0,333.03516,328.5242,0.0,0.0,428.0561,373.66608,476.15762,288.79642,474.61642,581.40186,498.9655,333.18182,374.4682,587.21027,308.32086,447.51987,881.6752,293.6251,915.9181,291.713,1106.7277,521.0244,1143.5647,493.6289,1487.0343,452.50296,1420.9556,427.64377
289.9129,399.63547,0.0,0.0,0.0,0.0,309.9344,343.77408,0.0,0.0,394.87006,375.73022,433.3375,311.7462,438.96762,562.71075,466.0578,376.45825,371.02225,581.00336,317.3175,479.4287,827.82367,318.1522,853.3164,324.92093,1070.3488,534.8181,1093.5194,516.90454,1448.4001,480.43912,1392.1769,463.05515
260.9882,415.51584,253.97543,402.318,0.0,0.0,281.0323,361.20486,0.0,0.0,383.9963,397.09995,427.60446,294.72693,417.75943,615.60834,442.49478,344.5123,327.21155,602.14435,301.7361,410.3879,807.1967,330.29208,838.04755,316.1243,1003.27155,544.52094,1030.7772,500.68405,1348.6932,486.0942,1291.4901,447.36496
240.64105,429.10614,231.03621,419.93298,0.0,0.0,256.62717,384.36896,0.0,0.0,363.87585,425.64597,424.4946,309.51187,411.09586,660.1266,427.3449,371.6407,311.29407,606.2359,251.88647,468.39468,817.91,337.5997,858.5405,319.9368,1017.35486,547.7003,1045.1049,498.45898,1391.4926,500.98877,1326.8098,463.15112
235.5223,451.86374,228.219,445.66077,0.0,0.0,250.50398,411.06976,0.0,0.0,349.3529,442.12326,411.03882,327.82306,393.49988,667.6273,417.09534,395.6338,297.6136,602.60504,230.53633,496.0533,820.0179,346.60074,861.6942,331.42978,1030.4274,554.8013,1057.2278,507.62054,1406.1144,505.24963,1351.0442,474.6602
217.19229,456.23715,208.79942,446.39062,0.0,0.0,234.61176,407.8052,0.0,0.0,341.69434,442.20303,399.6764,343.02682,385.4165,672.5402,411.49228,425.25705,285.0684,612.5675,221.7703,514.20605,805.15967,360.8914,843.11743,350.48596,1020.11847,564.5563,1044.5914,521.47797,1395.4868,519.0674,1332.2491,484.6635
220.3011,465.2833,211.12949,454.53598,0.0,0.0,234.12044,411.5587,0.0,0.0,339.66144,444.76785,400.03418,350.2104,373.42126,679.8963,412.66208,437.30594,279.49643,620.0366,229.88708,527.2291,820.3931,374.46893,859.6258,368.4106,1039.7623,581.0345,1065.834,546.74255,1414.3964,516.319,1348.5776,493.01193
222.53897,464.45013,216.36241,455.14813,0.0,0.0,244.86795,412.0927,0.0,0.0,349.04175,442.92264,406.18024,341.10132,382.36462,678.66376,411.6883,428.77518,293.7049,616.6123,224.04318,516.3607,827.348,371.0788,865.55646,361.82272,1048.6426,576.60333,1070.3577,537.8941,1418.621,514.0339,1358.369,491.8125
255.14603,457.87787,246.0331,447.85303,0.0,0.0,267.77585,406.44992,0.0,0.0,361.31287,437.0033,431.36218,341.3322,391.51108,671.16034,436.80096,429.39737,307.214,600.50366,256.71286,511.77185,832.82025,353.6608,879.50867,348.26312,1050.3625,570.3986,1080.8408,539.65674,1421.0684,525.6634,1361.1161,512.4335
264.62915,438.73914,254.9051,430.4359,0.0,0.0,273.29764,391.5708,0.0,0.0,367.1403,422.56827,445.22818,319.88202,406.09003,658.88965,453.95004,405.05658,328.92816,587.36505,0.0,0.0,828.3928,350.15552,879.6552,340.63248,1042.0947,557.8555,1068.5715,521.6018,1408.6624,512.5995,1343.1998,494.00455
265.04617,427.15924,254.09999,418.96393,0.0,0.0,268.3388,377.41608,0.0,0.0,361.3351,404.55286,445.913,300.27658,412.63037,644.52985,462.1387,388.08347,338.0461,559.14056,0.0,0.0,809.8387,341.4084,865.65784,330.27606,1016.3337,557.80023,1046.0251,517.8325,1396.9233,520.85614,1332.8633,494.65433
286.90567,415.14078,280.61334,401.3431,0.0,0.0,293.4104,359.18164,0.0,0.0,361.3195,376.912,431.4517,332.75284,410.93503,584.1932,458.98822,439.409,329.7761,593.96265,0.0,0.0,761.7627,343.43973,805.29517,358.76953,1032.0516,537.2161,1067.8069,522.9716,1432.263,544.2558,1407.1611,523.8882
294.78592,415.1856,288.8561,400.84802,0.0,0.0,303.34528,356.51096,0.0,0.0,364.46906,371.7074,442.11108,328.88672,405.38272,585.2804,467.1232,445.63962,333.75055,575.99066,0.0,0.0,766.33026,332.50745,814.63043,350.3112,1047.5505,539.38995,1080.584,530.5558,1465.9413,540.51385,1430.0944,530.40106
308.26056,393.0372,301.64578,376.43344,0.0,0.0,310.70435,339.3646,0.0,0.0,381.47235,370.1772,430.95258,332.7937,433.7851,548.445,488.27637,410.15195,374.85858,584.00867,379.98752,490.7525,768.36224,338.1958,799.0003,356.5048,1040.3066,536.7548,1062.6954,532.8987,1418.6141,531.6685,1355.8132,522.11646
305.37125,384.827,0.0,0.0,0.0,0.0,309.8292,334.13022,0.0,0.0,375.80597,364.91064,422.28406,326.28644,430.47903,538.90436,483.4117,409.14185,380.93774,555.2783,0.0,0.0,746.0539,329.9731,775.99493,346.02487,1003.25793,529.6518,1027.9512,516.52325,1395.8157,535.3409,1346.2263,512.7249
302.54126,380.03653,296.2946,362.34457,0.0,0.0,304.29318,326.34348,0.0,0.0,374.15964,360.59183,422.4797,328.4476,429.461,536.9078,483.45767,409.46356,372.58057,559.2083,0.0,0.0,760.2906,324.74258,790.73987,344.541,1016.482,531.7555,1039.7083,526.1304,1409.3973,532.09827,1347.2697,517.1423
301.2735,376.9041,290.7517,359.5051,0.0,0.0,289.83493,323.0816,0.0,0.0,358.39398,357.94492,417.3154,326.14542,429.79333,532.43066,482.92093,403.05597,372.34634,585.46277,0.0,0.0,741.8332,325.57077,781.7568,346.06058,1012.70386,523.03815,1057.9323,513.934,1401.2303,541.3001,1365.1348,514.9411
295.64227,371.1505,287.22202,351.55984,0.0,0.0,286.2588,315.66742,306.54236,331.727,343.96475,353.23984,400.40048,333.2852,398.65384,523.47107,466.61545,411.6449,332.25278,594.4349,0.0,0.0,717.1145,325.07532,753.1652,351.76886,1006.2486,522.6478,1048.6227,523.9105,1398.2374,542.673,1356.2194,527.2302
269.821,394.90704,259.22308,381.0286,0.0,0.0,265.92328,338.99637,0.0,0.0,322.37946,348.09378,418.01843,308.80692,352.1303,557.19965,438.53467,411.3978,282.7598,531.2084,0.0,0.0,738.63275,314.90186,796.73694,335.82556,989.4956,537.1506,1025.4419,539.42505,1400.1476,518.4894,1352.1018,522.09247
248.64697,383.82175,242.88121,370.97327,0.0,0.0,253.49263,333.01077,0.0,0.0,301.18973,346.1532,391.48508,307.4822,341.5079,551.3723,420.62247,417.41483,301.9763,544.4982,0.0,0.0,692.16327,315.8404,746.8931,336.95068,974.69257,519.9386,1000.1334,518.1422,1385.1688,525.33264,1340.977,526.13513
232.0973,393.66068,227.10489,385.69876,0.0,0.0,226.42996,348.55527,0.0,0.0,261.9866,332.6107,347.5427,310.45645,305.92096,531.28864,378.67087,433.79236,233.5437,530.7515,0.0,0.0,667.3265,328.30344,712.10864,360.15796,988.62604,520.8238,993.7334,530.3159,1399.196,538.5908,1362.9552,551.79987
216.26422,394.18195,206.00816,381.29684,0.0,0.0,198.56255,342.31775,0.0,0.0,246.8113,352.11386,326.8161,328.56744,319.09955,551.6028,373.0276,446.9762,282.2773,578.17694,0.0,0.0,642.23145,323.821,691.2277,352.9117,937.3673,527.909,966.7001,528.295,1363.1731,553.2803,1326.4658,543.0084
202.30183,423.0048,195.0466,406.88123,0.0,0.0,202.51566,347.6545,0.0,0.0,243.37083,320.63297,336.62567,318.0866,290.3599,538.68994,377.72565,467.8921,217.16016,540.99207,0.0,0.0,652.5551,312.36975,700.53955,352.21527,982.1512,546.45593,990.8279,562.96783,1414.9381,587.1371,1343.814,590.97546
173.60815,418.0481,160.75085,405.2979,0.0,0.0,162.11188,360.4253,0.0,0.0,229.22481,373.7386,321.79102,323.06424,262.58466,595.4147,342.18414,426.84094,200.27808,558.72345,0.0,0.0,669.5189,337.78217,727.3083,354.4979,901.45953,571.9981,938.6661,573.9617,1302.5907,542.8288,1246.5094,552.3124
0.0,0.0,0.0,0.0,0.0,0.0,147.96643,366.32098,0.0,0.0,208.04924,374.5168,288.01495,329.75223,249.1593,585.47394,316.81696,428.15982,217.58995,585.8746,0.0,0.0,634.56085,345.0228,684.2826,366.83377,892.6236,572.63104,924.56604,579.99396,1295.7383,560.7646,1250.1436,573.9101
153.64815,420.45395,143.86395,409.97525,0.0,0.0,144.32986,372.3502,0.0,0.0,195.07463,387.11673,291.52304,332.57538,240.67291,580.80817,313.18918,408.09924,223.74756,554.39484,0.0,0.0,618.2089,340.51825,678.816,358.2269,892.2083,572.21454,929.69824,573.5548,1304.259,579.25604,1248.1777,589.7558
164.34695,430.6153,151.31488,418.32846,0.0,0.0,150.07343,375.3265,0.0,0.0,210.06061,393.82144,307.25528,337.17078,265.64813,600.16534,339.95953,421.8179,243.34933,571.75073,0.0,0.0,637.72394,351.167,700.69196,367.16623,906.6636,585.1929,948.2948,583.6438,1308.8538,591.85913,1250.9082,597.70294
0.0,0.0,0.0,0.0,0.0,0.0,169.06705,367.8166,0.0,0.0,205.93233,352.66223,308.00015,309.7564,278.1598,578.1524,352.57346,440.32162,255.59175,572.166,0.0,0.0,638.25397,336.36438,697.07574,360.6334,924.8235,577.5454,933.55963,580.8426,1325.4199,608.49805,1274.3234,614.44727
0.0,0.0,0.0,0.0,0.0,0.0,199.48883,348.34756,0.0,0.0,229.49922,330.23822,328.7526,306.8051,310.8716,565.8199,376.9478,466.8549,304.60474,601.9678,0.0,0.0,644.62256,344.8861,700.5835,380.23453,977.98047,587.43164,988.8719,602.7962,1407.178,635.65906,1368.2244,654.01154
0.0,0.0,0.0,0.0,0.0,0.0,198.77289,326.3368,0.0,0.0,233.91975,316.4348,350.36838,291.65854,312.51993,542.0795,401.2558,431.4191,298.27612,557.5306,0.0,0.0,660.09674,333.59592,729.6351,367.6749,985.7284,578.3412,1020.8397,588.492,1403.0137,633.401,1376.7537,642.8169
0.0,0.0,0.0,0.0,0.0,0.0,232.86049,324.31937,0.0,0.0,264.28876,309.28528,373.93607,278.9032,344.85425,537.89777,428.0691,416.19946,347.38037,566.7116,0.0,0.0,679.0993,313.50406,741.65924,343.62598,982.2202,566.3979,1006.16144,578.56775,1384.9971,626.5573,1360.6022,641.611
0.0,0.0,0.0,0.0,0.0,0.0,283.93344,300.46353,0.0,0.0,300.6473,268.24017,415.75763,260.17935,367.1492,457.57162,476.5329,401.34824,340.72324,529.6618,0.0,0.0,661.95526,309.08386,724.4138,344.86502,983.4859,563.4159,1009.4365,575.1401,1408.2,652.7498,1386.936,662.8096
0.0,0.0,0.0,0.0,0.0,0.0,285.88037,292.02686,0.0,0.0,302.64005,279.112,439.4666,246.8015,398.5078,475.20844,500.4222,373.7581,380.46033,543.3365,0.0,0.0,669.24316,301.6947,749.9916,328.60526,988.2206,557.9085,1033.4208,564.4341,1407.6765,654.4931,1396.5817,668.23285
0.0,0.0,0.0,0.0,0.0,0.0,304.73364,267.49185,0.0,0.0,324.2919,269.59753,475.0615,233.71431,415.30618,494.30807,526.03204,384.81595,419.74466,521.0508,0.0,0.0,689.7649,293.2114,781.5389,317.0109,982.24457,563.21796,1039.5931,570.3903,1398.1001,653.248,1398.282,672.2172
0.0,0.0,0.0,0.0,0.0,0.0,311.441,247.09068,0.0,0.0,333.53522,247.1908,503.184,211.86191,420.29352,479.03387,549.53796,363.61966,431.64578,490.0685,0.0,0.0,712.96893,295.8883,817.92377,320.0127,1005.48285,564.65076,1069.8516,572.66144,1409.0431,661.1411,1405.8845,680.9678
0.0,0.0,0.0,0.0,0.0,0.0,328.7541,238.27771,0.0,0.0,357.72684,238.62186,505.40546,203.9861,426.30048,471.95032,549.61694,360.70343,427.6615,482.76822,0.0,0.0,754.93695,294.2968,843.30817,317.58536,1022.5298,571.009,1065.3551,581.5427,1401.5046,650.4943,1386.7356,677.5908
0.0,0.0,0.0,0.0,0.0,0.0,345.46225,220.81711,0.0,0.0,365.77985,209.32152,511.8903,186.23236,436.67505,429.1826,571.7712,342.78998,454.88855,457.97415,0.0,0.0,759.9277,283.38794,845.31506,309.79,1029.2567,560.2302,1069.603,566.56824,1391.4869,681.33673,1391.6332,689.2503
0.0,0.0,0.0,0.0,0.0,0.0,356.40155,202.72916,0.0,0.0,362.5111,214.36598,522.727,188.21938,447.64627,390.118,581.1417,299.47614,450.77106,456.0152,0.0,0.0,705.66376,250.27359,805.9993,273.66083,979.745,534.9705,1082.0662,537.1886,1359.9229,670.5447,1409.0339,676.8503
0.0,0.0,0.0,0.0,0.0,0.0,379.9565,192.58154,0.0,0.0,385.05865,205.37952,550.1904,175.27666,467.2325,382.41302,609.01447,289.5904,478.77414,436.06213,0.0,0.0,718.70013,249.98718,825.69824,270.52838,989.36926,532.075,1103.1873,528.57623,1342.5729,674.66254,1414.6898,678.0112
0.0,0.0,0.0,0.0,0.0,0.0,402.8249,199.21066,0.0,0.0,413.2935,182.77763,551.2059,161.10352,490.26428,362.60843,614.4114,289.94806,481.9106,428.72318,0.0,0.0,739.47107,255.70377,821.2596,278.10678,998.95337,525.85986,1079.2235,522.3109,1347.8624,672.32684,1418.59,670.16785
0.0,0.0,0.0,0.0,0.0,0.0,407.84705,195.3633,0.0,0.0,421.05582,180.78883,553.076,159.27805,496.34628,356.61667,618.4528,282.7305,481.89212,425.8325,0.0,0.0,745.3707,255.26569,823.2122,277.93396,1004.0629,526.55493,1080.0895,524.8114,1350.6082,669.9679,1415.5076,669.15564
0.0,0.0,0.0,0.0,0.0,0.0,410.39795,199.57953,0.0,0.0,421.0232,187.00163,553.654,160.78157,497.2664,362.12643,613.4338,280.1038,481.1283,427.87238,0.0,0.0,739.41504,260.20367,820.4892,280.27258,988.77673,523.3755,1085.3947,519.26654,1314.5673,676.7901,1418.42,676.60516
0.0,0.0,0.0,0.0,0.0,0.0,378.0717,200.32251,0.0,0.0,385.8809,207.4622,550.92004,170.44748,469.1977,388.32736,602.60297,272.54077,465.9617,437.4487,0.0,0.0,728.877,250.58057,836.2808,269.1962,985.732,532.5747,1105.3075,530.05115,1338.7328,668.38293,1420.0017,672.3965
0.0,0.0,0.0,0.0,0.0,0.0,375.7158,204.91827,0.0,0.0,385.96262,219.43973,545.3705,184.25043,464.35254,409.0492,598.74384,296.5231,459.46637,466.2998,0.0,0.0,728.6236,252.76112,831.4882,271.0214,978.3727,536.8619,1098.2655,531.4164,1336.8745,665.2976,1417.2106,663.0345
0.0,0.0,0.0,0.0,0.0,0.0,377.84073,207.65556,0.0,0.0,385.5653,221.79318,538.5002,192.42526,463.03568,408.4979,590.15845,306.21002,460.45056,462.02774,0.0,0.0,730.03754,259.25208,826.7963,282.24512,997.44415,536.2264,1089.2075,542.1224,1378.027,650.99506,1421.5242,667.7223
0.0,0.0,0.0,0.0,0.0,0.0,365.93884,213.06825,0.0,0.0,374.89328,224.32027,531.46234,195.54118,453.33896,410.1382,580.61194,303.23547,443.1331,459.8759,0.0,0.0,725.9573,254.45656,823.2516,277.56647,997.81116,540.2935,1084.7198,544.6396,1396.9524,663.4902,1416.5344,671.3483
0.0,0.0,0.0,0.0,0.0,0.0,368.5371,219.65448,0.0,0.0,384.12125,207.10603,529.4249,179.94586,457.38904,427.11722,602.1176,331.3855,481.26767,464.41727,0.0,0.0,760.88806,272.72513,847.9532,295.76987,1009.0751,548.562,1071.4459,550.2702,1342.9468,692.25336,1379.4294,691.8991
374.3095,275.19507,0.0,0.0,0.0,0.0,358.17456,215.72768,0.0,0.0,363.2039,221.5887,511.10773,202.9557,439.23727,399.2732,561.5479,314.20306,427.75406,463.73767,498.55444,409.12576,717.6668,250.3591,806.3385,278.88602,1008.50995,528.82837,1087.9478,543.0612,1387.8036,658.17053,1409.5665,680.46027
366.2437,265.72913,0.0,0.0,0.0,0.0,347.97647,209.44936,0.0,0.0,348.529,214.24434,499.6336,194.67043,426.888,382.88382,558.1059,308.54312,411.44342,453.20984,0.0,0.0,690.66766,239.69856,780.56067,264.19797,968.53455,526.51154,1061.5093,522.7125,1355.1168,676.1712,1398.6295,666.9957
0.0,0.0,0.0,0.0,0.0,0.0,350.30264,206.25572,0.0,0.0,363.75003,183.3991,487.2759,170.26918,434.59122,392.4769,542.3077,330.0156,448.37164,451.43353,0.0,0.0,729.7534,248.26794,799.8518,276.60812,988.35223,506.4345,1024.0833,507.93027,1336.0627,659.70135,1345.7013,653.0723
0.0,0.0,0.0,0.0,0.0,0.0,349.0405,194.92026,0.0,0.0,362.0236,169.8566,477.38507,159.79254,434.87988,372.945,542.4888,322.77325,446.983,436.4561,0.0,0.0,727.53674,235.20607,792.25525,264.12656,965.742,512.08215,1005.9256,514.5395,1310.18,675.2122,1330.6979,667.65125
0.0,0.0,0.0,0.0,0.0,0.0,377.0974,170.5265,0.0,0.0,389.53116,155.02936,485.8917,152.30598,434.588,349.99707,534.2227,316.42294,445.77786,425.2015,0.0,0.0,734.3875,239.87248,785.5115,270.57166,967.3971,494.73618,990.45984,497.11313,1304.5165,669.8575,1315.6597,662.28174
0.0,0.0,0.0,0.0,0.0,0.0,0.0,0.0,0.0,0.0,385.66736,142.35297,489.77032,136.18456,434.33514,325.77783,0.0,0.0,456.5336,396.16443,0.0,0.0,691.11523,224.17732,746.24554,253.87532,938.4231,476.2872,972.9375,480.9755,1286.2423,670.30133,1297.8612,666.3465
0.0,0.0,0.0,0.0,0.0,0.0,0.0,0.0,0.0,0.0,365.02316,128.73267,479.6709,121.33296,425.11368,319.09152,0.0,0.0,421.12027,385.7701,0.0,0.0,663.32587,192.33275,725.7891,219.28757,903.5742,492.7352,962.8473,501.0284,1233.3153,663.5473,1289.5858,673.21344
0.0,0.0,0.0,0.0,0.0,0.0,0.0,0.0,0.0,0.0,367.60007,127.58295,452.5154,125.43768,416.3802,307.7704,496.4512,273.18777,406.8894,375.60373,0.0,0.0,676.7317,204.58704,716.3076,234.1224,921.34375,481.6659,941.89166,486.50638,1256.1753,655.73535,1273.8428,654.76575
0.0,0.0,0.0,0.0,0.0,0.0,0.0,0.0,0.0,0.0,370.42532,120.08741,454.0903,118.61982,425.87457,296.24664,0.0,0.0,416.57355,363.6864,0.0,0.0,672.8875,181.02019,711.59467,209.38724,910.17004,469.32956,926.42596,467.2385,1251.5021,649.8395,1260.568,635.53827
0.0,0.0,0.0,0.0,0.0,0.0,0.0,0.0,0.0,0.0,369.15866,119.463776,451.95477,120.86556,423.10034,288.64032,0.0,0.0,420.53128,352.97498,0.0,0.0,669.6447,192.98178,707.81256,224.63087,917.5787,467.22327,933.5962,475.40515,1260.821,641.56683,1265.4518,641.9129
0.0,0.0,0.0,0.0,0.0,0.0,0.0,0.0,0.0,0.0,368.6927,125.074356,456.44156,125.638504,414.4995,289.61398,0.0,0.0,405.24805,345.57516,0.0,0.0,666.7372,195.15886,706.9993,223.81642,907.3896,473.0041,923.00525,473.76392,1232.9385,663.0535,1241.9209,655.2526
0.0,0.0,0.0,0.0,0.0,0.0,0.0,0.0,0.0,0.0,367.06662,135.75427,458.18005,138.47493,420.52435,299.5223,0.0,0.0,415.15543,370.6397,0.0,0.0,655.2982,200.11758,696.35803,230.72742,909.99994,483.24997,926.73615,496.19452,1226.4015,667.8479,1231.3488,680.56964
0.0,0.0,0.0,0.0,0.0,0.0,0.0,0.0,0.0,0.0,357.63162,156.02281,453.43546,149.06552,410.9665,311.15967,497.30475,278.37436,404.9126,378.64993,0.0,0.0,638.2101,205.05022,685.7961,229.53572,875.16833,491.7259,918.5012,492.61902,1165.6183,692.89154,1209.3977,691.1199
0.0,0.0,0.0,0.0,0.0,0.0,0.0,0.0,0.0,0.0,328.07404,155.1516,422.12805,146.66809,387.1358,300.4122,480.1983,266.4976,384.01135,377.0085,0.0,0.0,624.07965,215.94392,669.55237,240.81528,867.4741,499.42456,907.5837,494.8928,1159.9064,704.4952,1199.7697,693.14343
0.0,0.0,0.0,0.0,0.0,0.0,0.0,0.0,0.0,0.0,359.18134,169.71158,421.7322,162.88239,398.677,315.25037,446.52374,298.53702,385.4175,375.93323,0.0,0.0,628.0841,241.84099,657.56915,266.79834,856.8796,502.50266,898.1867,495.554,1131.0488,729.7883,1187.2456,711.50275
0.0,0.0,0.0,0.0,0.0,0.0,0.0,0.0,0.0,0.0,335.76718,184.05954,403.01935,182.40976,383.06006,295.28796,0.0,0.0,355.21814,374.16467,0.0,0.0,569.86145,230.7978,597.5909,258.33325,828.3716,506.76398,863.33734,511.3806,1124.4441,756.228,1152.4464,755.58105
0.0,0.0,0.0,0.0,0.0,0.0,0.0,0.0,0.0,0.0,302.27234,207.60023,396.1293,192.42638,362.59042,351.16946,427.03867,306.5094,357.3722,412.25436,0.0,0.0,571.1841,254.0664,622.7045,273.1789,796.427,541.22815,861.34485,531.1321,1036.6305,777.47424,1120.158,759.0203
0.0,0.0,0.0,0.0,0.0,0.0,0.0,0.0,0.0,0.0,303.14163,226.54948,367.74768,229.72421,362.5015,356.59454,403.53424,338.95422,350.1033,429.1367,411.18915,401.30292,592.8027,281.1263,617.60876,311.62354,845.3795,556.91675,843.2573,563.26294,1108.9875,780.2181,1096.5807,775.1843
0.0,0.0,0.0,0.0,0.0,0.0,0.0,0.0,0.0,0.0,309.64124,226.93723,380.42963,226.54175,370.4178,368.73,414.16058,357.26752,372.4246,427.20264,0.0,0.0,592.4398,283.3681,623.9359,309.16434,830.8235,565.01,835.1719,558.91113,1077.7689,795.34937,1085.5704,777.77747
0.0,0.0,0.0,0.0,0.0,0.0,0.0,0.0,0.0,0.0,319.85315,236.72192,461.98572,214.69942,378.17075,337.4083,500.3358,284.0779,372.93466,417.8411,485.26822,391.83978,568.5313,265.0068,650.90826,279.80655,784.05963,568.5552,882.2527,562.8839,1023.76227,802.35297,1105.4553,802.30994
0.0,0.0,0.0,0.0,0.0,0.0,0.0,0.0,0.0,0.0,369.57175,235.77975,496.6379,220.0292,434.1675,357.4834,0.0,0.0,437.93692,428.5829,0.0,0.0,603.9439,266.95517,680.4875,282.79056,786.6189,563.3675,903.07587,563.623,984.0974,808.7316,1132.4769,816.6138
0.0,0.0,0.0,0.0,0.0,0.0,0.0,0.0,0.0,0.0,389.56348,229.3716,518.5607,217.3667,457.56293,356.92386,0.0,0.0,461.06387,416.80188,0.0,0.0,630.7967,266.30142,704.2932,281.2048,824.39044,562.4937,909.1159,550.476,1029.9357,820.0516,1134.4359,803.5791
0.0,0.0,0.0,0.0,0.0,0.0,0.0,0.0,0.0,0.0,424.24228,206.34737,545.111,178.76047,502.96655,346.81674,0.0,0.0,518.6151,400.67242,0.0,0.0,673.9767,264.11014,741.51996,274.6606,866.66437,558.38074,929.6074,551.0925,1066.6252,818.71674,1134.4573,816.1256
0.0,0.0,0.0,0.0,0.0,0.0,0.0,0.0,0.0,0.0,473.51797,219.21654,575.43774,202.49583,554.1834,371.89282,641.2262,333.88107,566.2456,403.159,630.7447,375.1094,722.8787,272.86493,774.68555,287.86697,914.90173,539.97363,943.22406,543.256,1101.8167,813.9196,1125.9541,822.6221
0.0,0.0,0.0,0.0,0.0,0.0,0.0,0.0,0.0,0.0,505.02246,188.40564,0.0,0.0,580.9769,322.4767,0.0,0.0,587.5449,386.8982,0.0,0.0,725.09985,246.80663,794.2125,262.6511,904.871,536.1191,983.6382,541.7591,1089.6753,812.9934,1173.3215,825.17804
0.0,0.0,0.0,0.0,0.0,0.0,0.0,0.0,0.0,0.0,544.7696,190.4878,0.0,0.0,631.85986,353.42645,0.0,0.0,647.7881,377.1752,0.0,0.0,765.8517,249.83305,840.1181,260.75354,921.1385,525.83905,988.06494,529.123,1108.0564,813.0053,1167.2593,823.5211
0.0,0.0,0.0,0.0,0.0,0.0,0.0,0.0,0.0,0.0,575.31635,195.19319,0.0,0.0,663.1282,345.35138,0.0,0.0,690.2888,364.75024,0.0,0.0,788.27216,242.10123,875.8288,247.9185,915.254,531.84503,1006.5196,523.14484,1083.5568,828.501,1173.4012,817.1565
0.0,0.0,0.0,0.0,0.0,0.0,0.0,0.0,0.0,0.0,611.5562,213.8407,0.0,0.0,686.87524,348.6244,0.0,0.0,705.00055,372.73196,0.0,0.0,804.624,249.71692,877.82996,255.35188,939.3375,530.08777,1011.91113,528.2927,1097.9305,818.9684,1168.3914,822.08
0.0,0.0,0.0,0.0,0.0,0.0,0.0,0.0,0.0,0.0,627.9482,206.48955,0.0,0.0,700.7225,348.83197,0.0,0.0,716.7332,350.19507,0.0,0.0,820.9473,258.686,906.25165,263.95114,943.515,536.3001,1015.00854,539.29553,1103.3859,820.1144,1158.3032,831.62976
0.0,0.0,0.0,0.0,0.0,0.0,0.0,0.0,0.0,0.0,643.708,198.36067,0.0,0.0,714.5142,328.92148,0.0,0.0,729.7096,366.2701,0.0,0.0,814.257,260.5036,917.4005,267.24973,931.72455,545.63965,1036.85,554.38696,1084.6777,822.99335,1165.1609,842.8838
0.0,0.0,0.0,0.0,0.0,0.0,0.0,0.0,0.0,0.0,652.64795,204.41638,830.99744,183.29591,723.4333,346.0615,0.0,0.0,739.6189,391.14838,0.0,0.0,815.9227,264.49203,920.9257,266.94464,931.4495,556.9271,1029.1427,555.48395,1084.4014,845.87823,1156.802,852.8462
0.0,0.0,0.0,0.0,0.0,0.0,0.0,0.0,0.0,0.0,662.5925,203.08595,838.79376,166.2783,717.97046,373.12958,880.9305,303.03146,737.7313,389.19882,824.2163,352.63074,824.044,302.58072,930.5056,300.04398,925.03534,557.25916,1010.45166,557.6779,1042.2325,848.80505,1124.2094,867.089
0.0,0.0,0.0,0.0,0.0,0.0,0.0,0.0,0.0,0.0,658.51416,205.0123,852.15,168.36813,711.31586,365.40912,887.4775,301.91824,736.3691,397.83755,818.9773,369.7293,811.76843,300.5,928.518,295.44693,918.8623,579.03754,1001.1578,567.65717,1046.2762,877.353,1112.5027,873.63116
0.0,0.0,0.0,0.0,0.0,0.0,0.0,0.0,0.0,0.0,665.1968,212.47339,858.33655,186.16109,703.66125,368.94342,896.4641,306.61578,718.5469,414.21024,817.6006,352.15396,818.7369,326.66904,934.6635,327.0808,910.8968,581.7425,995.15955,584.6157,1043.3353,882.5797,1097.3623,895.292
0.0,0.0,0.0,0.0,0.0,0.0,713.7739,179.41544,0.0,0.0,670.5378,217.79567,876.98663,178.97324,700.6135,378.68225,919.5244,282.09204,719.1894,435.1312,861.7443,340.5627,808.2309,347.77057,932.51514,343.5752,901.0458,599.9738,994.28613,600.6819,1022.2846,901.3638,1082.6617,913.3676
0.0,0.0,0.0,0.0,0.0,0.0,713.6001,186.80339,0.0,0.0,667.9994,216.45934,879.501,190.75893,705.00256,361.1748,912.99817,292.26318,730.89215,445.5784,864.30273,377.26968,797.95337,348.13998,927.2925,347.57382,888.6945,609.44366,996.3875,619.7303,995.34015,883.8812,1067.3113,919.4403
0.0,0.0,0.0,0.0,0.0,0.0,0.0,0.0,0.0,0.0,667.9639,219.45909,887.8124,194.31656,701.6926,366.20123,934.70734,305.31543,722.9111,449.7409,873.69104,385.67935,785.3626,362.25708,920.1096,360.2821,872.487,607.1239,987.7777,610.50946,981.7755,925.4806,1054.1049,947.75793
0.0,0.0,0.0,0.0,0.0,0.0,0.0,0.0,0.0,0.0,681.63947,243.58452,899.1848,201.22281,701.15894,412.85934,934.5555,343.84268,726.7939,454.35373,864.117,422.02643,792.8571,362.51874,926.9799,353.01984,875.77203,633.7581,970.5831,619.12286,956.3238,958.81976,1032.1403,945.30914
0.0,0.0,0.0,0.0,0.0,0.0,0.0,0.0,0.0,0.0,692.1667,245.76472,910.6568,209.07446,706.9577,408.66525,952.53406,343.824,732.03937,459.36063,889.4451,421.14005,796.8076,373.40665,930.86096,366.9714,879.1123,637.7376,970.7498,631.76013,957.04834,955.559,1028.248,954.5237
0.0,0.0,0.0,0.0,0.0,0.0,0.0,0.0,0.0,0.0,702.2745,247.89775,919.1776,209.38051,720.773,425.31253,959.9403,355.80725,756.1196,479.117,904.5874,438.36102,805.02637,372.32767,938.76306,365.0017,880.80524,637.4026,975.4669,629.82336,956.2378,962.8623,1028.2864,959.06067
0.0,0.0,0.0,0.0,0.0,0.0,0.0,0.0,0.0,0.0,723.52124,244.48146,926.09344,226.06989,731.6195,392.59598,960.68964,356.6217,753.30383,457.10287,891.10754,430.13373,823.164,393.79156,947.84204,394.474,888.61523,644.61786,982.3572,649.3359,962.5262,961.7602,1030.0963,969.5453
0.0,0.0,0.0,0.0,0.0,0.0,0.0,0.0,0.0,0.0,751.6965,249.70921,953.93665,231.35088,756.2508,409.16043,989.2695,373.6494,790.12537,460.4059,923.8413,438.6122,847.36816,405.32303,973.0796,406.8016,907.8186,650.3802,1001.9186,660.1331,975.43585,942.4365,1041.1373,959.9645
0.0,0.0,0.0,0.0,0.0,0.0,0.0,0.0,0.0,0.0,777.8313,235.28746,1006.6342,210.32498,788.0094,395.75848,1036.1155,354.55685,816.85425,465.618,976.8743,434.96933,859.2397,362.09952,999.2026,357.77637,925.80237,629.3787,1014.1888,632.84204,987.79254,950.259,1049.3854,961.9609
0.0,0.0,0.0,0.0,0.0,0.0,0.0,0.0,0.0,0.0,806.8887,222.00087,1015.3024,212.1937,808.0591,374.39227,1051.5792,349.66306,836.2597,454.49582,1002.72876,421.3508,889.5471,372.37363,1016.30774,375.63043,941.91064,609.192,1027.1682,628.7299,995.0259,915.7282,1053.2734,949.8576
0.0,0.0,0.0,0.0,0.0,0.0,0.0,0.0,0.0,0.0,838.02814,215.0459,1056.3024,193.89803,838.3995,354.62387,1074.7157,311.14758,880.54706,441.67853,0.0,0.0,912.3058,339.71295,1048.3169,333.15326,959.9502,612.3256,1058.4032,613.74927,995.9601,893.6334,1070.135,916.8459
0.0,0.0,0.0,0.0,0.0,0.0,0.0,0.0,0.0,0.0,874.0985,199.258,1099.4867,186.23915,867.7301,339.21033,0.0,0.0,0.0,0.0,0.0,0.0,927.6614,310.81085,1067.8652,306.28793,969.50745,586.3502,1063.8882,596.8336,995.82404,867.7568,1066.3478,901.78125
0.0,0.0,0.0,0.0,0.0,0.0,0.0,0.0,0.0,0.0,900.4378,183.53029,1124.4999,173.66264,885.72406,315.39386,0.0,0.0,0.0,0.0,0.0,0.0,940.7709,296.2802,1079.2714,294.54028,981.2935,554.41315,1071.5686,579.4885,993.98645,824.3181,1059.6039,880.5637
0.0,0.0,0.0,0.0,0.0,0.0,0.0,0.0,0.0,0.0,918.7573,165.61566,1150.6244,171.13396,0.0,0.0,0.0,0.0,0.0,0.0,0.0,0.0,948.4554,273.80093,1093.1624,277.05423,980.0581,548.96936,1072.407,570.9491,987.6413,826.25024,1047.4325,861.262
0.0,0.0,0.0,0.0,0.0,0.0,0.0,0.0,0.0,0.0,944.3732,160.20969,1159.8948,169.45747,0.0,0.0,0.0,0.0,0.0,0.0,0.0,0.0,968.3687,267.80963,1103.1691,270.78232,991.958,535.4596,1080.9916,560.33905,984.90936,798.9967,1049.7107,846.8121
0.0,0.0,0.0,0.0,0.0,0.0,0.0,0.0,0.0,0.0,957.846,156.0043,1172.5685,166.60799,0.0,0.0,1168.8286,293.27078,0.0,0.0,0.0,0.0,973.3852,265.1827,1107.5283,267.3559,995.2596,534.3711,1080.6395,553.4282,980.4981,801.8059,1039.9044,838.2933
0.0,0.0,0.0,0.0,0.0,0.0,0.0,0.0,0.0,0.0,963.3173,151.5662,1175.822,159.7792,0.0,0.0,1182.7097,296.71893,0.0,0.0,0.0,0.0,976.46246,258.54156,1108.9618,259.22498,983.02295,529.94525,1068.9866,538.9508,959.17224,799.4773,1013.0289,811.7472
0.0,0.0,0.0,0.0,0.0,0.0,0.0,0.0,0.0,0.0,978.4451,150.3003,1178.5514,159.37167,0.0,0.0,1186.1089,294.22586,0.0,0.0,1159.6572,373.70648,970.27386,284.77432,1097.2609,287.90573,977.7371,526.59174,1074.7454,548.2347,933.852,776.0409,1003.9064,816.2928
0.0,0.0,0.0,0.0,0.0,0.0,0.0,0.0,0.0,0.0,980.62067,156.9572,1185.098,171.94333,0.0,0.0,1184.4573,317.14737,0.0,0.0,1156.7428,404.43723,970.0073,293.32358,1100.6494,295.21628,965.29236,534.6498,1064.0336,543.22546,920.2795,783.1804,988.48413,799.0011
0.0,0.0,0.0,0.0,0.0,0.0,0.0,0.0,0.0,0.0,1007.10065,164.99457,1190.1577,181.24722,0.0,0.0,1176.7834,327.99826,0.0,0.0,1152.6309,402.10043,968.4743,287.02533,1088.2521,286.19733,966.2313,535.6466,1060.3934,540.5047,906.93463,790.22424,969.87195,806.2065
0.0,0.0,0.0,0.0,0.0,0.0,0.0,0.0,0.0,0.0,1014.7938,174.2533,1188.9049,185.4045,967.20435,291.74982,1173.4973,327.5481,0.0,0.0,1151.0522,397.281,964.86426,285.81934,1078.1249,281.74457,952.9512,543.02954,1045.1332,544.8353,878.2894,804.0888,947.6752,819.9923
0.0,0.0,0.0,0.0,0.0,0.0,0.0,0.0,0.0,0.0,1041.1233,186.62729,1209.6942,205.45694,976.7145,307.27274,1172.0007,360.5624,0.0,0.0,1145.4034,401.3127,959.9219,282.20645,1071.2715,277.79395,949.2993,546.2729,1048.1299,538.16376,856.9301,817.6412,932.1737,811.5513
0.0,0.0,0.0,0.0,0.0,0.0,0.0,0.0,0.0,0.0,1060.475,196.33891,1222.027,229.30463,996.4321,304.17523,1166.8378,383.8073,0.0,0.0,1142.8098,409.52124,963.68427,292.87152,1075.1375,294.4249,924.25055,540.00354,1047.5381,549.92267,820.0998,806.0116,930.3542,823.57697
0.0,0.0,0.0,0.0,0.0,0.0,0.0,0.0,0.0,0.0,1070.402,205.09007,1227.6864,242.00363,1004.2504,304.5207,1175.4291,401.9751,1037.502,371.9181,1149.3358,425.6537,973.45447,302.2608,1082.3746,302.77875,926.33386,553.1581,1047.7216,551.70483,817.36194,815.9241,926.8144,810.917
0.0,0.0,0.0,0.0,0.0,0.0,0.0,0.0,0.0,0.0,1092.0592,216.01183,1241.0929,246.35999,1019.00397,329.6541,1189.6438,414.08096,1048.7347,404.19382,1153.6686,438.47067,988.23254,306.78928,1087.3278,303.36145,942.45245,560.6609,1031.6279,551.87775,830.0003,828.22546,892.0858,812.9141
0.0,0.0,0.0,0.0,0.0,0.0,0.0,0.0,0.0,0.0,1108.4451,222.08488,1256.1118,253.14786,1047.9359,339.23587,1201.8516,422.73077,1088.7227,413.24533,1161.5914,449.508,1009.86646,311.30167,1111.1653,310.10654,949.1067,561.9587,1048.8593,566.3271,824.5031,825.4356,907.10156,832.79553
0.0,0.0,0.0,0.0,0.0,0.0,0.0,0.0,0.0,0.0,1116.5215,231.15451,1265.2427,266.76434,1061.3358,351.17627,1220.3242,448.54715,0.0,0.0,1174.5679,479.83386,1014.623,332.44904,1113.2639,335.045,954.1795,572.78564,1050.8271,582.8068,820.9501,812.9949,900.1167,818.03284
0.0,0.0,0.0,0.0,0.0,0.0,0.0,0.0,0.0,0.0,1155.9894,245.41937,1292.6304,275.1912,1091.4369,379.42474,1232.4749,451.3497,1128.3517,444.83167,1204.4185,460.93378,1029.634,329.27884,1125.7606,328.01233,963.07935,576.46515,1071.2915,582.30365,823.1891,806.3408,914.7246,812.7277
0.0,0.0,0.0,0.0,0.0,0.0,0.0,0.0,0.0,0.0,1174.7649,234.63118,1308.7086,280.43866,1116.9718,363.95932,1249.8838,464.92126,1132.281,433.12115,1208.9893,450.26093,1040.4545,328.72064,1131.148,333.22385,969.8753,566.8293,1057.1469,584.5971,832.22955,803.4091,887.7517,817.39545
0.0,0.0,0.0,0.0,0.0,0.0,0.0,0.0,0.0,0.0,1194.4468,243.85121,1319.2537,278.80142,1140.3563,375.78546,1260.4552,459.58493,1159.9241,452.4919,1219.3888,457.80792,1056.8744,326.19897,1142.0059,325.0495,971.2692,562.58734,1057.1272,568.9952,829.45184,793.136,887.4945,790.4801
0.0,0.0,0.0,0.0,0.0,0.0,0.0,0.0,0.0,0.0,1203.3175,229.89131,1329.1318,279.78262,1147.9358,352.7834,1271.9718,468.70184,1170.3955,424.44794,1233.4034,454.52664,1060.3934,314.73267,1144.2136,320.05313,987.3159,542.0928,1056.9498,562.03326,836.9163,762.4484,869.22345,780.131
0.0,0.0,0.0,0.0,0.0,0.0,0.0,0.0,0.0,0.0,1218.8419,228.27032,1336.0007,273.49203,1179.0073,352.7081,1287.6812,465.05548,1206.2426,409.61032,1248.9922,443.27682,1066.5646,324.63022,1144.6538,327.24765,992.6095,543.01996,1049.7664,558.666,837.32043,747.0061,850.88104,759.3728
0.0,0.0,0.0,0.0,0.0,0.0,0.0,0.0,1360.167,249.99483,1222.953,250.43742,1354.2225,266.85233,1164.8024,352.2192,1322.6816,430.65344,1199.6697,400.33212,1283.0833,461.70615,1083.7852,342.5904,1163.0244,332.86438,995.0873,548.0378,1049.6077,541.0609,827.9823,755.27875,825.0174,743.2742
0.0,0.0,0.0,0.0,0.0,0.0,0.0,0.0,0.0,0.0,1248.601,236.66876,1364.839,279.8734,1193.2119,343.36807,1307.8696,460.48993,1219.0878,406.78015,1276.9238,458.10498,1084.2799,319.87393,1160.5789,318.80896,994.7079,533.71844,1049.9811,539.78436,821.7636,730.2223,826.3739,726.1796
0.0,0.0,0.0,0.0,0.0,0.0,0.0,0.0,0.0,0.0,1261.4121,238.34262,1371.0597,282.7815,1203.9752,346.9491,1313.921,466.804,1227.8693,414.39926,1289.4949,464.5235,1090.0525,321.85138,1162.2334,321.5604,992.4476,531.8542,1047.5828,542.98206,815.2595,724.7789,824.83435,730.0607
0.0,0.0,0.0,0.0,0.0,0.0,0.0,0.0,0.0,0.0,1276.0232,261.5252,1367.4261,292.85,1234.9655,361.9816,1310.3467,466.9111,1274.5316,427.6497,1291.0117,473.60196,1089.9087,342.09772,1151.3337,332.9883,983.1188,544.97736,1024.5072,536.0384,798.2976,730.12994,791.642,706.41943
0.0,0.0,0.0,0.0,0.0,0.0,0.0,0.0,0.0,0.0,1295.8219,259.3189,1366.2462,295.65753,1259.4667,366.53018,1324.1476,472.15744,1263.9106,436.49478,1295.7517,475.21326,1089.4507,344.87054,1134.0873,337.72018,963.65186,532.90295,984.0518,540.2963,779.3678,716.79865,749.88055,720.20734
0.0,0.0,0.0,0.0,0.0,0.0,0.0,0.0,0.0,0.0,1284.903,272.24304,1353.2527,296.44308,1223.1046,376.38867,1306.3063,464.8416,1257.0573,423.80923,1320.2222,466.85294,1085.3497,346.68274,1129.434,334.28586,946.8324,551.12036,973.25555,547.76575,752.4656,728.87146,731.4851,724.444
0.0,0.0,0.0,0.0,0.0,0.0,0.0,0.0,0.0,0.0,1273.6775,273.38638,1369.9889,287.0434,1213.6417,373.02795,1336.2023,447.6027,1254.7292,437.57925,1334.8176,468.48834,1077.5494,360.1758,1134.5565,344.80634,938.8404,547.8885,972.1156,544.3167,731.3216,728.5212,717.78015,728.47217
0.0,0.0,0.0,0.0,0.0,0.0,0.0,0.0,0.0,0.0,1250.9568,287.208,1346.6073,300.3928,1194.524,384.96802,1310.9469,464.33865,1217.0223,444.42072,1307.1906,492.48672,1049.2866,371.02084,1107.6001,354.14148,913.2235,554.42804,940.8791,549.1236,702.01074,726.2853,688.46234,724.6388
0.0,0.0,0.0,0.0,0.0,0.0,0.0,0.0,0.0,0.0,1249.4615,300.96805,1350.1108,320.4342,1186.474,401.6501,1292.9432,486.65894,1205.0592,477.91638,1278.9917,535.6624,1039.5287,382.79837,1102.7899,368.46124,891.1223,567.67017,929.805,572.1526,679.5125,737.2248,667.35583,747.24664
0.0,0.0,0.0,0.0,0.0,0.0,0.0,0.0,0.0,0.0,1225.7206,302.3994,1339.7019,337.40195,1146.4369,379.31647,1282.9487,486.15976,1183.1407,461.0539,1276.8296,535.398,1033.517,379.2473,1111.8066,375.1519,879.70776,584.2832,980.1326,603.0866,665.8502,740.49774,737.7684,765.76215
0.0,0.0,0.0,0.0,0.0,0.0,0.0,0.0,1374.097,326.4574,1247.2037,324.53494,1341.1516,348.16672,1162.6122,400.6539,1294.6843,492.33722,1180.6349,471.32028,1289.3021,543.7892,1046.2991,400.5694,1101.7577,387.1479,893.78217,602.409,923.6569,601.52264,669.20935,762.4399,639.54346,763.9854
0.0,0.0,0.0,0.0,0.0,0.0,0.0,0.0,1391.0736,336.39984,1268.2046,340.93124,1353.801,351.73923,1190.0249,423.01248,1320.2324,490.96957,1203.3325,497.88593,1326.2018,563.46027,1065.5227,415.84518,1113.1593,397.5005,911.6983,615.1172,927.7806,610.49963,692.9677,758.2656,644.47437,760.762
0.0,0.0,0.0,0.0,0.0,0.0,0.0,0.0,1402.4993,339.8258,1299.1359,353.65256,1374.2382,350.76672,1243.7919,440.19162,1365.046,477.0966,1262.9612,530.17004,1381.597,557.2811,1086.6991,416.65717,1127.2902,392.0335,920.8299,610.94824,939.1788,600.7595,690.1615,752.4802,648.02673,749.8439
0.0,0.0,0.0,0.0,0.0,0.0,0.0,0.0,1432.9113,361.69165,1323.6057,342.26617,1398.5084,368.25998,1267.3048,424.18442,1360.6389,524.5179,1274.1383,489.60126,1343.2566,542.4725,1082.9685,397.3061,1132.2096,380.03293,912.36206,601.00037,940.49567,594.9155,670.66095,745.8565,660.72455,741.4292
0.0,0.0,0.0,0.0,0.0,0.0,0.0,0.0,1447.2415,361.51282,1333.1104,339.1688,1409.465,366.94583,1267.7694,411.2667,1371.4769,518.881,1277.5194,472.31223,1370.6892,553.4273,1084.8428,392.90845,1133.3967,376.55814,926.99725,593.6832,952.7839,587.9115,686.8969,728.14197,665.967,724.00366
0.0,0.0,0.0,0.0,0.0,0.0,0.0,0.0,1462.4562,357.2485,1353.4264,339.74332,1426.8712,361.34583,1278.9825,410.71838,1378.4435,506.8127,1276.982,483.67075,1361.3433,557.33,1107.5483,386.11444,1154.9425,365.70322,933.21936,588.1624,961.9756,575.8885,680.7138,718.04626,668.50214,706.78436
0.0,0.0,0.0,0.0,0.0,0.0,0.0,0.0,1472.7927,344.3264,1361.8146,329.0665,1432.0828,352.19925,1296.7158,390.7283,1393.5157,491.7551,1317.2106,458.3706,1388.5099,547.7913,1108.0074,380.9047,1152.6372,362.1952,925.1563,580.9187,955.66205,574.20795,677.9314,697.0512,663.5455,693.8377
0.0,0.0,0.0,0.0,0.0,0.0,0.0,0.0,1477.6993,337.03732,1361.9832,329.0151,1436.9404,353.1668,1315.5575,401.81268,1396.247,498.3741,1329.6815,487.65933,1401.4578,538.6416,1092.4895,379.58203,1143.6256,361.26987,912.7352,553.0375,951.2436,557.0715,639.636,671.3917,647.5192,684.6533
0.0,0.0,0.0,0.0,0.0,0.0,0.0,0.0,1474.7383,330.38443,1357.1093,318.3188,1431.0386,347.86853,1304.3932,396.50336,1382.1127,497.4131,1337.6382,469.41183,1379.4558,538.317,1079.7374,372.20425,1130.768,357.75824,905.30774,549.22375,954.6669,556.3632,659.9134,667.0326,663.43353,680.9028
0.0,0.0,0.0,0.0,0.0,0.0,0.0,0.0,1464.6669,349.1425,1362.0619,337.02148,1421.2804,347.2206,1318.83,434.98114,1372.0555,504.1658,1343.3591,510.92972,1377.8131,547.0205,1090.307,378.6179,1132.5872,350.88577,890.6148,563.80426,922.1437,548.30286,605.7884,677.5423,599.7737,665.2499
0.0,0.0,0.0,0.0,0.0,0.0,0.0,0.0,1465.7197,353.9438,1348.0426,354.94107,1402.3921,342.0902,1289.4581,433.9586,1341.635,452.74506,1301.6313,522.67566,1383.9987,538.7357,1087.1487,392.12772,1118.6687,359.3535,878.8171,567.6894,918.3866,556.2761,588.48126,668.36163,575.8475,670.49854
0.0,0.0,0.0,0.0,0.0,0.0,0.0,0.0,1426.5392,313.67572,1306.6241,319.06656,1380.6914,324.7207,1255.3777,412.535,1346.1427,468.46347,1304.6832,486.2265,1375.3525,508.9845,1041.751,377.5317,1088.5781,351.94308,849.5938,559.09534,886.8615,550.4082,563.95447,670.8342,546.1902,666.3556
0.0,0.0,0.0,0.0,0.0,0.0,0.0,0.0,1401.4878,339.51007,1290.7471,334.08737,1355.295,341.29025,1254.0146,431.04346,1326.7416,483.84183,1320.7,479.95395,1375.2397,486.8835,1002.29266,386.2245,1045.9087,359.15427,794.888,564.3428,833.8763,553.4312,514.88544,679.34235,506.7327,670.4465
0.0,0.0,0.0,0.0,0.0,0.0,0.0,0.0,1396.3773,345.64432,1287.8796,367.52692,1344.0624,345.27536,1230.5822,451.15717,1308.5259,452.47836,1256.3759,522.71826,1332.2738,526.4916,1025.627,419.14133,1055.2407,381.64902,764.43896,579.23193,809.71954,559.6418,493.76212,684.51666,488.38022,674.9242
0.0,0.0,0.0,0.0,0.0,0.0,0.0,0.0,1388.272,350.72946,1291.7716,385.00818,1320.7042,347.57513,1249.4437,482.68555,1278.6171,462.05374,1301.9767,531.5498,1339.8646,555.84204,1019.9347,430.43875,1034.6631,386.40436,750.2988,601.88477,793.03235,574.4906,461.99335,690.10895,460.55515,676.27594
0.0,0.0,0.0,0.0,0.0,0.0,0.0,0.0,1371.936,378.1997,1261.27,396.7752,1300.8885,373.4701,1226.7444,490.23782,1253.7333,492.46475,1285.9655,551.68634,1328.51,581.683,987.297,439.74152,1011.1934,402.38983,723.7853,602.5631,770.1978,591.9823,436.9165,678.57166,438.46445,685.66095
0.0,0.0,0.0,0.0,0.0,0.0,0.0,0.0,1386.8756,393.86356,1257.7233,411.61884,1314.7645,387.8804,1220.9568,499.03885,1278.7222,508.52686,1308.7756,536.3498,1356.701,577.0007,974.9457,454.42587,1009.52124,415.73386,697.30145,606.5225,748.8026,590.84393,416.75714,682.04047,423.02692,682.2734
0.0,0.0,0.0,0.0,0.0,0.0,0.0,0.0,1386.8075,392.19736,1269.3369,405.8607,1318.2957,389.60297,1236.6908,500.27283,1288.6886,516.44434,1324.2599,534.45807,1366.178,576.9486,983.5607,458.94208,1012.7637,423.74652,692.3628,597.34515,744.4029,586.95856,425.608,683.9947,428.51215,686.116
0.0,0.0,0.0,0.0,0.0,0.0,0.0,0.0,1393.3489,386.7854,1270.394,407.9092,1320.9933,386.70868,1238.7759,511.55643,1298.1926,519.107,1353.1771,525.932,1390.8955,572.8778,983.48346,468.98358,1012.7302,433.46338,681.3248,597.73395,734.8973,591.6262,421.28525,673.6159,424.63614,685.6692
0.0,0.0,0.0,0.0,0.0,0.0,0.0,0.0,1407.133,387.05173,1287.5958,416.0141,1330.9669,385.62808,1246.1847,518.39276,1283.2883,509.44986,1343.5814,562.2802,1366.4003,583.8499,1002.24445,465.567,1027.0962,425.50388,713.84106,602.7066,762.9851,590.8949,420.85944,665.9611,424.77103,674.48145
0.0,0.0,0.0,0.0,0.0,0.0,0.0,0.0,1412.0428,379.93875,1286.0359,415.12573,1334.8973,383.2252,1252.5656,510.44595,1289.7434,502.55905,1377.4299,549.99133,1390.1968,577.662,999.4061,464.73303,1027.9119,423.80292,706.2504,598.56525,764.52594,581.0091,403.46304,666.3168,409.61508,662.3531
0.0,0.0,0.0,0.0,0.0,0.0,0.0,0.0,1412.5034,375.59683,1297.2819,415.6529,1329.9841,377.97064,1258.8497,518.9762,1284.2325,499.76645,1396.6915,545.61,1397.9418,575.5126,1006.9869,473.287,1025.3466,429.8128,692.0178,593.41425,743.2346,573.6084,403.84656,649.17554,411.56244,646.47955
0.0,0.0,0.0,0.0,0.0,0.0,0.0,0.0,1430.6411,374.93848,1308.8721,418.4123,1353.3458,375.63547,1261.5901,528.18726,1303.8839,500.5502,1409.053,559.36743,1415.2837,585.3721,1020.2813,465.02618,1044.132,421.04025,725.519,582.9982,783.28986,564.514,421.10544,637.87177,428.0217,640.17773
1463.2113,433.01157,0.0,0.0,0.0,0.0,0.0,0.0,1436.7345,363.85367,1307.627,413.18518,1357.9729,365.43414,1266.393,522.4212,1311.0829,493.62637,1421.8213,569.97437,1422.2241,590.4817,1016.3884,461.31006,1043.5629,414.60828,738.66406,576.78577,793.0119,551.923,417.02896,637.04675,421.5871,632.1344
0.0,0.0,0.0,0.0,0.0,0.0,0.0,0.0,1445.8861,367.04617,1313.5343,388.14038,1356.8181,369.77728,1269.025,511.84387,1322.5668,533.56323,1433.637,516.7596,1468.9171,543.8108,992.898,438.96936,1021.6412,400.06238,726.35925,577.1719,768.65533,553.8237,401.31998,614.5837,402.177,601.2044
1450.9315,433.91815,0.0,0.0,0.0,0.0,0.0,0.0,1437.0828,365.24982,1315.6033,406.94,1346.9946,365.33258,1283.8612,511.7135,1280.8901,481.6531,1463.9315,587.1751,1427.9594,569.4001,1034.3462,446.43942,1050.7023,404.7473,747.75885,550.4166,795.65814,542.21124,430.88498,600.3163,441.18045,617.94446
1465.5491,430.8543,0.0,0.0,0.0,0.0,0.0,0.0,1447.0167,363.55536,1332.6075,403.02432,1362.8884,364.9096,1288.2543,515.36255,1300.1042,492.54767,1463.5767,585.3553,1438.7067,592.472,1045.9059,449.2228,1060.7355,407.39954,728.0961,540.29517,781.11096,531.5572,417.1896,585.3263,434.97906,600.8045
1462.4048,416.3589,0.0,0.0,0.0,0.0,0.0,0.0,1439.4069,348.0416,1330.8303,394.6093,1343.8444,349.61508,1284.1971,505.60925,1284.6892,475.9585,1463.2339,579.86725,1436.2388,588.2177,1035.6129,440.5388,1040.0349,394.12833,711.3203,538.45886,753.5764,516.82965,395.44812,576.56433,413.7802,576.95233
1472.9558,394.5356,0.0,0.0,0.0,0.0,0.0,0.0,1454.1259,338.9441,1336.2096,395.56137,1358.2332,347.9788,1285.1913,501.12112,1300.8306,466.32022,1468.2576,562.75195,1447.355,570.5078,1025.9208,441.69675,1035.7672,393.31818,689.06726,524.1551,734.9489,500.45334,382.67047,558.4304,400.52957,556.33307
1464.0,401.70386,0.0,0.0,0.0,0.0,0.0,0.0,1439.5327,330.37454,1330.1115,380.82193,1348.2921,329.6483,1277.7463,493.8923,1301.6416,458.05646,1459.0045,548.9872,1457.2584,562.8385,1029.7339,421.9381,1038.2278,370.49194,701.4269,532.30756,744.86096,497.14114,373.5438,563.9098,388.91055,545.9264
1461.1348,408.59814,0.0,0.0,0.0,0.0,0.0,0.0,1432.067,339.78745,1325.5208,389.61786,1337.172,342.06125,1276.775,498.67798,1290.3004,471.3521,1463.3743,563.83014,1457.5275,583.48975,1013.13904,426.21432,1017.37354,375.61984,683.7559,531.771,722.2941,498.4402,350.08258,556.0555,365.73056,539.62396
1461.9728,408.64957,0.0,0.0,0.0,0.0,0.0,0.0,1431.2711,346.0697,1322.5797,389.43716,1338.7727,349.1359,1277.7302,491.32187,1295.9862,473.3858,1453.585,557.20605,1450.6866,573.6521,1002.8593,420.79288,1010.23334,372.79736,664.13806,525.4617,707.68964,498.9038,329.51624,551.44867,346.9334,542.2061
1460.6404,418.2098,0.0,0.0,0.0,0.0,0.0,0.0,1437.0757,351.6799,1328.1088,400.34494,1336.8835,357.15814,1276.4982,511.21335,1277.8811,492.1052,1461.2325,564.5935,1440.805,584.49396,1000.661,439.9964,1003.5716,390.34573,660.00366,529.4176,697.5876,502.2813,320.8378,545.807,340.7397,538.82306
1465.3522,426.90732,0.0,0.0,0.0,0.0,0.0,0.0,0.0,0.0,1344.786,409.32248,1338.7853,362.17065,1292.9243,532.3992,1269.0009,493.0924,1478.6045,591.99554,1440.0502,577.19305,1012.03644,441.77014,1005.8831,390.6547,648.9639,524.1784,686.29865,501.4945,313.92526,554.16437,335.1179,554.51605
1474.6201,435.80914,0.0,0.0,0.0,0.0,0.0,0.0,1447.5753,367.78546,1352.7308,420.58832,1346.3938,369.63733,1293.556,542.3654,1280.7899,500.38434,1487.863,603.3778,1453.3436,589.0257,1020.4237,454.04443,1012.8739,400.85385,659.4545,538.67834,695.4214,510.08994,313.6598,558.7249,337.79617,553.2962
1473.9856,445.75217,0.0,0.0,1484.3263,424.28882,0.0,0.0,1448.3884,371.51938,1353.5692,417.74387,1346.2585,373.66928,1297.4275,544.52686,1278.4604,513.22797,1483.3687,617.8724,1442.4565,598.45526,1012.762,458.1265,1005.0987,407.51663,662.25714,536.57733,696.2712,511.1347,319.28174,553.8417,343.4849,550.67755
1474.2753,444.38718,0.0,0.0,1486.4344,423.0545,0.0,0.0,1452.572,367.71454,1355.5446,411.86526,1348.5392,367.88608,1300.5309,541.4423,1276.675,507.28696,1478.5809,625.1829,1445.1062,603.8745,1009.93964,457.70142,1001.77844,408.19025,652.6592,513.71765,687.9999,496.4178,319.58405,535.7439,345.996,544.64545
1469.0388,444.2979,0.0,0.0,1481.8156,422.7382,0.0,0.0,1452.5859,369.37756,1360.8406,411.39148,1354.9371,374.03607,1302.5557,525.7729,1280.473,507.92313,1464.8944,618.63245,1426.3853,596.4906,1018.9798,450.39505,1011.9104,402.5681,678.19006,507.82333,707.13885,490.3331,338.44083,542.5358,367.49634,552.5098
1501.4517,483.44562,0.0,0.0,1520.6796,464.02853,0.0,0.0,1490.3391,401.61346,1369.5865,414.84256,1367.4464,407.30246,1340.8951,527.41705,1352.8916,583.0997,1513.8219,584.55566,1537.325,614.9521,990.041,427.95758,982.82043,396.52634,684.39685,492.28174,704.12805,503.16687,372.89926,474.0161,409.03824,521.20544
1503.3162,524.36615,0.0,0.0,1529.5504,499.64465,0.0,0.0,1515.428,397.98093,1369.428,379.86978,1385.9077,376.40222,1319.6782,511.0395,1388.3235,604.7356,1513.7754,548.9061,1560.8778,598.5555,962.5126,399.34387,975.824,361.3172,728.6871,500.81003,727.2309,469.79456,421.61795,464.9382,436.28854,455.9814
0.0,0.0,0.0,0.0,0.0,0.0,0.0,0.0,1508.555,420.5413,1364.2908,375.66824,1378.8458,400.01266,1306.807,505.9598,1380.7933,636.086,1506.1895,532.1352,1563.4933,605.8517,954.04944,405.2036,965.1435,380.80417,700.92755,492.70197,708.87933,484.47833,425.4981,447.04132,437.5514,457.19055
0.0,0.0,0.0,0.0,0.0,0.0,0.0,0.0,0.0,0.0,1366.9833,398.90927,1374.3221,410.2082,1319.7828,520.6554,1381.5194,632.65466,1506.0569,548.5897,1562.2343,617.1066,966.8711,409.46878,974.1696,377.48538,694.67725,506.7322,697.3808,487.8416,403.76477,458.6611,418.24832,459.1451
0.0,0.0,0.0,0.0,0.0,0.0,0.0,0.0,1503.8336,445.31818,1366.6456,402.05698,1374.8174,422.48282,1314.8203,517.09283,1376.8975,642.24426,1500.6816,557.34247,1553.7595,628.8915,959.7281,414.053,966.70807,387.52112,701.11365,492.43747,703.1367,480.62762,430.49075,436.495,443.28195,444.22607
0.0,0.0,0.0,0.0,0.0,0.0,0.0,0.0,0.0,0.0,1355.7979,391.8957,1363.8019,437.3609,1299.8142,480.77728,1360.0518,648.90845,1476.2106,550.11316,1527.3724,638.3291,951.6143,402.8432,957.7114,387.54327,694.4132,482.0105,695.192,488.2524,429.61664,428.27353,442.33145,451.6487
1459.0717,563.6523,0.0,0.0,0.0,0.0,0.0,0.0,1475.0189,462.70477,1351.482,402.41968,1349.9187,442.44217,1299.7896,485.22208,1349.4675,649.3644,1472.2776,545.8265,1517.7917,641.3732,941.3456,404.3106,940.94934,386.7194,682.20874,477.95822,674.77905,481.92804,425.83282,411.68143,439.01443,436.7042
1462.4458,531.81244,0.0,0.0,1477.8649,515.87225,0.0,0.0,1443.8743,461.6064,1352.3588,452.94757,1323.948,465.9018,1329.082,553.3257,1326.5922,641.5678,1494.6417,603.4196,1518.5977,646.02704,967.36237,423.0184,942.5407,401.6792,665.9841,476.01895,673.3887,505.1828,361.4991,428.70767,399.34537,498.48444
1441.1982,549.8333,0.0,0.0,0.0,0.0,0.0,0.0,1444.4773,450.415,1324.218,416.88647,1312.8488,438.3167,1270.989,504.7327,1312.154,640.357,1456.3774,560.7469,1485.1414,644.3759,905.44446,410.64993,899.2535,382.64383,617.98645,497.58768,612.8978,484.74738,331.8384,449.9214,350.7729,456.84067
1405.8984,550.52655,0.0,0.0,0.0,0.0,0.0,0.0,1408.6573,445.94806,1281.4861,380.07452,1274.315,430.4199,1230.9958,461.97403,1282.91,649.67377,1420.0405,535.1891,1452.2152,630.4199,855.83136,383.21896,852.0769,368.3381,585.37305,470.68808,577.01733,474.70627,324.33392,423.74527,339.94858,444.9103
1384.2035,534.98364,0.0,0.0,1408.547,519.3265,0.0,0.0,1395.9688,437.8961,1257.1263,371.5762,1258.6783,428.67883,1201.5026,453.12708,1257.507,646.97314,1370.5004,536.4311,1413.0444,630.6383,820.98486,379.85916,823.0221,368.6315,573.831,456.5063,569.13934,466.04974,338.71298,406.04727,352.12326,434.28946
1351.3096,515.7269,0.0,0.0,1378.6107,497.04218,0.0,0.0,1369.2748,424.02072,1235.7913,397.2519,1229.1091,428.85278,1198.0492,481.59167,1237.5677,645.07605,1399.7692,533.8678,1414.4648,621.1827,798.51074,399.41574,794.6404,376.5857,548.1744,471.60022,528.9252,462.10986,306.08334,412.03006,315.6236,421.57068
1363.2372,544.8192,0.0,0.0,1386.4794,527.92706,0.0,0.0,1372.318,449.144,1246.0365,393.193,1233.8013,441.72885,1209.0559,467.38928,1228.9055,654.97284,1392.6709,524.8429,1385.8112,626.29,804.07056,375.22687,798.37396,361.6506,558.6451,458.65726,548.04846,470.87576,320.8963,411.26385,332.3487,447.60635
0.0,0.0,0.0,0.0,0.0,0.0,0.0,0.0,0.0,0.0,1246.3363,389.1678,1227.6403,445.83115,1202.8981,477.07526,1215.9858,660.7502,1378.4766,552.2964,1375.4225,625.64246,798.8258,378.26212,789.3314,368.80692,547.3533,447.72614,539.7295,466.15356,325.5649,397.54645,331.60373,433.96603
0.0,0.0,0.0,0.0,0.0,0.0,0.0,0.0,0.0,0.0,1230.6921,380.68533,1215.9988,448.729,1181.629,457.41028,1209.2043,661.03094,1346.0297,540.0758,1365.9778,629.7725,794.77954,371.75354,787.68335,366.91498,553.6397,446.093,546.98175,465.9334,329.94382,397.68796,334.19815,431.29083
0.0,0.0,0.0,0.0,0.0,0.0,0.0,0.0,1343.4888,471.51483,1222.6814,377.83118,1206.6459,446.21313,1179.7595,450.29095,1203.0084,658.0652,1332.8254,534.2427,1348.923,632.3357,803.50745,347.0739,795.701,344.57455,592.78546,438.80414,581.2035,460.76376,380.25366,393.23166,386.71146,434.29965
0.0,0.0,0.0,0.0,0.0,0.0,0.0,0.0,1350.6901,465.71396,1198.7725,354.12057,1199.2494,435.41684,1150.1002,429.56625,1187.7819,651.06335,1311.6229,538.3898,1354.9834,625.7838,760.3643,332.57928,763.0345,337.4968,556.3187,418.2382,553.08325,456.93494,371.65222,373.05194,374.4732,434.2078
1321.7145,548.991,0.0,0.0,1344.9335,534.9533,0.0,0.0,1329.5177,446.224,1197.8862,364.11295,1191.1481,427.38327,1166.3611,450.18146,1202.2113,640.16785,1318.6537,528.7383,1371.4061,610.2908,788.816,352.66483,784.20526,354.03864,580.62256,429.48068,563.46356,476.56058,355.03384,347.07678,368.19232,432.98602
1321.5176,545.19904,0.0,0.0,1343.5045,532.43713,0.0,0.0,1332.7875,446.59454,1216.1915,359.60916,1199.0087,421.91714,1181.2178,437.45782,1190.7241,627.1232,1315.4594,512.59827,1349.501,608.56036,801.0619,321.09906,792.08276,321.29007,592.8748,403.33725,576.8355,452.48337,344.88834,321.5028,355.74997,410.78644
1313.7568,524.2995,0.0,0.0,1331.6147,511.9566,0.0,0.0,1318.4323,429.76505,1216.1774,349.31323,1187.9099,403.2954,1174.4938,446.24304,1171.9437,612.92114,1300.4799,506.3703,1332.8386,594.0572,827.1343,298.05966,812.5014,298.18106,635.38684,376.41617,619.5473,422.33487,402.8322,296.12292,412.75662,380.73944
1309.1931,510.53238,0.0,0.0,1328.3562,497.64542,0.0,0.0,1314.2329,414.36044,1214.1486,341.03827,1178.7144,388.5393,1187.157,442.03293,1173.2659,599.8927,1318.1353,504.66037,1343.7357,581.9912,822.85693,277.14172,804.5103,274.80084,627.8126,357.0058,607.2153,400.20685,410.29138,286.00397,418.8533,369.45575
1310.3339,504.45978,0.0,0.0,1331.1611,488.40942,0.0,0.0,1310.2148,397.98422,1210.0436,335.4066,1174.7676,369.73123,1177.3894,444.03726,1181.878,583.8718,1351.6447,491.19498,1348.3674,583.913,814.8965,298.4679,794.2877,286.615,572.53326,360.7174,557.62115,382.57703,373.73605,281.38553,393.14615,338.97772
1301.9216,503.79633,0.0,0.0,1327.5331,486.6583,0.0,0.0,1312.1993,394.9292,1201.4788,347.5213,1172.926,365.31418,1165.2412,463.62015,1175.7507,576.3636,1334.5903,517.76776,1338.746,582.4252,812.9174,295.56503,797.1341,275.43332,583.8324,362.30173,564.0076,365.22797,384.42755,292.0017,401.31006,328.43784
1294.522,505.7919,0.0,0.0,1318.7748,489.50522,0.0,0.0,1301.9159,399.53128,1199.9606,345.41467,1159.8048,369.6773,1166.564,450.8921,1159.9165,577.0783,1320.653,510.11795,1319.8829,584.3137,807.53906,285.4421,784.5381,268.52225,577.1893,350.5485,552.28033,360.24173,379.57883,278.47897,397.27902,322.79068
1289.1079,486.92633,0.0,0.0,1316.5824,468.63217,0.0,0.0,1292.8912,395.88495,1188.0659,377.77692,1140.174,390.91913,1164.7391,469.64337,1135.1094,579.943,1285.8927,508.77704,1289.3762,607.87024,811.1917,314.26776,776.08813,298.37143,582.42175,360.6838,546.7645,389.20038,359.49124,260.8201,393.42462,343.126
1250.2013,500.3738,0.0,0.0,1270.3984,487.16107,0.0,0.0,1256.695,408.25006,1182.3988,345.59723,1125.9878,384.70358,1161.288,429.9963,1128.6117,580.2781,1279.8612,502.3352,1288.6737,574.67084,810.2807,279.0757,778.09283,268.58252,582.07416,335.3541,552.0264,351.7903,374.69223,276.76236,389.59863,319.56952
1223.1344,522.4139,0.0,0.0,1245.1461,511.31995,0.0,0.0,1238.3076,421.7614,1153.704,334.22028,1107.8143,382.7481,1126.297,422.62958,1102.3734,588.7134,1243.8083,487.80295,1268.1359,585.315,788.7636,259.80704,764.1339,256.74564,581.889,334.8082,558.62274,367.9713,377.3195,271.80444,390.72858,339.7191
1216.7754,500.9514,0.0,0.0,1242.0619,482.7183,0.0,0.0,1217.6295,399.96442,1111.3246,377.73233,1078.6798,384.33847,1082.7308,485.48538,1080.4874,573.70184,1254.6387,540.4483,1259.3472,618.9679,771.06726,316.5671,749.34393,299.9197,544.7029,360.66946,522.1855,378.68732,337.77817,276.49567,370.72037,340.86368
1194.7305,520.0392,0.0,0.0,1223.7693,501.7644,0.0,0.0,1210.485,415.84167,1095.5115,383.75812,1074.2814,394.63507,1051.5801,484.03586,1079.2086,593.47015,1197.4985,530.561,1255.1342,615.7742,736.9269,301.86334,723.7844,283.73758,540.1505,366.2556,519.1873,375.81573,336.53085,274.67798,361.85086,325.8285
1180.6888,528.9258,0.0,0.0,1208.3083,514.5599,0.0,0.0,1202.6339,433.14417,1102.3771,386.16367,1072.2605,410.0217,1064.1007,489.8673,1058.61,605.51154,1196.6488,549.9579,1222.2191,631.08075,747.2212,316.2687,730.2705,304.86203,539.03046,367.51312,524.63293,391.51547,354.2709,285.20422,376.55716,347.40192
1183.953,530.4018,0.0,0.0,1210.6906,514.4154,0.0,0.0,1202.6638,429.29333,1114.1213,390.50006,1070.3229,407.06744,1080.6458,505.46048,1062.0143,610.95856,1209.7109,556.51056,1234.9246,639.2637,765.70135,335.053,739.76697,320.8671,548.2762,383.67548,525.06946,406.64487,344.31586,285.89908,370.40652,352.1997
1181.0117,547.7513,0.0,0.0,1206.4614,531.39716,0.0,0.0,1195.5975,440.36328,1119.937,389.38696,1060.782,412.46906,1100.5986,495.32172,1060.1365,616.6486,1221.8044,548.0583,1231.3491,643.9951,774.9177,330.55255,739.2405,320.0941,568.79724,382.76157,537.2056,409.5003,374.1126,269.769,402.36057,339.29584
1182.9988,548.6979,0.0,0.0,1206.2113,531.63135,0.0,0.0,1193.8848,440.44702,1135.0173,390.45117,1057.9592,409.27902,1115.2874,499.59872,1052.1193,609.98016,1240.8756,559.1393,1222.2417,636.6713,793.5894,334.10797,747.35767,321.6201,583.42444,383.9004,546.5962,402.86435,391.1383,274.3744,421.49084,330.84415
1168.7985,535.6174,0.0,0.0,1189.8452,521.11414,0.0,0.0,1187.8081,440.82834,1152.1914,388.23706,1053.2512,416.2112,1143.3828,495.3797,1022.82404,616.8049,1207.4186,579.83057,1201.2671,630.3531,809.63293,291.5012,754.05524,285.12936,642.7491,351.32126,583.853,385.38742,429.77985,257.8676,442.6507,328.49155
1174.1099,537.1517,1192.2935,535.99646,1201.1226,518.7865,0.0,0.0,1195.9948,429.6807,1127.6913,398.65118,1055.5312,404.03897,1109.6951,504.66284,1025.09,601.81903,1200.5632,582.6622,1195.1807,633.0137,803.8341,277.68732,764.70087,263.95963,662.9751,352.88098,602.6825,374.72647,449.4018,246.28395,463.43283,315.42352
1175.0382,545.8488,1197.8657,545.7153,1201.9164,524.55505,0.0,0.0,1189.7478,428.9859,1139.2834,396.22614,1039.3645,402.47638,1143.3676,491.50516,1026.9581,598.9924,1222.74,560.8248,1206.8544,646.41016,826.0762,283.81714,767.86755,271.25452,681.171,360.5928,592.9982,382.0101,459.6081,240.0753,476.06726,311.95996
1177.548,535.89905,1199.6602,534.77966,1200.0652,516.11926,0.0,0.0,1183.3568,430.3498,1147.1648,390.3571,1041.3779,407.0443,1151.6367,471.14932,1040.6718,595.06726,1220.5055,549.11,1205.733,633.45874,844.9494,262.8289,782.903,254.17604,712.90125,344.00778,624.178,362.34512,492.90366,241.50179,511.85,303.218
1176.9188,533.4898,1199.7136,531.9461,1199.3608,513.3586,0.0,0.0,1183.2787,424.73203,1156.0378,383.32803,1041.5217,397.97205,1157.7057,470.40024,1035.7375,587.47705,1204.8704,545.95874,1206.6194,629.01544,859.5399,248.79982,792.4822,239.75761,722.0287,328.6352,629.6887,348.17188,509.6382,227.17671,528.41565,290.97174
1168.0415,531.24475,0.0,0.0,1189.7041,509.06982,0.0,0.0,1169.2072,431.7669,1149.5575,385.3259,1012.6357,417.72162,1164.29,443.79303,995.67334,601.09357,1224.5928,523.33417,1205.8137,645.226,851.3293,259.9053,767.2367,261.05457,705.3582,316.93246,600.76215,350.29733,514.2523,208.93533,540.8826,279.93994
1158.7932,532.0725,0.0,0.0,1186.4258,509.33664,0.0,0.0,1170.2955,423.95493,1112.4343,368.58456,1006.5771,406.56912,1105.61,407.08502,981.4713,590.1511,1200.638,501.01566,1205.4784,648.1184,820.784,240.97661,755.60706,244.84662,679.71423,305.2131,572.7135,333.17426,499.95798,213.24474,512.228,270.51562
1134.3041,530.2371,0.0,0.0,1156.7498,508.68222,0.0,0.0,1140.3976,414.20993,1117.3838,335.19894,968.52655,390.5376,1144.5476,395.6662,953.84546,599.03253,1214.6289,505.0101,1179.4008,633.6427,798.0868,214.13155,710.0017,224.64523,659.63745,281.82504,542.1757,323.0648,475.64282,180.04817,487.89944,250.57028
1125.293,518.86365,0.0,0.0,1141.3331,495.58807,0.0,0.0,1114.4126,401.33597,1103.7555,341.36777,963.54987,372.6551,1088.7546,419.20645,960.2395,568.4208,1167.2521,524.1869,1167.3395,630.3632,809.0851,212.16243,727.11536,212.68402,655.7418,270.6739,564.5539,292.87015,467.50415,168.50253,497.6823,221.33528
1119.1389,534.71906,0.0,0.0,1125.4365,513.898,0.0,0.0,1091.9744,426.80872,1119.7401,339.04364,948.30725,397.8478,1115.1603,410.14334,941.0459,595.31635,1141.2172,522.90106,1119.7617,624.7335,814.7866,212.97258,714.08484,224.75473,660.4422,270.57306,561.9155,314.4562,461.574,170.76842,497.26825,244.92023
1098.5112,523.2694,0.0,0.0,1102.3678,505.69006,0.0,0.0,1071.9214,429.12958,1100.7921,336.08575,937.7324,406.44144,1106.1052,407.8224,923.55194,602.7988,1152.0734,542.3884,1086.2346,618.29736,802.81036,215.76633,709.0934,232.50114,660.07477,265.67825,572.0514,312.3123,462.17056,165.8514,494.458,230.32951
1104.0454,539.2208,0.0,0.0,1103.5471,520.4299,0.0,0.0,1066.8651,443.01767,1113.3977,340.36,935.69,420.9246,1123.3214,398.21457,928.0878,619.3719,1152.3204,494.98087,1078.2539,630.1965,817.03766,217.23167,714.40393,238.23093,669.5239,268.50845,575.90717,321.09793,468.65353,164.76329,502.23962,238.61513
0.0,0.0,0.0,0.0,0.0,0.0,0.0,0.0,0.0,0.0,1108.1982,350.64743,958.6128,422.1938,1114.4369,423.8215,928.9558,606.6955,1146.0208,547.4995,1066.466,632.9537,808.0632,218.08896,723.7349,234.44096,637.6405,225.46213,573.31885,281.83658,475.0503,126.756294,502.68542,202.74843
0.0,0.0,0.0,0.0,0.0,0.0,0.0,0.0,0.0,0.0,1141.1,347.384,976.62067,434.7345,1144.218,413.651,948.04,616.8748,1169.4203,553.7763,1091.1335,642.0694,828.5624,219.91829,733.6115,241.3769,660.64417,218.88379,597.5101,277.85168,494.716,120.49473,526.36566,192.09984
0.0,0.0,0.0,0.0,0.0,0.0,0.0,0.0,0.0,0.0,1128.3712,365.08392,965.1127,431.49637,1139.3085,436.22052,945.9895,609.45087,1210.8197,576.61255,1131.8243,678.26587,843.523,238.66463,742.60315,257.7614,665.747,257.82385,587.8731,312.85773,560.10956,204.46295,589.58203,278.5696
0.0,0.0,0.0,0.0,0.0,0.0,0.0,0.0,0.0,0.0,1159.0332,330.78012,979.4786,412.2891,1189.9268,408.6276,947.34155,611.6368,1217.5717,579.8261,1121.816,658.6367,873.688,190.57123,769.12317,216.34364,743.0195,254.20314,650.88336,319.80707,592.72516,205.93181,619.7895,289.05313
0.0,0.0,0.0,0.0,0.0,0.0,0.0,0.0,0.0,0.0,1191.0546,309.37616,1011.6586,401.0289,1215.6947,389.9102,995.7781,603.15216,1210.2023,548.70605,1113.3723,632.0992,908.77496,149.58945,806.81067,176.50905,804.35876,229.15732,723.5632,291.3373,618.92786,142.10982,653.63153,220.91017
1192.6581,546.33746,0.0,0.0,1175.5118,530.1374,0.0,0.0,0.0,0.0,1271.3225,318.57275,1030.3549,408.41364,1304.2288,397.8538,1007.9164,587.9645,1258.333,523.9175,1118.5236,624.505,961.3964,141.10222,814.93146,164.7368,889.8129,237.3072,757.91943,292.44437,718.1783,131.30229,677.1447,201.81543
0.0,0.0,0.0,0.0,0.0,0.0,0.0,0.0,0.0,0.0,1233.2439,322.39746,1029.8545,372.56232,1270.8337,425.81775,1011.25616,577.2774,1233.4911,550.6791,1152.07,612.456,971.42633,126.2574,849.53265,134.69633,937.4619,264.05228,806.80524,287.14728,749.6377,205.19432,730.15564,240.6091
1173.4194,506.68655,0.0,0.0,0.0,0.0,0.0,0.0,0.0,0.0,1252.5571,309.90738,1028.9714,369.3533,1307.9143,401.6242,1006.14606,573.4473,1309.9316,527.48175,1154.4434,610.1186,993.05,106.21866,857.76953,121.2987,973.3166,243.41711,814.13403,276.69257,794.207,177.90565,736.4711,222.53188
1173.5105,520.7084,0.0,0.0,1161.9553,499.09882,0.0,0.0,0.0,0.0,1261.6974,313.37622,1023.6641,373.3225,1307.8279,398.5275,1001.3712,566.6719,1291.7556,516.87384,1153.559,612.3395,1016.7104,101.40294,866.55695,118.44756,1028.0094,255.23695,824.4386,287.92072,878.5036,194.27872,748.4275,235.86356
1160.9198,520.07886,0.0,0.0,1148.3717,499.11502,0.0,0.0,0.0,0.0,1248.8508,321.61688,1020.52795,374.0659,1292.8542,416.6064,994.20044,563.7389,1296.973,524.56616,1140.6923,621.8322,1042.5765,129.60132,889.82855,147.9457,1094.2593,319.35303,855.0921,350.67017,1012.78845,294.73993,788.6197,328.8455
0.0,0.0,0.0,0.0,0.0,0.0,0.0,0.0,0.0,0.0,1231.8444,307.14578,1012.4158,373.22095,1265.9645,357.46603,975.4406,555.11194,1298.7229,439.08905,1131.9608,625.9795,1035.3666,120.95185,887.7611,146.1216,1086.5537,310.70483,850.4193,347.0918,1007.61646,288.3859,778.88916,325.31686
1130.3732,524.0946,0.0,0.0,0.0,0.0,0.0,0.0,0.0,0.0,1208.4913,333.31375,1001.35974,388.78665,1246.0958,421.52188,960.22876,571.1361,1269.1942,518.0151,1112.1581,628.8293,1010.4427,130.96385,873.1083,152.6972,1068.4666,287.70126,843.1918,326.49915,972.49475,230.71053,751.3217,269.20575
1099.757,510.82602,0.0,0.0,0.0,0.0,0.0,0.0,0.0,0.0,1175.7554,316.99237,970.5965,366.60785,1240.437,386.2838,932.19366,568.2962,1283.6564,463.6737,1098.136,639.2481,959.01544,109.70066,834.048,124.55601,962.3295,252.17168,791.19086,278.88336,800.0679,187.3596,710.3574,221.30379
1097.0314,522.3715,0.0,0.0,0.0,0.0,0.0,0.0,0.0,0.0,1184.6752,332.2229,946.5707,359.0225,1214.2133,474.6057,915.72125,568.07776,1201.7573,578.5208,1081.2269,629.96594,1032.2698,199.23882,872.2844,212.09785,1089.4642,377.31857,851.9242,401.3553,1031.1925,340.984,825.2285,369.67236
1103.1665,524.9986,0.0,0.0,0.0,0.0,0.0,0.0,0.0,0.0,1189.9875,326.7779,952.4815,372.45364,1224.1571,426.16483,920.67993,570.8054,1256.7689,484.25876,1079.6274,631.3931,1053.6958,192.61153,894.4642,215.65056,1112.4634,365.77954,875.0387,397.28824,1061.2866,320.26456,842.98395,351.84
1094.7809,501.0351,0.0,0.0,0.0,0.0,0.0,0.0,0.0,0.0,1175.9377,314.72522,976.9838,337.53534,1206.9359,430.76303,955.1811,527.2481,1251.1758,453.29648,1075.2301,626.3242,1114.5095,236.40628,976.8446,249.18802,1136.0062,425.38477,948.93384,436.63568,1113.1036,404.48166,916.8162,418.30905
1098.505,515.3972,0.0,0.0,0.0,0.0,0.0,0.0,0.0,0.0,1188.9716,310.26337,947.49286,348.35925,1244.4027,383.4032,924.9591,534.1834,1308.1685,404.69562,1073.5029,608.22186,1077.3395,209.2847,914.2467,232.47794,1160.9977,411.3591,917.9191,436.84647,1161.5548,387.78235,941.76495,414.21835
0.0,0.0,0.0,0.0,0.0,0.0,0.0,0.0,0.0,0.0,1197.2715,271.5063,982.5931,334.88248,1222.4451,387.0598,967.56024,531.9656,1210.6162,491.1603,1069.669,603.7206,1100.9634,185.90749,950.35895,208.48924,1115.6371,395.7393,929.86597,412.13675,1102.5352,400.29758,913.83844,407.1538
0.0,0.0,0.0,0.0,0.0,0.0,0.0,0.0,0.0,0.0,1034.7178,221.34906,912.8732,226.5474,1148.5023,461.8385,1006.13196,488.27948,1222.0159,533.412,1097.0903,606.58606,1112.5856,199.1467,1030.8264,201.7598,1100.6781,443.57,1011.7178,430.24146,0.0,0.0,0.0,0.0
0.0,0.0,0.0,0.0,0.0,0.0,805.36676,125.26268,0.0,0.0,913.4887,190.6907,924.9641,130.71956,1065.8258,454.96106,1044.4702,358.92914,1174.0673,534.4054,1100.7506,580.8618,1132.4894,255.98975,1145.1821,237.71846,1091.2006,475.01138,1104.6702,439.36285,1150.459,503.10983,1150.122,461.8411
800.62396,158.9547,796.5031,148.6387,0.0,0.0,821.3974,118.450676,0.0,0.0,912.5823,179.90443,967.75256,116.05991,1020.6286,450.09927,1061.0472,355.5178,1127.549,525.52637,1113.7461,571.8241,1134.3204,248.22812,1176.289,227.52072,1084.4557,468.30957,1124.8074,429.9929,1133.8956,499.67175,1160.6682,458.1828
815.5824,158.08118,808.8584,143.12332,0.0,0.0,835.48303,95.98762,0.0,0.0,924.75995,137.88193,968.26483,102.66772,1038.9453,396.0476,1055.3394,347.1332,1166.6985,503.66263,1084.1417,539.8555,1113.163,235.83362,1150.4379,226.76346,1109.4431,418.61755,1155.3761,394.13928,0.0,0.0,0.0,0.0
811.75586,136.30812,810.37994,125.566246,0.0,0.0,836.1418,95.76277,0.0,0.0,897.1051,166.58675,995.6149,83.49033,971.1039,427.69556,1070.1112,290.82938,1084.3901,512.7397,0.0,0.0,1104.4513,255.36563,1179.2528,228.29063,1062.4406,469.53333,1162.4109,426.26807,1113.7726,490.15137,1216.6796,443.64972
813.546,131.41331,816.5102,113.58832,0.0,0.0,849.733,76.82731,0.0,0.0,908.8823,137.61703,995.7651,121.61431,949.3184,411.1928,1054.9779,399.1051,1045.4187,503.16138,1076.7594,565.9951,1127.8733,262.05084,1187.9207,261.78644,1090.2062,491.53152,1156.8691,491.392,1103.0848,472.74664,1186.9088,483.3175
811.114,138.80432,810.3188,126.998314,0.0,0.0,837.698,90.30132,0.0,0.0,908.6336,149.676,971.7389,109.86411,976.54456,458.0561,1022.84326,400.8804,1095.2986,550.4136,0.0,0.0,1104.6207,254.62451,1154.2673,244.44019,1067.5792,468.9277,1127.056,448.7719,0.0,0.0,0.0,0.0
0.0,0.0,0.0,0.0,0.0,0.0,831.29755,107.08864,0.0,0.0,880.02637,190.72853,996.6896,93.979454,950.54517,474.68127,1078.3995,305.4821,1038.0643,573.5739,1063.1233,540.15344,1086.9083,280.60025,1164.876,247.97182,1050.9722,507.52817,1096.7386,470.68985,1120.2147,527.01715,1135.5889,502.0374
0.0,0.0,0.0,0.0,0.0,0.0,808.55884,99.42327,0.0,0.0,867.1679,193.57298,958.6114,133.44676,938.1608,467.1958,1021.60754,367.38693,1018.4828,550.59576,1022.34344,565.7642,1071.9713,301.56152,1134.8507,284.12363,1046.0948,503.16312,1076.9592,481.33237,1110.9706,521.90845,1121.8326,514.36273
0.0,0.0,0.0,0.0,0.0,0.0,791.597,112.33294,0.0,0.0,844.4292,196.6338,970.4588,108.3541,918.9562,482.77225,1054.7563,335.531,989.8515,556.7828,1048.5924,549.2841,1050.8667,356.77597,1133.1786,327.98413,1030.4725,540.15857,1103.3481,513.5102,1056.1915,538.1373,1125.1827,532.14935
0.0,0.0,0.0,0.0,0.0,0.0,0.0,0.0,0.0,0.0,832.494,180.65503,927.7356,154.99141,929.69556,466.43207,1008.0797,441.56436,1058.9678,571.94086,1016.5792,619.0077,999.47626,338.96375,1069.0929,336.9435,991.03827,495.52454,1078.8127,500.60257,0.0,0.0,1100.1825,529.7159
0.0,0.0,0.0,0.0,0.0,0.0,0.0,0.0,0.0,0.0,932.1797,307.0276,874.4072,293.6986,1027.7667,540.98157,922.7599,526.9533,1097.1683,641.81665,971.8625,628.8368,1025.3088,314.2821,987.6587,312.13852,1031.9087,511.5205,973.27423,505.66498,1046.1906,521.62103,984.7993,514.5183
0.0,0.0,0.0,0.0,0.0,0.0,0.0,0.0,0.0,0.0,1016.1991,365.32227,854.95154,364.6029,1085.3342,520.0957,865.0818,541.2616,1101.0894,575.2346,953.0704,615.12915,1039.1726,317.1648,928.7999,319.58685,1055.6176,519.1027,907.3642,524.50275,1054.1807,519.8865,912.6129,526.62286
0.0,0.0,0.0,0.0,0.0,0.0,0.0,0.0,0.0,0.0,1071.8727,364.78073,840.3779,372.51828,1116.4823,487.63058,838.53186,540.9443,1091.0665,568.7462,939.0096,640.2666,1005.13495,229.7553,847.22003,235.61769,1039.1985,448.15988,825.89026,455.71252,1023.71045,468.18237,840.6586,476.46176
0.0,0.0,0.0,0.0,0.0,0.0,0.0,0.0,0.0,0.0,1040.3489,353.0704,817.2971,396.39862,1089.732,468.9584,814.8399,557.955,1067.4852,610.8607,910.7091,659.58386,972.5959,230.18651,818.80774,246.94034,1003.1681,458.5826,799.1221,473.04227,1004.3106,488.94876,0.0,0.0
0.0,0.0,0.0,0.0,0.0,0.0,0.0,0.0,0.0,0.0,1012.652,381.9856,779.7589,386.16324,1059.0183,538.0104,753.61975,560.14435,1046.2678,647.8193,881.0393,665.664,969.03204,262.91315,810.78937,268.25317,1004.27057,478.53278,799.1734,480.13522,997.93634,523.879,808.1163,505.3776
0.0,0.0,0.0,0.0,0.0,0.0,0.0,0.0,0.0,0.0,977.82513,367.92035,752.3864,378.71338,1038.0735,493.89536,746.50574,553.68823,1010.71124,618.03094,854.66,653.0932,933.9656,198.85025,781.0696,206.67178,955.2256,429.9721,752.4687,436.64963,942.9861,502.55652,780.46326,499.46658
0.0,0.0,0.0,0.0,0.0,0.0,0.0,0.0,0.0,0.0,947.91156,355.70847,719.2685,389.90872,1008.09064,486.87097,720.0527,557.5358,969.69415,643.4487,804.99774,668.1299,880.2931,199.4276,726.048,211.90045,909.7841,401.93073,704.2714,410.1093,901.3309,399.07965,725.7636,393.90347
0.0,0.0,0.0,0.0,0.0,0.0,0.0,0.0,0.0,0.0,905.8048,359.2347,642.48126,370.57956,957.20105,530.5521,641.6792,575.61365,915.0092,655.26306,758.3367,662.51074,857.89087,191.87787,685.591,202.91968,893.4481,398.9914,694.78455,407.41342,890.565,403.1426,761.39514,395.99326
0.0,0.0,0.0,0.0,0.0,0.0,0.0,0.0,0.0,0.0,883.54376,370.29147,648.3693,361.4712,927.8498,522.7714,643.4989,541.6321,882.40045,620.72577,740.68274,641.1724,816.74963,207.38896,655.6189,205.26549,847.87067,422.4292,613.61,421.8307,829.1737,457.22086,624.7663,462.6592
0.0,0.0,0.0,0.0,0.0,0.0,0.0,0.0,0.0,0.0,896.5688,348.63705,625.75507,385.73868,946.18085,479.556,605.4895,558.7727,909.939,639.99927,692.107,664.2528,819.2452,220.65143,635.6359,236.4652,852.2902,467.69962,634.9811,478.45267,849.19867,501.1377,0.0,0.0
0.0,0.0,0.0,0.0,0.0,0.0,0.0,0.0,0.0,0.0,863.1383,349.9183,595.6787,371.7618,912.7511,509.8514,593.08563,565.94836,862.6432,650.50726,682.4588,658.05035,806.01385,192.0899,628.3729,202.87994,829.6489,412.732,618.1777,417.75964,822.4521,432.35184,666.9785,418.56976
0.0,0.0,0.0,0.0,0.0,0.0,0.0,0.0,0.0,0.0,866.2654,357.74716,624.9779,348.15216,920.51776,521.6392,626.58685,527.31146,862.5649,632.7763,709.6542,627.3919,824.49646,186.30331,660.4928,182.24176,845.5238,416.25073,616.21704,408.37173,838.4013,453.94824,636.2801,446.19608
0.0,0.0,0.0,0.0,0.0,0.0,0.0,0.0,0.0,0.0,900.9548,342.89453,632.3073,331.8712,959.2832,526.39325,640.5819,517.1528,891.91406,645.3638,718.69904,628.8739,883.02905,214.09119,703.69824,211.8631,906.56854,426.82755,677.09595,421.53094,910.94037,426.09677,738.9336,421.6724
0.0,0.0,0.0,0.0,0.0,0.0,0.0,0.0,0.0,0.0,946.47876,383.86707,706.4127,369.84946,984.9789,543.8846,671.6453,526.27466,936.311,647.32983,750.8597,642.8475,907.6837,247.2791,749.45746,242.19763,922.707,440.70853,734.92,431.16568,903.596,445.87564,759.6167,428.659
0.0,0.0,0.0,0.0,0.0,0.0,0.0,0.0,0.0,0.0,994.03314,376.15158,736.3812,341.37646,1045.6088,553.2495,723.017,489.6732,958.9757,642.9886,782.3277,638.66034,972.41644,220.24269,805.4438,206.72049,990.83466,386.72244,798.42755,369.14694,984.3928,307.91483,849.1138,294.39975
929.74646,623.39465,0.0,0.0,0.0,0.0,0.0,0.0,0.0,0.0,1030.4272,405.04544,778.6516,382.99036,1077.4823,545.38904,766.4015,524.6034,1008.1721,667.3026,836.5283,624.1796,1005.44336,153.61365,841.3039,148.60057,1043.0922,329.53802,808.4954,332.60345,1020.4192,230.5469,834.6352,253.92572
0.0,0.0,0.0,0.0,0.0,0.0,0.0,0.0,0.0,0.0,1072.2847,422.86203,839.2585,371.57532,1141.1089,585.2453,845.53516,491.81863,1011.70886,688.3852,885.2328,705.1644,1083.8672,240.97446,931.2778,217.67628,1114.093,347.62216,928.28784,322.1941,1090.7834,212.9036,968.65216,204.50574
0.0,0.0,0.0,0.0,0.0,0.0,0.0,0.0,0.0,0.0,1093.2805,388.76495,861.84393,364.26822,1154.2642,558.7834,878.53674,511.3884,1059.5613,677.1459,915.254,645.78143,1129.7073,195.15056,979.4368,187.71245,1153.5872,364.99222,954.59406,360.8531,1166.2703,252.46751,1030.9713,271.04562
0.0,0.0,0.0,0.0,0.0,0.0,0.0,0.0,0.0,0.0,1117.1617,397.43033,958.8163,381.4736,1143.7871,570.47705,907.83655,542.236,1089.9636,679.83026,896.2498,676.4742,1091.5631,327.33975,981.92065,319.15543,1113.9397,487.6408,977.41797,486.1543,1116.5688,499.5607,985.6496,498.82663
0.0,0.0,0.0,0.0,0.0,0.0,0.0,0.0,0.0,0.0,1087.303,227.04327,1128.786,199.52551,1083.6548,476.9936,1103.843,386.3337,1093.4323,679.7785,1034.3817,517.7454,1014.8082,291.13992,1053.4573,275.83597,1006.8066,475.59274,1102.5991,468.19043,959.448,549.6634,1064.9624,536.00024
0.0,0.0,0.0,0.0,0.0,0.0,0.0,0.0,0.0,0.0,1118.2153,166.53581,1184.8989,160.0736,1080.2552,443.88638,1113.8651,409.24365,1090.8462,662.8482,1047.1289,629.73596,1034.2188,305.72882,1094.4614,302.86456,1037.8601,451.52997,1160.937,459.8204,979.7298,545.2999,1110.928,550.882
0.0,0.0,0.0,0.0,0.0,0.0,0.0,0.0,0.0,0.0,1160.2361,290.31516,1067.6423,287.66043,1141.2654,484.08408,1014.04144,469.80908,1116.6597,642.79254,1003.0458,645.55115,1103.3787,285.04114,1037.9392,279.4705,1105.5396,467.26923,1037.5671,471.93887,1072.6732,518.70667,991.18616,517.487
0.0,0.0,0.0,0.0,0.0,0.0,0.0,0.0,0.0,0.0,1171.5604,164.4364,1177.1354,167.99579,1124.3042,441.43735,1117.4865,423.99823,1116.0508,646.8534,1071.2476,617.36176,1070.3467,276.64987,1077.8983,275.833,1093.1946,461.79208,1108.3414,470.19214,1048.0355,545.7273,1032.174,548.9832
0.0,0.0,0.0,0.0,0.0,0.0,0.0,0.0,0.0,0.0,1160.1885,392.67883,971.87476,365.58246,1190.8938,555.8692,969.5755,506.7519,1111.56,642.10754,998.2337,664.8196,1157.7502,291.8777,1025.7428,275.22406,1160.4384,488.28397,1000.25195,472.13086,1153.3242,509.9819,1000.7644,497.11307
0.0,0.0,0.0,0.0,0.0,0.0,0.0,0.0,0.0,0.0,1141.4089,333.36343,1029.2582,312.72363,1159.9164,518.24255,986.67725,460.3192,1098.9945,649.19116,946.4632,589.07574,1105.3428,273.4996,1024.3828,259.14,1102.2616,468.57074,1005.36786,462.13852,1081.6034,506.80466,955.6967,497.99362
0.0,0.0,0.0,0.0,0.0,0.0,0.0,0.0,0.0,0.0,1126.3605,386.4636,934.2693,368.13428,1155.7815,545.41187,919.93964,504.52332,1074.3171,658.2728,927.09357,614.66693,1122.9839,281.6379,993.3082,270.57065,1121.8059,469.9695,978.6504,465.26285,1109.2562,446.776,1005.03705,455.066
0.0,0.0,0.0,0.0,0.0,0.0,0.0,0.0,0.0,0.0,1147.4075,289.65717,1057.9856,279.48013,1117.5927,540.38293,973.86774,504.96133,1036.7922,653.08636,895.5563,607.80286,1062.8253,295.77682,1002.6264,287.5772,1068.8386,469.47427,1007.9669,474.10547,1031.6576,457.88342,952.41235,470.01343
0.0,0.0,0.0,0.0,0.0,0.0,0.0,0.0,0.0,0.0,1068.0925,373.3569,864.00275,349.3984,1125.3539,568.8946,883.0902,514.40576,1030.6875,668.20715,892.2889,611.3441,1112.8738,285.34244,972.2254,273.20453,1113.7295,479.38223,947.1349,474.40503,1117.061,428.41858,983.87555,438.8903
0.0,0.0,0.0,0.0,0.0,0.0,0.0,0.0,0.0,0.0,1055.4927,375.8497,855.41125,349.15314,1100.9689,571.2222,863.92993,490.19366,984.3642,680.0832,852.80457,636.2071,1067.241,282.2457,925.3909,267.17578,1103.3972,438.68903,926.1492,430.9529,1144.7133,411.7252,956.7547,408.1694
0.0,0.0,0.0,0.0,0.0,0.0,0.0,0.0,0.0,0.0,1115.428,187.04443,1084.4465,173.57951,1040.4272,484.85187,974.4311,425.94995,962.4461,705.73596,905.8781,636.6299,948.18225,306.35657,924.3302,302.0559,1010.62726,475.58224,958.0412,496.0221,1019.0283,470.13467,897.7239,503.7009
0.0,0.0,0.0,0.0,0.0,0.0,0.0,0.0,0.0,0.0,1025.618,362.56842,797.4795,328.15402,1071.2302,572.7704,805.16144,482.6337,947.4038,704.94,783.46716,654.0899,1047.7656,248.65326,887.50433,228.74959,1059.7815,436.2387,867.00464,422.26035,1092.1014,411.69263,903.6753,404.67508
0.0,0.0,0.0,0.0,0.0,0.0,0.0,0.0,0.0,0.0,1004.57574,373.40414,767.8706,333.12927,1057.8838,626.3831,768.55597,543.76373,936.2148,706.87225,781.34717,649.332,1067.3599,253.53545,902.93616,231.17207,1053.007,487.23636,823.65826,452.1248,1076.3885,497.45053,861.2489,468.10254
0.0,0.0,0.0,0.0,0.0,0.0,0.0,0.0,0.0,0.0,1018.97186,362.4387,781.09467,308.8052,1047.7601,621.6656,763.82874,510.04614,926.80444,712.02527,770.3007,639.28107,1033.5667,284.2023,861.57794,256.46448,1036.1202,521.68994,802.4587,493.10864,1062.8042,531.5795,814.81665,508.19873
829.3409,553.3131,851.73914,534.2401,0.0,0.0,0.0,0.0,0.0,0.0,1004.31537,395.52292,759.93,340.8303,1055.975,632.09216,754.50226,527.9154,920.47125,722.9694,783.9806,648.7973,1101.4391,244.56738,928.5964,216.32146,1079.9874,500.90564,815.79224,458.34735,1106.2913,528.0927,848.88135,494.4548
0.0,0.0,0.0,0.0,0.0,0.0,0.0,0.0,0.0,0.0,999.6986,390.88718,755.6985,298.43234,1026.2992,650.4278,749.31903,479.7499,881.1577,718.60657,762.77954,609.1295,1119.5972,223.45125,938.97784,183.75243,1101.8068,482.6384,848.4157,433.81003,1141.1929,502.40717,880.74207,463.73914
0.0,0.0,0.0,0.0,0.0,0.0,0.0,0.0,0.0,0.0,996.9526,402.13498,748.9948,324.29572,1040.3981,638.4568,742.23016,489.14,882.70184,714.9743,761.06366,624.41595,1113.8374,198.58408,935.3994,167.56747,1126.414,443.01105,873.36255,402.43753,1196.5331,430.53845,945.48596,406.83774
0.0,0.0,0.0,0.0,0.0,0.0,0.0,0.0,0.0,0.0,996.4042,384.99097,764.36194,315.03973,1063.7765,625.80927,762.36676,469.32962,903.67426,702.59467,769.55457,605.31616,1156.1361,185.10567,984.23425,148.77676,1140.3479,427.56558,830.87665,375.64435,1182.8938,434.69342,827.83887,393.6042
815.6924,553.5776,836.4159,531.1761,0.0,0.0,0.0,0.0,0.0,0.0,1012.17267,398.5179,766.7099,317.31543,1072.0272,628.5337,777.9926,450.26797,911.0612,682.4208,784.6321,588.4179,1156.5319,223.84883,979.55133,182.39964,1141.0096,462.4618,866.2898,404.6618,1180.4883,471.99585,871.94055,421.54233
834.97906,531.03613,853.62103,509.7344,0.0,0.0,0.0,0.0,0.0,0.0,1031.0001,379.97656,779.93225,292.76733,1076.3904,617.61707,769.7373,418.57144,903.429,671.37775,789.74695,567.3717,1177.2251,205.46628,992.47473,162.99487,1179.5771,436.17538,870.45447,379.3115,1232.384,438.39038,870.4532,393.01996
0.0,0.0,0.0,0.0,0.0,0.0,0.0,0.0,0.0,0.0,1025.7085,376.19058,780.6532,283.6941,1060.0692,603.5093,757.09283,402.71548,895.0597,649.11206,778.94586,533.4014,1175.2145,169.38277,1000.89465,130.8224,1169.9652,397.78082,920.9914,344.7365,1244.1998,358.6749,991.9798,324.14047
0.0,0.0,0.0,0.0,0.0,0.0,0.0,0.0,0.0,0.0,1019.6485,366.72476,789.0843,276.53406,1062.4109,596.25574,770.66235,393.1441,881.8499,647.7259,794.784,531.9602,1189.4186,144.42523,1023.5274,106.31094,1180.6316,372.35068,941.0314,315.92404,1260.8317,343.89252,1013.5765,297.37674
0.0,0.0,0.0,0.0,0.0,0.0,0.0,0.0,0.0,0.0,1014.0355,349.10806,790.9279,258.34854,1050.8397,593.4995,758.31635,375.53525,871.3425,646.4995,771.2747,521.36523,1192.5656,143.4123,1029.2014,106.10445,1193.6738,373.80212,947.2074,317.15665,1279.5605,354.41885,992.1929,298.35168
0.0,0.0,0.0,0.0,0.0,0.0,0.0,0.0,0.0,0.0,1001.6098,335.31827,785.7532,265.65173,1045.3444,593.3906,775.48096,402.74738,853.82886,636.1774,804.3986,524.0319,1211.6212,119.24661,1059.9337,96.47708,1247.4954,311.50497,1050.2139,269.82404,1374.3058,236.57274,1171.7382,193.68819
0.0,0.0,0.0,0.0,0.0,0.0,0.0,0.0,0.0,0.0,989.1414,342.46478,780.4865,268.37448,1024.7622,586.0241,763.9433,378.84283,831.52844,620.8492,776.4635,508.66663,1209.7738,105.51066,1068.1393,82.636345,1248.6705,282.6502,1103.376,240.41995,1381.4408,182.37534,1256.2874,141.92047
0.0,0.0,0.0,0.0,0.0,0.0,0.0,0.0,0.0,0.0,1003.0174,332.36386,813.3684,259.3105,983.41705,564.1226,796.05743,376.06155,803.5263,617.1033,762.4675,495.35754,1217.02,182.1353,1090.1565,162.07129,1281.5956,284.76834,1166.7996,252.83777,1363.769,182.72778,1265.746,154.17795
0.0,0.0,0.0,0.0,0.0,0.0,0.0,0.0,0.0,0.0,955.7652,328.08826,750.03064,255.27997,980.61273,586.4975,722.77136,386.57578,776.0774,615.89087,755.0256,502.45844,1176.9214,107.01851,1041.069,88.77228,1240.5879,242.02611,1132.411,202.01303,1363.5494,149.18211,1297.6879,100.799904
0.0,0.0,0.0,0.0,0.0,0.0,0.0,0.0,0.0,0.0,942.55945,334.03622,711.3313,243.16946,974.2896,588.3807,643.40735,340.0969,768.46783,606.6044,683.7678,476.95267,1162.1877,119.47037,1016.15515,97.54896,1255.4758,223.0119,1160.2644,174.21107,1376.3998,119.39415,1337.1963,54.711433
0.0,0.0,0.0,0.0,0.0,0.0,0.0,0.0,0.0,0.0,931.5015,336.97018,731.87067,248.53255,961.83636,603.1189,714.45764,341.68277,766.1951,610.6628,711.23126,486.93542,1161.7997,141.81755,1035.1915,116.57808,1250.7548,272.04987,1151.8489,223.15468,1401.3187,137.30008,1308.7983,85.88002
0.0,0.0,0.0,0.0,0.0,0.0,0.0,0.0,0.0,0.0,926.30566,352.70026,735.61707,262.332,961.17725,605.9164,724.2576,343.6781,756.50507,616.7404,722.18835,490.501,1146.164,164.75748,1028.9338,137.11702,1232.7953,278.65256,1157.2903,223.8424,1371.5857,149.33147,1315.0536,89.4024
0.0,0.0,0.0,0.0,0.0,0.0,0.0,0.0,0.0,0.0,914.8843,369.81775,716.9414,285.18402,967.2821,614.13135,699.6741,343.05954,752.61975,634.32074,722.8188,496.25647,1119.1007,161.93976,995.9081,136.85756,1198.224,289.3251,1130.0189,240.7441,1350.1669,161.54782,1305.997,102.00073
0.0,0.0,0.0,0.0,0.0,0.0,0.0,0.0,0.0,0.0,918.6731,392.63214,701.39136,307.52097,959.06415,626.58453,674.9799,380.38635,755.44214,636.70123,698.46185,515.55505,1128.6403,201.33669,993.80914,178.65634,1219.0023,304.3193,1158.4606,254.06662,1347.4652,167.34627,1346.2214,108.262985
749.186,484.94843,745.1283,466.2552,0.0,0.0,780.1395,395.7066,0.0,0.0,925.74927,384.52716,736.54126,286.01395,959.7072,627.51447,722.47064,343.8154,734.2376,630.9421,720.9711,478.55,1137.2301,216.47783,1022.1176,183.3447,1214.6874,320.69293,1152.5173,266.92868,1332.0121,180.64343,1292.3834,130.34682
0.0,0.0,0.0,0.0,0.0,0.0,0.0,0.0,0.0,0.0,929.5703,397.44016,721.9018,310.27728,974.77997,630.09564,681.8052,385.6073,747.41315,626.96234,687.10077,518.6228,1144.229,217.84392,1015.37244,194.75308,1274.2698,298.73438,1202.7404,242.4365,1407.556,202.3824,1397.2251,138.61969
748.1763,484.14966,742.71533,469.6626,0.0,0.0,772.6641,404.3946,0.0,0.0,913.1833,396.23593,750.321,292.27832,965.2731,622.6994,743.6994,339.15765,761.36285,620.98615,722.79376,483.17505,1144.462,236.71715,1049.3619,203.61227,1234.9086,344.3932,1190.6465,288.31818,1376.7308,210.48381,1351.5176,159.92818
0.0,0.0,0.0,0.0,0.0,0.0,0.0,0.0,0.0,0.0,909.55835,403.20905,733.8498,306.77377,970.9462,635.09656,725.98334,374.78506,748.8749,625.3429,709.91974,508.16064,1160.7009,239.95949,1049.5945,212.1151,1289.5492,331.06647,1226.7698,264.90973,1458.6403,242.1834,1441.5267,170.04121
0.0,0.0,0.0,0.0,0.0,0.0,0.0,0.0,0.0,0.0,912.49915,403.92178,763.5605,305.46707,956.4529,646.00354,758.81854,381.29675,744.9166,633.0128,744.2458,499.16245,1170.186,248.00539,1075.2911,219.7072,1302.6212,331.31747,1256.2844,261.0584,1487.5192,251.15176,1470.17,168.10052
0.0,0.0,0.0,0.0,0.0,0.0,0.0,0.0,0.0,0.0,923.83356,398.20975,791.587,296.81482,972.176,626.87146,766.7728,350.66904,756.14966,616.65936,728.8384,480.96295,1174.0006,239.01443,1089.95,207.57126,1278.6276,369.46494,1236.9291,287.1143,1485.8021,315.30167,1453.5781,207.0002
0.0,0.0,0.0,0.0,0.0,0.0,780.9459,407.18436,0.0,0.0,921.4982,407.21906,790.981,311.1807,954.01227,637.643,772.56976,379.30994,748.04706,603.3707,741.4375,501.2357,1184.3474,276.43863,1103.6316,250.96509,1296.1432,374.61905,1261.4568,317.00812,1488.7603,271.7477,1468.1559,211.29022
0.0,0.0,0.0,0.0,0.0,0.0,784.0717,401.61978,0.0,0.0,920.3408,411.24445,805.73456,322.14276,950.3438,618.44183,794.75757,378.52756,744.4188,618.79755,751.4801,488.07104,1194.6931,298.33643,1126.319,275.22333,1304.993,393.1551,1275.1831,342.5266,1479.7317,292.71487,1448.1403,235.3645
755.9737,472.344,750.7358,459.96735,0.0,0.0,781.4363,412.4706,0.0,0.0,919.34033,416.41528,785.5578,333.16095,964.33356,621.1819,784.7025,393.44257,760.0791,618.9093,737.4179,493.21362,1190.0936,312.86646,1107.4235,293.89218,1327.3911,401.38412,1268.3336,359.08807,1516.3868,299.10825,1459.9441,256.75854
751.99713,469.50375,744.4095,456.81674,0.0,0.0,774.6665,409.7731,0.0,0.0,919.8252,419.51038,798.7161,338.8971,972.8145,631.0946,803.62445,406.69302,769.3894,623.47034,746.74695,496.67966,1200.392,317.44202,1128.7769,298.53787,1328.5383,413.27127,1287.2297,367.31076,1529.5094,313.28134,1490.049,263.0943
0.0,0.0,0.0,0.0,0.0,0.0,776.97076,413.2371,0.0,0.0,920.21545,424.63504,802.07526,340.4776,968.4524,631.73145,800.5278,402.87628,763.5557,615.01776,732.8779,490.85495,1199.182,320.7173,1128.8442,300.45532,1331.5247,418.58954,1290.5183,372.6331,1530.7133,316.51102,1492.3184,270.40952
751.1363,464.431,743.1484,452.54987,0.0,0.0,773.21436,408.81656,0.0,0.0,917.5578,421.1439,802.24023,340.96408,966.36914,630.4676,804.86115,406.60062,757.1633,611.6044,741.119,491.5818,1196.177,321.73178,1127.4902,303.00986,1326.3773,418.47592,1288.0653,373.05798,1532.2426,319.56558,1492.2407,270.63223
0.0,0.0,0.0,0.0,0.0,0.0,760.00726,404.82092,0.0,0.0,900.45447,415.9683,796.70435,351.8751,957.41547,626.07904,810.1678,431.93942,767.9579,611.2649,745.828,499.8662,1176.6921,332.64554,1113.8052,322.23096,1321.3461,416.05957,1281.7589,382.79105,1525.6714,313.16354,1476.1099,274.64325
723.98724,463.98303,712.0379,449.62262,0.0,0.0,739.33136,405.94803,0.0,0.0,886.6194,420.43344,791.2617,355.3687,942.6647,634.2441,816.5058,437.6412,754.0402,623.1708,751.01843,499.91602,1174.4552,335.30814,1117.6165,322.57492,1317.0425,422.1679,1288.5492,377.06662,1525.3916,338.47937,1484.5647,278.31934
729.01117,466.12344,715.63824,448.82785,0.0,0.0,737.62555,402.50555,0.0,0.0,878.24176,417.84595,773.63434,362.88028,914.94635,629.10583,784.08307,446.44107,728.7529,628.89,727.07404,505.56198,1164.0144,342.02234,1099.8604,335.43658,1312.6858,421.87152,1275.4553,382.78308,1518.6602,344.2283,1459.7572,282.76944
711.6528,461.29312,698.3225,446.67215,0.0,0.0,717.44476,408.96472,0.0,0.0,854.74786,421.8989,759.38135,379.79507,896.5428,617.70056,777.38416,466.747,707.08685,634.84424,697.1142,527.1727,1152.9795,336.7922,1095.0614,336.25763,1310.1157,419.7154,1280.9781,386.2835,1516.3506,348.73608,1474.9019,291.19522
0.0,0.0,0.0,0.0,0.0,0.0,701.06165,412.0062,0.0,0.0,834.12274,421.21664,739.4761,365.55774,894.5125,625.16974,770.16125,460.7882,720.80444,597.97186,700.3215,505.06705,1122.905,343.8955,1065.2571,336.94193,1282.5159,427.3362,1237.506,395.84875,1474.7705,346.8925,1420.6772,310.15366
0.0,0.0,0.0,0.0,0.0,0.0,680.5201,423.93274,0.0,0.0,820.1318,433.4643,719.729,380.71967,881.4809,628.5443,745.6683,462.40082,696.74744,603.57495,686.2876,504.30405,1099.333,350.9211,1036.9713,344.54016,1251.5376,435.7932,1198.2119,407.78036,1452.4474,345.43253,1377.7098,309.17935
645.49335,492.82297,630.13165,476.5654,0.0,0.0,654.90186,427.33255,0.0,0.0,790.7487,419.72446,702.91907,376.74866,851.3042,644.1162,724.65497,477.07858,661.48315,625.94867,681.0899,528.77655,1081.0707,318.7792,1021.95776,319.2648,1245.7032,427.6983,1210.37,400.01276,1460.9381,373.63132,1411.34,327.63586
623.6854,491.38504,606.5838,476.75464,0.0,0.0,622.74554,430.80545,0.0,0.0,753.9859,423.8369,664.7082,382.56876,817.4208,636.189,675.74756,468.18832,648.93805,655.5055,620.0023,529.8131,1039.52,340.77808,979.22156,344.04297,1214.2897,433.3352,1177.4478,406.5622,1448.5554,367.85065,1390.8436,316.21756
580.6255,492.73315,568.7163,481.22784,0.0,0.0,599.8837,442.5547,0.0,0.0,733.2322,438.60974,663.49475,378.05045,791.69904,646.5156,672.05975,451.46356,602.01697,631.6057,619.46436,530.03815,1018.1225,325.79837,969.2847,316.95035,1174.2322,429.46832,1127.0358,394.4853,1403.7025,373.884,1330.1865,331.9749
556.99255,490.4642,538.12115,470.8778,0.0,0.0,561.9041,421.55823,0.0,0.0,701.99695,425.5052,635.26984,394.20914,760.7053,653.09924,653.02295,495.8942,567.0459,640.6265,586.3069,529.22626,1000.03033,331.32248,956.2154,335.8297,1164.4736,434.56918,1145.8861,410.79593,1385.1122,382.83722,1336.0098,336.42694
517.7734,493.9413,501.20938,474.48462,0.0,0.0,531.0344,424.63214,0.0,0.0,671.7065,427.6013,595.1703,392.6805,725.5977,662.1682,617.2105,503.11093,553.3945,648.08374,563.6736,537.03516,977.1017,335.13947,925.51544,340.2203,1154.3508,441.5853,1135.1206,414.23135,1390.1737,389.41727,1344.3319,333.76978
534.9828,466.96783,516.3195,451.69238,0.0,0.0,529.8591,413.1211,0.0,0.0,655.09045,423.1778,576.68536,391.28543,696.45435,649.0148,570.59344,503.56732,522.5471,662.46466,488.3162,571.02344,950.06946,349.5866,899.5011,358.61273,1126.5786,447.12537,1109.1027,423.8713,1367.4976,388.97397,1331.8993,339.81473
463.7324,486.84192,451.46918,467.66656,0.0,0.0,489.30972,429.97388,0.0,0.0,627.7702,451.11868,552.9087,425.08,663.4763,657.505,573.5099,520.9182,488.60486,677.3787,462.52618,572.9749,937.75397,364.8212,887.33154,374.0151,1126.3224,448.87482,1108.8721,429.46915,1371.9911,384.39307,1327.0337,339.24777
470.4819,495.011,452.9425,478.18076,0.0,0.0,480.81555,427.68896,0.0,0.0,622.30615,428.36838,569.08093,390.6848,677.77716,648.31934,585.71173,492.30167,489.14026,634.72675,519.42175,551.68976,924.7136,340.85046,889.95776,342.1071,1087.2118,450.33746,1066.3145,422.85373,1317.7922,390.55795,1260.6143,346.1058
471.9972,497.90826,453.39734,481.5858,0.0,0.0,476.6176,433.81375,0.0,0.0,616.2641,439.02304,558.0553,391.89056,673.40607,662.0697,567.37103,481.8676,483.44357,642.3017,507.84348,542.7358,914.26904,343.22134,876.8848,341.109,1076.7986,450.59705,1060.3833,419.79428,1307.928,390.75,1253.2504,341.99515
470.89682,508.3267,455.29074,492.27295,0.0,0.0,481.3427,440.07825,0.0,0.0,617.1594,436.14267,560.3505,381.10568,679.12646,662.2964,568.98413,470.24927,467.13647,658.4753,472.21994,546.0114,915.2119,345.23398,877.9895,337.25858,1058.1432,466.16446,1033.5431,421.90283,1275.6067,429.38562,1226.4006,365.15607
476.10867,509.88367,459.36752,495.8631,0.0,0.0,482.0504,454.41727,0.0,0.0,617.8262,462.64178,551.16583,403.4668,669.94885,683.42944,555.28253,488.7679,478.64255,648.5357,490.07648,571.4627,916.442,351.2417,873.79047,344.457,1081.239,458.76956,1060.2004,419.38184,1320.9584,399.18658,1265.9253,344.88553
467.7322,519.67847,453.39706,507.25543,0.0,0.0,482.22208,462.29337,0.0,0.0,618.09064,454.38895,564.76666,392.84857,683.20496,678.3845,573.49536,483.45035,490.54755,668.89746,492.65625,569.3289,927.88776,340.5589,892.5628,330.9188,1065.7789,472.75647,1044.7859,425.78256,1293.2488,435.19464,1253.2845,369.13293
462.90353,521.4465,453.7014,505.69766,0.0,0.0,488.62262,466.13342,0.0,0.0,617.5817,483.70514,557.0636,440.33954,654.82935,685.6441,588.30115,530.84094,496.09946,716.13696,467.54837,590.1665,936.5917,385.0025,897.16736,385.90643,1106.8865,489.77948,1090.9779,458.41776,1361.0354,427.68365,1323.6776,375.63702
0.0,0.0,467.29938,507.56552,0.0,0.0,493.7329,472.69586,0.0,0.0,621.34766,488.4517,565.7686,452.7534,657.3238,683.4531,593.2476,544.1196,500.14154,714.4291,463.3549,603.7692,942.1815,401.40714,906.6687,406.0224,1114.5754,496.64008,1099.3502,467.907,1372.7915,432.05194,1335.4509,379.53342
473.4635,522.71454,461.4292,510.91534,0.0,0.0,488.86588,470.6178,0.0,0.0,616.4628,461.32025,559.89453,419.55856,680.4272,681.3541,586.5693,532.80695,514.19446,696.2536,482.98105,595.8922,949.56177,370.15723,908.1092,374.3467,1127.7593,486.69214,1106.524,455.13995,1384.8901,444.13745,1351.7192,389.43158
482.53894,520.52216,467.94473,504.9028,0.0,0.0,493.19672,464.67517,0.0,0.0,627.4708,483.912,570.7899,448.5586,674.28644,691.6629,606.4064,549.98975,521.1783,704.04987,503.04547,606.0865,958.40155,399.70047,923.8439,405.8019,1139.4789,505.81696,1129.4067,476.53857,1411.5835,447.7003,1372.6653,392.5265
483.85318,512.4265,470.59235,496.52173,0.0,0.0,497.4658,459.00375,0.0,0.0,623.2216,482.64783,569.6021,447.80374,647.0709,690.476,588.8529,550.3915,498.1115,698.9685,479.05676,599.1376,948.40137,403.32184,915.362,410.72067,1135.6191,503.4325,1127.1755,475.7666,1406.8905,445.63467,1368.7478,393.82462
503.75998,499.79636,487.0263,482.5872,0.0,0.0,499.45532,444.05203,0.0,0.0,613.04535,470.8701,561.09906,441.59988,633.07275,679.98285,573.226,543.1487,486.63052,709.1521,476.98352,595.88806,924.7878,403.84296,893.4344,414.76486,1107.862,511.69876,1105.7677,487.8884,1374.668,457.42676,1339.4471,405.20236
480.82993,514.1085,462.82648,499.81357,0.0,0.0,482.1829,454.43207,0.0,0.0,601.67957,464.72913,571.12524,405.32285,625.1453,689.7129,569.777,496.78128,453.01468,641.4654,498.93457,555.9643,930.68646,375.45615,911.24054,374.50995,1114.7754,492.52954,1113.5702,463.9281,1378.4425,430.60815,1325.2885,389.79285
480.9683,497.84848,459.49374,483.09735,0.0,0.0,461.77856,441.61398,0.0,0.0,584.45184,466.15277,531.1238,417.57642,615.10956,676.7133,528.20416,511.56357,468.7553,638.22284,484.25885,573.4826,920.2974,386.94418,892.6731,390.84155,1085.3937,502.36084,1085.0553,472.0436,1352.4791,445.24988,1306.9052,391.2465
443.61823,508.34357,428.53555,495.16022,0.0,0.0,452.23947,449.65964,0.0,0.0,572.3312,451.5118,532.2067,393.777,604.51587,669.5354,538.031,486.01474,444.5656,627.5654,485.49985,535.7243,917.2096,359.54636,890.41724,361.5728,1105.4323,485.2436,1096.9156,460.02432,1373.6635,427.4298,1328.1434,390.066
444.5365,499.58325,427.40158,481.71408,0.0,0.0,445.5389,432.00952,0.0,0.0,566.29596,448.44968,520.87787,406.28543,595.7642,660.58075,529.362,508.89343,456.91058,621.7804,473.72452,551.9213,910.51654,368.91916,886.57104,376.96805,1090.5619,502.149,1086.3184,477.90192,1374.789,438.44333,1326.7417,394.61722
449.7779,492.94138,436.27798,476.2857,0.0,0.0,459.7417,427.83054,0.0,0.0,574.903,442.92517,523.7881,396.58923,585.7934,661.78876,515.70447,505.12985,445.9294,615.4706,442.73688,564.3354,919.9219,364.33145,891.0253,371.70895,1098.9642,502.7123,1089.7599,480.80374,1380.2394,434.35687,1330.8102,400.04095
447.9072,488.03696,433.4091,473.60754,0.0,0.0,453.26505,429.11206,0.0,0.0,570.32635,445.05936,527.81055,392.20935,593.6259,661.0668,527.3182,496.9568,451.51862,609.1429,447.70944,558.7476,917.9511,365.61475,895.23395,369.40906,1099.0162,498.7587,1091.0786,469.76733,1387.4745,432.57816,1340.4327,392.14178
453.517,487.90634,441.59192,469.79672,0.0,0.0,460.1869,425.62622,0.0,0.0,563.5382,436.97437,521.11475,424.85037,575.72815,620.7358,531.1052,524.9196,440.75256,632.4469,417.6101,562.6355,885.6539,391.766,855.5155,412.3103,1100.1133,493.53873,1091.3196,482.09805,1387.2881,448.2573,1339.9644,410.31464
461.77472,499.62088,450.82867,482.49658,0.0,0.0,471.5507,436.92685,0.0,0.0,574.1957,452.9966,534.4982,423.52966,582.95917,643.68256,538.3833,518.573,460.26425,645.29755,430.59,567.19,897.2547,396.79266,872.1815,410.41077,1110.5963,503.75134,1107.1373,483.32925,1395.8816,446.4106,1357.7876,406.3398
504.67154,488.73468,486.8692,472.00107,0.0,0.0,491.87936,431.50208,0.0,0.0,591.36365,455.1675,558.9179,431.00262,589.51465,650.9855,545.5331,530.3149,469.40848,644.6769,449.76974,574.07904,911.19635,409.83685,892.8979,426.26425,1120.9128,504.55774,1126.0609,483.21103,1400.9902,449.8661,1362.1763,401.493
490.63022,492.9071,472.61868,474.42923,0.0,0.0,485.6175,430.6349,0.0,0.0,600.32086,458.98105,574.20306,430.94696,611.6523,669.0067,574.6242,537.9708,474.31366,668.91943,467.83322,586.1153,933.62036,403.54855,919.4132,415.56778,1127.5214,511.22693,1136.2563,484.1166,1411.0914,457.98248,1368.39,401.9371
500.5386,506.54196,483.47305,490.1315,0.0,0.0,497.69577,448.66336,0.0,0.0,609.7619,474.56784,590.7499,435.07974,621.24664,682.1211,597.52075,535.51227,485.56146,667.69464,478.0719,585.5418,937.7718,408.95425,927.9872,414.64008,1126.4176,519.0951,1135.0734,484.6963,1405.8978,466.2083,1363.1943,408.42627
523.79663,519.7801,503.8689,503.3032,0.0,0.0,510.5604,461.71848,0.0,0.0,618.10364,483.28766,593.9621,453.395,633.32007,685.2576,604.7892,553.737,501.16574,681.3148,498.88257,603.5256,939.0789,406.91446,928.20325,417.68997,1120.4806,530.4752,1134.6,503.04,1400.4058,476.22668,1365.6674,422.41663
519.6967,515.9293,498.4313,498.94702,0.0,0.0,505.51514,458.6002,0.0,0.0,622.9437,483.9726,593.3542,458.78854,651.68176,682.82764,607.1008,556.65424,504.5705,682.70996,505.3397,607.9816,943.84186,420.66916,929.11786,432.77145,1125.5823,530.2145,1136.1516,506.5634,1398.2671,477.69318,1358.6294,426.57883
