0,1,2,3,4,5,6,7,8,9,10,11,12,13,14,15,16,17,18,19,20,21,22,23,24,25,26,27,28,29,30,31,32,33
505.66296,193.01157,508.953,186.52141,501.58044,185.81668,0.0,0.0,480.82462,181.02754,460.79428,197.38211,457.2072,200.34474,456.17142,251.24075,460.81165,269.9846,501.84457,258.12128,513.01514,263.89,339.75934,205.51451,336.24127,199.0595,281.52136,215.31023,286.9541,221.8565,180.16019,207.59438,186.08844,220.7223
512.64325,196.41942,0.0,0.0,508.94235,189.4427,0.0,0.0,486.97287,182.9855,461.50787,195.69809,458.21692,202.49713,454.7577,250.92722,465.74832,276.6076,498.10315,258.777,509.13892,267.9582,336.5785,208.75432,333.63974,203.04181,276.18658,226.12926,281.48413,228.10158,199.9471,215.92537,204.02254,220.95189
522.7108,213.14644,0.0,0.0,523.16016,206.97159,0.0,0.0,508.15244,195.77983,468.801,190.90025,475.80368,210.92339,465.23636,231.15907,479.8636,284.18365,509.8316,257.36893,522.52576,270.8269,333.85858,202.28906,336.9963,202.24815,282.68173,225.9306,288.5259,240.50783,202.30345,212.43872,205.81512,235.11006
513.5819,217.1342,0.0,0.0,513.46826,211.98672,0.0,0.0,498.6332,200.96887,464.72565,193.65431,466.49222,212.1113,463.02838,235.60507,473.8982,283.97327,501.66968,257.80365,517.62885,271.07407,332.8805,196.88925,333.45703,196.01102,279.81525,216.80452,284.6711,228.35529,201.70595,210.68536,204.24817,227.95697
507.2561,217.01971,0.0,0.0,508.01044,209.84363,0.0,0.0,493.30865,197.85275,466.35556,206.21883,459.17697,209.95015,463.85645,251.21573,465.61218,279.0122,517.869,265.7261,511.69238,274.92392,334.70398,210.27026,330.1495,202.38092,281.56747,222.57016,282.54172,219.05858,198.73045,220.95831,204.86607,222.29959
522.9182,197.70055,0.0,0.0,519.25305,193.81749,0.0,0.0,500.69098,191.82376,472.85083,187.60779,475.26358,209.97827,470.54538,235.03714,461.84067,282.01138,504.73495,261.43393,489.11127,273.90228,348.4878,198.7284,350.51114,199.65685,286.57278,216.59834,297.08823,234.70209,185.8778,212.25764,186.09901,232.38423
516.3159,182.82758,0.0,0.0,512.92706,178.21616,0.0,0.0,496.13406,178.4378,464.13562,184.87292,469.21802,202.88399,465.8665,241.12033,468.17938,282.36646,496.96515,261.3007,496.1162,274.88345,332.21628,207.59875,335.31064,206.19754,280.43018,224.60045,289.874,236.49709,198.93362,218.22879,195.49828,232.1892
513.18225,207.90025,0.0,0.0,512.5461,202.25143,0.0,0.0,497.8285,192.61778,463.05002,192.68126,467.82684,206.18532,461.1712,239.79874,463.5812,277.37442,496.24463,262.48816,494.73007,273.2905,332.25793,204.85847,335.29282,201.74939,276.05878,221.2605,283.9811,231.86047,192.9456,209.6121,195.57755,226.1328
514.1249,208.58571,0.0,0.0,513.5845,202.88925,0.0,0.0,498.5229,194.32,462.44263,192.79285,468.3546,209.03827,458.7584,234.92848,464.72897,278.78534,497.8726,260.19684,501.73145,273.32748,330.12576,200.85147,333.11478,199.58131,279.01477,219.05234,285.21884,233.75153,196.10081,206.98898,196.96481,229.46664
514.2881,207.19148,0.0,0.0,513.999,201.36263,0.0,0.0,498.46875,193.73366,462.84875,194.95525,466.95184,209.70172,457.13773,234.68279,464.5592,278.05344,496.17914,258.12677,503.0547,272.04172,330.48373,199.5552,332.2284,197.5843,280.09814,220.68816,284.8282,233.49953,196.09306,205.8791,198.56947,226.90723
514.7943,209.38342,0.0,0.0,514.4877,203.82605,0.0,0.0,499.29858,195.68626,463.18976,192.91833,467.45636,210.73021,457.22537,231.92828,464.21945,279.54147,496.9733,259.12076,501.90414,271.48987,328.57068,197.08005,330.65778,196.26605,276.91946,218.66759,282.6048,232.92105,195.22424,205.9218,197.81273,227.4921
514.87976,210.08533,0.0,0.0,514.4208,204.64343,0.0,0.0,498.76065,195.7643,461.29004,191.39253,466.73404,210.25452,456.27332,233.3286,464.78656,281.0122,496.85895,259.54544,505.04517,271.03952,326.1001,196.908,328.91,196.84705,275.1152,218.41415,282.52808,234.67268,194.31938,205.41835,197.05461,229.35703
515.7164,209.8393,0.0,0.0,514.9401,204.43677,0.0,0.0,498.81638,195.8143,462.72348,191.65584,466.7321,210.36829,457.4787,233.83078,465.3807,281.216,497.3305,259.7214,504.95715,271.16083,327.07028,196.74345,329.07837,196.39374,274.73282,219.21231,281.77393,234.43317,193.65813,207.82758,196.23032,230.1795
516.2271,210.1424,0.0,0.0,515.7909,204.96587,0.0,0.0,500.7023,196.8529,464.40424,192.51198,468.41495,211.73283,458.06757,233.09764,464.88574,281.70905,497.67938,259.08316,505.08624,271.02094,329.14813,198.17365,331.30264,197.77425,275.03647,219.3485,281.9792,233.92691,192.38689,207.41156,194.6734,228.30078
516.665,210.12752,0.0,0.0,515.9155,205.08835,0.0,0.0,500.33295,197.07022,464.72537,191.75291,468.25003,211.90996,458.52982,232.9449,465.10687,282.38922,498.06247,259.07196,505.79608,270.7143,329.5441,197.38937,331.36676,197.53317,274.44623,218.64517,281.6355,234.5971,192.37566,207.3322,194.57347,229.88866
516.9488,210.11853,0.0,0.0,516.3341,205.06497,0.0,0.0,501.0765,197.556,465.42242,192.24857,469.1723,212.8683,460.15497,231.24051,463.9663,282.52863,499.3789,257.7911,504.30542,272.10046,330.78067,198.3219,332.57126,198.91916,278.26584,218.59848,284.75726,236.06323,195.09006,206.08606,196.59361,230.78763
517.0261,210.33658,0.0,0.0,516.36395,205.20198,0.0,0.0,501.04736,197.58249,465.4536,192.74011,469.1215,212.97865,459.88043,232.59998,464.38538,282.9501,499.09195,258.3929,504.46625,271.3493,330.95132,199.49734,332.7555,199.8573,278.7136,218.7085,285.59222,235.17427,195.75829,206.73389,197.80208,229.81001
510.4075,213.99942,0.0,0.0,510.9134,207.492,0.0,0.0,500.50488,200.19177,476.32263,199.49173,467.52466,209.80956,0.0,0.0,441.9497,265.6087,0.0,0.0,469.81073,283.0277,348.9981,194.31113,349.4115,192.07838,321.2739,209.67944,356.1172,220.30037,213.7706,212.89023,287.84772,233.63379
0.0,0.0,0.0,0.0,0.0,0.0,0.0,0.0,0.0,0.0,0.0,0.0,473.29382,212.98505,0.0,0.0,0.0,0.0,0.0,0.0,0.0,0.0,367.65558,195.04341,374.9543,195.50076,334.82178,207.16684,388.64163,219.23283,218.10216,222.07312,316.28546,240.41512
0.0,0.0,0.0,0.0,0.0,0.0,0.0,0.0,0.0,0.0,0.0,0.0,471.62576,215.11694,0.0,0.0,0.0,0.0,0.0,0.0,0.0,0.0,352.65857,195.73648,357.54932,196.10538,322.0075,208.07027,351.94275,220.76848,213.29018,219.28027,269.48828,238.65862
551.1527,230.89133,0.0,0.0,555.8184,220.9393,0.0,0.0,542.00745,192.1577,478.97937,191.11143,495.52472,199.91132,462.492,264.15637,488.68875,303.82504,523.92676,281.13248,530.847,286.7046,312.11053,211.8147,322.8259,203.85147,252.43433,239.12526,262.97363,241.83278,136.08617,228.91144,138.94565,240.6237
564.72125,226.18344,0.0,0.0,567.07996,216.55399,0.0,0.0,548.02185,191.29282,485.68323,188.20662,503.41122,201.69617,470.87598,259.52856,504.8577,305.1788,540.0702,281.24966,553.44977,289.36557,314.45886,211.19424,325.19794,204.91571,246.96454,236.65816,260.6011,241.49825,130.45972,228.01505,132.68826,238.84373
566.4343,220.67004,0.0,0.0,567.3529,210.68253,0.0,0.0,543.88184,187.39624,483.4469,187.7617,498.0434,202.10295,0.0,0.0,501.33102,304.52972,541.9408,279.47836,547.5847,284.29584,313.79074,210.28271,322.5605,205.04645,250.21388,238.02682,262.86548,246.08438,129.51039,226.5208,131.59322,241.89767
564.1853,221.38422,0.0,0.0,566.06415,211.41573,0.0,0.0,545.00476,186.82523,484.20914,189.82674,498.51273,200.16544,475.0179,261.02432,504.1959,302.90176,537.6239,279.00247,544.69763,284.5744,309.88977,214.96211,318.31512,206.98785,236.0898,250.00385,247.13925,254.26959,115.07495,234.09233,118.73276,247.31244
561.9412,222.45181,0.0,0.0,564.1545,212.25859,0.0,0.0,543.5831,185.94696,480.25952,186.45744,498.0224,199.69466,473.1967,257.4934,505.08908,305.7343,537.1759,278.84247,547.29175,286.92444,306.8794,212.19917,317.3921,205.84357,236.59698,247.94998,248.90823,256.0466,113.541046,229.67184,118.48169,247.99957
562.84546,221.98914,0.0,0.0,564.6148,212.00362,0.0,0.0,543.34143,187.12794,481.74954,188.10522,497.93604,200.52837,476.34048,257.59146,505.82605,303.31705,540.09595,277.67856,548.11096,283.8136,310.70792,210.8585,320.4472,204.29785,242.91968,244.01797,255.24521,250.63797,122.12402,231.01877,126.08243,246.64172
560.9965,223.59435,0.0,0.0,563.78467,212.99966,0.0,0.0,543.52014,185.90247,480.6319,188.74847,497.42126,199.07874,474.7923,259.12982,505.47104,303.32343,539.90454,278.11417,549.0122,284.0687,310.9602,213.5175,320.94888,206.20407,244.06805,245.82404,255.1972,251.81674,122.27161,232.93791,127.5108,249.60556
561.31323,224.10913,0.0,0.0,563.2854,214.11018,0.0,0.0,542.14386,187.53638,481.69168,186.8581,497.1291,200.10521,476.18268,256.90402,504.79153,304.89874,539.8521,279.35867,548.31555,287.85416,312.56387,210.80319,321.8216,204.5925,240.55101,247.3985,252.3899,255.25574,118.80856,231.05045,123.9545,248.46487
561.63367,224.33485,0.0,0.0,563.5148,214.582,0.0,0.0,542.6846,188.52444,484.97992,186.06903,497.2732,201.13904,480.84912,254.0014,502.92517,305.35944,543.9198,278.59558,550.04285,288.30084,315.03537,204.72696,322.58466,199.49924,244.46968,242.50412,255.8957,252.35165,122.60373,227.2653,127.44098,247.08847
563.17914,224.9687,0.0,0.0,564.6123,215.60498,0.0,0.0,542.8423,189.86751,483.89032,184.65878,497.16025,202.07385,480.0476,253.20297,503.95282,306.22003,542.73566,278.47754,548.98303,285.78192,314.50098,206.48273,322.53845,202.54839,244.35457,239.31375,257.45218,250.93091,126.115845,227.93703,130.56438,248.56506
564.7987,225.84335,0.0,0.0,566.0701,216.63252,0.0,0.0,544.7193,191.53957,485.2575,185.71423,499.66183,202.91144,480.92014,252.42621,505.0476,304.99677,544.4358,276.60623,547.7892,283.8244,314.87637,207.75876,323.50854,203.63844,245.51974,241.91254,259.62933,253.30585,125.914825,232.97964,130.04016,253.24902
563.52576,226.07191,0.0,0.0,565.7867,217.0407,0.0,0.0,546.321,190.96548,483.70474,184.18344,500.2626,202.33876,478.3827,251.27448,502.8615,306.16483,542.4075,276.03323,548.7163,284.57303,312.41373,208.68004,322.25,205.11548,244.24178,244.05835,258.69772,257.3271,121.36252,227.74953,125.54205,250.79486
563.7063,225.54625,0.0,0.0,565.84906,216.17796,0.0,0.0,545.8182,191.06744,483.7121,188.32697,500.04672,203.42966,479.33517,255.63559,504.43423,305.60278,545.37494,276.72095,550.1289,284.63272,313.88956,210.20566,323.747,205.21178,245.53932,242.50842,259.52484,252.58981,124.86243,230.87402,128.76637,250.32431
563.9863,225.65399,0.0,0.0,565.8433,216.3775,0.0,0.0,545.4874,191.82028,480.9196,188.48274,500.4562,204.38763,477.5644,255.69067,504.1582,306.01944,543.2425,277.14575,547.56714,283.6056,309.3492,212.39996,321.12125,207.60605,241.22807,245.27301,257.02838,256.1608,119.316284,230.40552,122.62564,249.86469
563.1348,226.08487,0.0,0.0,565.41205,216.74042,0.0,0.0,546.0026,191.79025,482.2353,188.70332,500.77917,204.3868,478.8704,254.896,503.62207,305.42368,543.9905,276.5664,548.03357,283.6175,311.77493,211.40497,323.0848,206.73854,246.04211,242.48163,261.13275,253.90036,124.23996,230.03976,127.84778,251.19537
562.8043,226.59492,0.0,0.0,564.8846,217.30246,0.0,0.0,544.82623,191.41,483.13635,186.48338,499.11652,203.26807,479.22925,253.86493,503.23834,306.10498,543.6373,276.93057,547.9085,284.2566,314.6272,208.82593,324.3249,204.9072,248.78883,241.87856,262.88794,254.05042,129.5217,228.54294,133.91205,250.62521
561.97687,226.99306,0.0,0.0,564.6029,217.37769,0.0,0.0,545.31226,190.55089,482.25916,186.88367,499.20224,202.05537,478.49988,254.76611,502.94604,305.39313,542.96716,276.74106,547.86096,284.84283,313.26624,209.92038,323.48282,205.41986,250.22278,241.8262,264.00952,253.61102,129.351,227.44463,134.18282,250.26132
551.60754,236.06123,0.0,0.0,556.11646,226.68188,0.0,0.0,545.7742,200.58832,497.95874,197.57986,505.96066,204.3725,489.85577,258.97577,504.88574,296.87665,540.7275,281.39517,550.27625,294.0375,322.2804,198.73975,326.80176,189.8816,248.05627,233.23135,257.97928,244.37732,126.55249,225.33466,132.40671,253.9187
566.64246,219.26532,0.0,0.0,566.96594,206.44864,0.0,0.0,541.35474,182.05447,492.4364,200.47943,497.23016,200.34024,482.3523,275.20447,504.15045,302.3933,546.1478,278.46725,549.08154,285.87268,325.20093,219.95815,327.19803,208.83415,256.9068,247.65909,263.1595,250.06985,129.03633,225.80405,136.39294,243.55406
561.49023,223.95897,0.0,0.0,562.6118,215.66803,0.0,0.0,542.5167,191.11415,485.9913,182.54257,498.3914,202.10901,482.45273,250.04572,503.65424,305.36316,545.83276,272.89038,548.9363,283.25308,318.0504,204.86116,325.63705,202.14569,246.27551,243.22691,260.83405,257.78552,129.32285,225.64886,133.92776,250.00592
556.85657,228.23071,0.0,0.0,559.5105,219.58272,0.0,0.0,543.12854,193.76877,485.38144,186.62086,500.0454,203.67839,481.70703,251.00494,504.7928,304.88443,546.4774,272.9379,551.0244,284.67883,318.16626,206.4739,327.2227,202.63203,250.64539,241.41414,264.142,254.71811,130.95958,226.5024,136.16908,251.32922
555.98285,228.04004,0.0,0.0,558.7701,219.52516,0.0,0.0,542.62427,193.88762,484.50464,186.61693,499.86313,204.02855,482.01147,250.80136,504.82486,305.25372,546.3647,272.39395,551.81006,286.29062,317.90955,206.97263,327.1891,203.65274,250.26201,239.99333,264.1126,255.73282,131.08984,221.27592,136.80785,250.04495
555.28235,228.6962,0.0,0.0,558.24585,219.30963,0.0,0.0,540.63464,191.82712,485.85648,189.59697,494.93506,199.81912,477.97665,259.2542,502.85974,302.69888,545.0215,276.30536,552.3932,286.76096,317.80606,206.70003,323.23566,199.29024,243.4705,243.94705,251.98506,249.72696,125.010895,226.30934,129.63156,243.3714
555.76337,229.06142,0.0,0.0,558.30493,220.55971,0.0,0.0,540.9968,194.53995,486.3401,188.03058,497.31094,202.8019,481.06296,254.06876,501.91083,303.47696,544.381,274.5037,550.4367,288.3049,324.85336,201.93826,331.54584,197.85683,257.0679,239.19917,269.0018,252.54352,141.05902,225.66902,146.65804,252.28207
558.1621,228.99832,0.0,0.0,560.85187,221.05664,0.0,0.0,544.53143,196.00949,488.1559,187.21234,500.70633,204.89679,483.62698,251.5744,501.61633,304.5382,545.4313,273.53433,549.4663,287.0109,322.63113,204.31154,330.0676,201.75027,252.482,243.59875,267.41895,262.623,134.95853,223.7382,141.50175,257.84332
556.007,228.30481,0.0,0.0,559.0259,220.28085,0.0,0.0,543.83466,194.82187,486.38287,186.8526,500.2593,203.88823,480.80212,251.36435,500.89194,304.51627,542.07935,272.78143,547.6272,287.2185,320.76904,205.34763,329.2987,201.84708,249.6578,246.306,264.1806,262.02475,129.24268,225.54675,135.39578,254.58685
554.99304,228.20477,0.0,0.0,558.4634,219.97772,0.0,0.0,544.1023,194.50235,488.1321,188.52933,500.14548,203.51498,480.79947,252.41724,500.4244,303.29694,541.88367,272.33032,548.69476,288.48605,322.82587,204.59741,330.21182,200.12025,250.98593,245.71591,264.0171,259.43372,132.6152,227.46072,139.01556,254.90936
555.85925,227.99269,0.0,0.0,559.32623,219.72281,0.0,0.0,544.6515,194.86739,488.45508,190.23982,500.8704,204.45016,482.75305,254.66174,501.1781,303.6399,543.6928,272.81256,549.76715,287.13867,324.04498,206.78902,331.63895,202.18251,253.23851,245.92206,266.48575,260.50446,133.52968,228.40683,140.17699,257.64627
556.3978,228.89786,0.0,0.0,560.11914,220.3876,0.0,0.0,545.2339,195.26851,488.2492,191.84273,501.0404,204.83777,482.64856,255.68173,501.55984,302.91168,544.1382,273.56213,550.4905,287.37607,324.0418,207.59401,331.85883,202.4728,253.58118,243.40823,266.42963,257.03223,135.10947,226.56268,141.70071,254.81046
557.01904,228.85733,0.0,0.0,560.6323,220.71143,0.0,0.0,546.28375,196.14911,488.32068,192.7706,502.29382,205.48322,482.19492,258.53223,500.4515,303.59763,541.72736,274.78946,546.9943,287.1903,324.75232,211.64818,333.13513,206.67053,253.7809,250.99893,268.45886,265.8396,135.19724,229.94109,142.22415,259.74118
559.7663,230.71516,0.0,0.0,562.9501,221.69417,0.0,0.0,545.64764,197.58438,489.77417,202.75473,499.78845,207.92218,482.22382,273.40067,498.23303,304.33328,542.4044,276.43307,545.3069,283.65024,329.1565,224.50099,334.27142,216.89241,257.32498,256.85898,269.80328,268.2272,140.52098,230.29262,147.9323,257.88187
563.26587,233.15753,0.0,0.0,567.1194,223.64288,0.0,0.0,550.5513,198.79189,493.8672,206.89983,503.2508,208.38089,485.08667,278.12543,499.40826,303.7577,545.9062,278.47992,548.0798,283.12778,329.81976,227.95584,334.42334,218.34514,256.5116,256.71085,268.72925,264.97275,136.31154,231.28284,143.35765,255.60547
560.79846,234.9343,0.0,0.0,564.76855,225.07036,0.0,0.0,547.7935,197.85126,490.8244,201.0236,500.54736,205.33783,481.75354,268.42776,500.48816,302.29242,544.23456,276.61716,549.81836,286.90814,322.38007,211.66663,327.65826,202.71887,249.10072,249.40686,259.95172,258.39276,126.95978,226.32414,133.84763,252.31262
558.67633,236.22055,0.0,0.0,562.44666,226.17863,0.0,0.0,544.83685,197.62881,488.94092,198.60172,497.93182,204.15588,479.39905,265.1739,501.24005,303.29926,545.52344,275.4667,551.0925,288.37372,321.82394,206.53772,326.95343,197.42172,248.17572,245.48782,256.72552,250.59348,126.09204,226.75624,132.36217,246.25671
563.2185,235.03214,0.0,0.0,566.9658,224.7423,0.0,0.0,547.9026,196.93631,487.99933,201.00482,499.2007,205.3032,480.1004,269.25146,501.9225,303.31863,543.83954,275.83188,548.9048,283.98807,316.1496,218.2321,321.8802,209.15201,243.32187,253.01334,253.77945,261.7315,120.51349,228.01189,127.66608,253.63037
561.1387,234.40771,0.0,0.0,564.6603,224.82552,0.0,0.0,547.1535,198.8385,490.24707,203.98466,500.60196,206.45128,481.81403,273.55188,500.76236,301.65985,542.4368,278.2272,547.0112,286.2346,325.69543,217.87378,331.39975,208.54134,254.6318,251.51852,266.07684,259.5312,135.5616,230.2411,142.15787,254.95685
559.1229,233.89197,0.0,0.0,563.41724,223.91063,0.0,0.0,546.92163,197.25017,489.7215,205.0991,500.05627,205.27454,480.5486,274.48584,501.44226,301.1147,542.02,278.40826,548.8652,286.656,323.87708,218.66476,329.51657,207.87961,250.28996,253.68692,259.84073,259.39963,128.9004,231.39119,135.87672,254.3804
560.3583,234.84576,0.0,0.0,564.2748,225.2883,0.0,0.0,547.8452,198.6597,490.13702,203.30557,501.17212,205.91933,480.87872,273.2108,501.5904,302.1885,541.7645,278.63528,548.0835,286.3593,323.4529,218.77974,329.60864,209.05525,250.83527,253.61078,261.9123,260.60287,130.34909,231.38948,136.83156,254.60574
559.29504,233.6465,0.0,0.0,563.58295,223.70787,0.0,0.0,547.3556,197.40181,489.14548,206.04662,501.39224,206.01666,480.8,276.6807,501.9201,301.86835,541.10004,279.75772,546.5737,286.21045,326.67078,221.31648,333.51117,210.96075,257.44998,253.51862,268.02155,260.31348,136.87837,230.03806,144.37631,254.57251
558.79016,232.80858,0.0,0.0,562.8601,223.29239,0.0,0.0,547.44183,198.30551,490.40494,206.09306,502.7272,207.50179,481.88782,275.49222,502.31146,302.01465,541.2386,279.0479,546.3707,287.427,331.2956,220.98784,338.29352,211.83345,266.12427,250.73035,277.53003,259.13083,149.43822,230.74849,157.03679,256.90973
558.0552,234.43475,0.0,0.0,562.5225,224.671,0.0,0.0,547.2683,198.37389,490.91196,204.27438,501.26108,206.07295,480.2539,271.0848,503.51334,301.22006,545.12317,277.32556,553.13477,285.01062,323.36557,214.95494,329.27106,203.96567,245.0745,249.95392,253.9271,253.1774,124.05713,231.49677,129.8388,249.3764
560.4832,233.57458,0.0,0.0,564.06555,224.28636,0.0,0.0,547.625,198.96817,490.21912,201.91411,502.19217,207.53876,482.2186,268.3634,502.4659,302.4862,544.2026,276.6328,548.70776,284.94458,324.11307,216.3855,330.84784,208.23938,253.32967,252.60443,265.36285,262.62842,132.91539,231.34744,139.79286,257.85275
563.8754,231.68605,0.0,0.0,567.0178,222.07584,0.0,0.0,550.46313,199.15282,496.53717,208.19229,507.82043,212.85944,486.42322,279.13028,502.8983,309.66684,543.3438,278.81488,546.9724,286.78253,339.96152,236.12758,345.6571,228.15668,268.83676,252.70099,280.1964,263.7952,144.02545,228.48366,151.40158,255.7511
561.63904,239.80357,0.0,0.0,565.38226,230.93797,0.0,0.0,551.4036,205.54651,498.29218,208.36766,508.63147,211.54306,486.99155,271.5395,506.26782,301.45554,549.4504,278.9054,551.8876,290.01407,331.18546,217.4477,337.18463,207.3721,246.94818,252.36328,259.2316,259.95468,126.22534,231.08026,133.11824,255.0021
559.8941,233.02063,0.0,0.0,563.34076,223.87032,0.0,0.0,548.0666,200.0502,494.91006,207.10425,505.0287,211.32445,483.62756,278.0656,502.8746,307.55884,541.7223,280.47995,546.395,287.80414,335.43143,230.45503,340.6716,222.00763,260.56665,256.1685,271.2254,266.2435,141.55675,232.72765,149.34497,259.63788
563.5091,237.3031,0.0,0.0,565.95184,229.06543,0.0,0.0,549.583,205.65607,499.61194,205.75946,506.26703,212.778,488.9801,268.72717,505.3992,302.72626,548.72754,279.44516,551.24866,288.25946,331.51,219.0325,334.7705,210.87325,245.9526,252.24973,258.17947,263.1809,125.97598,231.6649,133.14145,258.12216
564.323,235.48438,0.0,0.0,567.006,226.81769,0.0,0.0,550.5078,203.843,499.1492,208.63719,506.9532,212.32939,487.8698,274.53983,504.40863,302.5442,546.0597,282.49414,548.7454,289.54034,334.74127,224.86992,338.60666,215.60608,254.10652,253.52237,265.68417,262.24042,133.50647,233.33472,140.70662,257.75378
564.0424,235.2351,0.0,0.0,566.23413,226.53229,0.0,0.0,548.8883,203.27873,498.4657,206.34232,505.8015,212.18033,487.64,270.4262,507.28018,303.1007,547.7116,280.82562,550.5238,288.51547,332.91003,220.81232,336.7055,212.27275,251.3976,255.38687,262.45605,264.44202,131.42064,235.73578,138.71608,260.16376
607.38983,199.81131,0.0,0.0,613.6078,189.47267,0.0,0.0,601.4484,152.2445,532.80786,119.37616,547.26953,154.91264,524.4719,174.28214,556.2571,271.33923,0.0,0.0,606.58093,273.3062,315.83942,113.378525,325.76892,114.691895,257.47382,187.80496,266.10327,202.58797,144.62839,186.57996,147.96652,209.36572
612.63025,189.90382,0.0,0.0,617.5826,176.823,0.0,0.0,606.8656,151.22583,544.6475,149.86453,562.6687,163.54814,0.0,0.0,569.9488,266.1399,0.0,0.0,0.0,0.0,342.61484,141.45016,354.63095,134.33742,309.1861,140.629,319.78876,141.12675,186.54117,200.88763,192.15887,211.767
607.99225,184.56456,0.0,0.0,611.3605,164.7691,0.0,0.0,592.9248,140.68124,540.88043,166.43585,545.6301,151.16713,0.0,0.0,565.7829,228.73367,0.0,0.0,578.60767,256.5769,310.6568,154.75467,311.54977,134.02933,293.44308,155.85048,292.68134,141.2831,168.1496,204.61176,177.87022,213.68245
601.07043,188.43181,0.0,0.0,605.9248,170.16245,0.0,0.0,593.9409,147.33838,526.5997,164.97641,555.2994,162.5497,0.0,0.0,566.6398,239.58864,0.0,0.0,0.0,0.0,307.63065,167.67172,323.82535,152.56123,277.42865,145.05392,285.4919,140.18182,137.21272,202.47717,148.19325,219.13176
606.1738,189.90274,0.0,0.0,608.28485,171.39905,0.0,0.0,589.5799,145.68663,539.41425,163.31543,549.65106,163.78798,0.0,0.0,568.99207,251.15405,0.0,0.0,568.572,265.007,328.11472,179.41756,332.0024,162.97171,243.30466,217.9161,242.7113,207.75594,142.8366,195.47365,151.98337,199.87589
603.1509,192.66002,0.0,0.0,605.7918,175.2818,0.0,0.0,586.5385,147.45749,538.7042,162.93713,543.1628,161.38939,0.0,0.0,559.7936,249.87134,0.0,0.0,569.6079,256.34488,327.8268,176.52756,329.12784,159.02853,235.24641,208.04547,234.703,197.71945,121.80325,203.6404,132.39441,207.9177
602.1118,189.77257,0.0,0.0,603.4737,173.74731,0.0,0.0,584.8471,148.43423,543.3496,160.78578,544.73773,162.06711,0.0,0.0,556.6579,247.70724,0.0,0.0,567.27124,256.50418,333.06216,172.1683,332.84714,154.8505,231.71573,214.76166,231.43208,204.89403,109.89606,210.69708,118.21927,213.59288
603.8017,193.92987,0.0,0.0,605.31494,178.09888,0.0,0.0,586.11664,151.65422,545.02856,161.70467,542.49164,162.30438,0.0,0.0,554.8584,247.79636,0.0,0.0,569.9881,258.7054,332.4734,166.33186,329.65826,149.68369,235.895,215.80663,236.51804,206.64412,124.94171,207.54848,134.1357,211.64883
590.5907,184.92972,600.5422,175.87169,588.7868,174.44537,0.0,0.0,0.0,0.0,556.18945,164.14769,547.8703,168.39774,0.0,0.0,544.03375,221.20876,0.0,0.0,0.0,0.0,353.926,172.8692,345.59082,157.0008,220.24977,191.73419,228.74263,190.76059,90.048035,203.14726,97.13069,212.61176
594.0881,175.25755,609.7152,165.98781,592.396,161.59837,0.0,0.0,0.0,0.0,568.1816,168.24315,548.1468,162.16388,0.0,0.0,529.1853,214.10008,0.0,0.0,0.0,0.0,376.64807,197.44408,360.117,177.20523,213.7664,210.28036,214.91434,204.31119,90.943665,197.58948,99.71991,205.05109
616.0067,186.72804,0.0,0.0,614.3895,172.13116,0.0,0.0,591.6267,153.21054,552.09735,162.36606,556.73224,171.03621,0.0,0.0,558.0856,254.90381,0.0,0.0,581.17957,265.96512,354.6751,174.76978,356.20505,162.13869,234.65489,212.6664,241.0135,209.42921,120.23776,209.9714,124.364044,215.48232
603.49945,179.88545,620.5108,168.92053,598.79474,163.38719,0.0,0.0,0.0,0.0,562.2112,175.18282,546.70135,163.72116,0.0,0.0,537.8427,219.16158,0.0,0.0,0.0,0.0,374.0855,193.96275,360.1728,173.26547,224.47647,218.52795,228.94614,209.8318,112.89392,202.17612,118.280334,208.16907
610.8848,183.89865,0.0,0.0,610.29865,168.81145,0.0,0.0,590.2556,148.65532,545.72455,164.6264,558.24176,166.92279,0.0,0.0,562.796,247.90851,0.0,0.0,579.35,264.01407,348.80515,181.90395,355.29617,165.93756,227.18425,212.25253,235.2315,205.35965,114.17059,209.97786,119.32272,212.80237
611.0324,184.54323,0.0,0.0,610.3898,169.45668,0.0,0.0,591.2225,149.90964,546.8702,166.74918,559.8653,167.78027,0.0,0.0,563.8866,246.13663,0.0,0.0,578.05426,264.48523,347.1311,183.65802,353.8553,166.97433,226.18889,213.25331,234.85912,205.96295,112.25531,210.03249,117.46115,213.01535
603.18115,188.2515,619.41785,178.29861,600.1175,171.72537,0.0,0.0,0.0,0.0,562.6227,175.0144,551.49976,161.83398,0.0,0.0,544.6256,213.13565,0.0,0.0,0.0,0.0,369.78842,187.1025,358.60986,164.74883,227.39328,217.94646,231.98322,206.93846,106.28836,208.70595,112.475845,212.08195
586.4273,189.21736,599.2794,181.6545,587.3854,176.20575,0.0,0.0,0.0,0.0,552.8273,172.00102,541.4249,163.83583,0.0,0.0,523.2287,218.51233,0.0,0.0,0.0,0.0,360.08966,179.64284,349.42114,159.59651,219.60841,186.48445,223.43874,182.25023,83.97391,189.69603,93.29895,200.59995
588.2193,189.57726,600.953,182.30339,589.0496,176.2878,0.0,0.0,0.0,0.0,552.9337,174.11987,542.2182,163.60437,0.0,0.0,526.5514,217.8471,0.0,0.0,0.0,0.0,360.50818,185.65366,350.3419,164.7686,230.62943,205.36894,235.1768,198.32849,96.74747,210.61356,107.077515,218.24063
586.2033,187.25037,0.0,0.0,586.9335,174.77542,0.0,0.0,0.0,0.0,550.46344,172.0436,545.8196,164.33858,0.0,0.0,530.90326,218.41592,0.0,0.0,0.0,0.0,363.59683,183.42505,357.41653,163.59358,233.59781,196.16269,239.87793,190.90096,96.25774,203.25444,105.87732,211.66724
605.4008,191.86197,0.0,0.0,606.863,178.71379,0.0,0.0,589.83813,154.02814,543.77686,154.91179,551.3253,163.55861,0.0,0.0,558.17194,255.06512,0.0,0.0,584.4003,272.06247,346.05548,161.14137,350.04474,149.08778,259.30084,200.07079,265.78192,196.97034,134.59901,215.63646,140.785,222.23671
601.196,191.276,0.0,0.0,602.5979,178.38083,0.0,0.0,584.8257,153.00577,533.7927,150.97772,546.1706,162.91542,0.0,0.0,559.1727,255.94058,0.0,0.0,585.25397,271.1846,334.92355,160.05353,341.86612,149.51707,251.59325,212.09851,258.9286,210.7846,127.97339,217.54176,134.30856,224.79083
600.2709,192.08253,0.0,0.0,601.81586,179.48758,0.0,0.0,584.76715,154.61131,533.3808,151.37683,545.6291,164.12221,0.0,0.0,559.2236,256.3835,0.0,0.0,585.50903,270.14618,332.8751,158.32614,339.73413,148.2161,254.02515,209.18576,261.63953,208.2535,131.14265,218.16689,137.25679,225.73529
600.31616,192.28236,0.0,0.0,601.69653,179.72466,0.0,0.0,584.71436,155.4586,537.04425,153.15204,545.95984,164.58954,0.0,0.0,558.06177,255.3053,0.0,0.0,585.25555,267.9534,338.28574,156.89874,343.11392,146.39139,261.8416,200.24397,268.7641,198.91745,137.02109,215.40259,143.27127,223.02316
574.3657,230.10995,592.2783,220.54854,567.27734,212.84291,0.0,0.0,0.0,0.0,0.0,0.0,511.19214,182.79643,0.0,0.0,0.0,0.0,0.0,0.0,0.0,0.0,370.0356,192.88075,342.17496,164.39984,233.58673,213.56137,223.90408,195.36519,96.92227,212.21835,101.88394,208.39473
597.45483,224.80455,0.0,0.0,593.7871,204.3837,0.0,0.0,569.0256,180.52771,0.0,0.0,535.3987,171.8323,0.0,0.0,485.1692,176.82074,0.0,0.0,0.0,0.0,340.1487,180.36012,331.6701,153.92134,255.81114,198.34854,255.3064,181.6274,130.57478,211.85957,134.68127,214.30325
597.64514,196.35846,611.6087,187.83281,596.3081,180.54727,0.0,0.0,576.6299,158.61545,552.68726,174.72852,542.8646,160.37506,0.0,0.0,540.1543,216.41763,0.0,0.0,566.52466,246.31058,352.65213,179.54114,342.68918,157.34769,240.30188,216.52812,244.53296,204.27834,110.88579,214.41286,118.7103,216.82175
606.72034,191.18758,0.0,0.0,607.64954,175.91943,0.0,0.0,587.23145,149.52246,533.5812,149.94122,547.69055,156.98862,0.0,0.0,562.67975,252.42404,0.0,0.0,588.39514,273.87793,327.61423,139.89014,335.3367,128.25357,267.37897,187.10753,275.55554,184.72125,143.00897,217.53903,148.00092,228.58282
592.9248,187.68803,0.0,0.0,596.4737,176.10323,0.0,0.0,584.02264,152.99161,531.85846,149.7978,544.6437,162.68245,0.0,0.0,555.7471,250.37512,0.0,0.0,592.13904,274.07022,328.10602,144.23343,335.47757,134.82619,243.72688,186.1188,252.67186,189.81421,121.639984,205.62112,129.47366,221.07515
589.0919,188.26703,600.41864,180.85843,587.8186,176.13321,0.0,0.0,571.3286,160.15094,555.68787,173.99004,539.7782,166.39207,0.0,0.0,533.31775,220.50516,0.0,0.0,0.0,0.0,364.63403,183.39777,351.51883,163.68805,234.90607,197.93312,238.36282,192.381,102.690216,199.02928,111.173004,207.65077
582.76794,190.46463,593.8771,183.3657,583.9341,178.49458,0.0,0.0,0.0,0.0,548.4285,173.32834,542.4695,165.87474,0.0,0.0,536.5449,218.41566,0.0,0.0,0.0,0.0,352.65573,182.31992,345.82965,162.40822,228.63535,193.00337,233.92781,187.54538,95.05011,197.93794,104.538895,206.79947
580.93005,194.25053,593.7105,187.39241,581.95355,181.40424,0.0,0.0,0.0,0.0,550.8256,176.39734,536.79956,163.94489,0.0,0.0,530.9745,214.6961,0.0,0.0,0.0,0.0,355.05728,183.9686,343.1799,161.43127,220.78786,202.69196,222.03114,193.65266,89.82468,200.95056,99.21796,207.22198
594.93445,201.04427,610.0908,192.88939,591.98395,185.22876,0.0,0.0,568.71796,164.20927,555.7078,182.14992,534.2893,162.87674,0.0,0.0,531.0309,213.30377,0.0,0.0,565.8451,244.72818,362.12802,177.84607,344.9966,154.32425,242.84056,210.52972,245.32484,196.78044,117.39618,208.74396,125.11212,210.82213
582.3479,198.21861,595.5652,191.79251,583.2872,185.261,0.0,0.0,0.0,0.0,550.66974,179.44533,536.28534,164.52284,525.0022,221.91994,528.23206,212.50378,0.0,0.0,566.0366,241.74808,359.39478,184.15532,347.1247,161.51384,224.12103,199.8295,226.6915,191.69841,94.82602,195.7226,104.895966,204.33852
589.93884,181.4014,600.899,174.48566,589.31604,170.00037,0.0,0.0,573.582,155.1823,553.14246,168.8919,542.0839,163.17319,0.0,0.0,532.6683,218.89238,0.0,0.0,567.382,240.04752,368.44928,181.34152,358.14066,163.46065,237.75938,197.63037,244.06894,195.42528,109.208115,195.7158,118.894394,207.71028
581.09576,189.25557,592.294,181.52356,580.7243,177.5808,0.0,0.0,567.3645,160.0639,553.18524,170.12085,537.0156,164.52286,0.0,0.0,532.8646,219.35068,0.0,0.0,0.0,0.0,358.81052,180.38063,346.1329,160.93266,228.45038,199.87521,231.03185,195.13159,97.48752,202.05045,106.90616,211.37773
585.6882,191.0795,597.9912,183.48781,586.35,178.77632,0.0,0.0,572.27045,159.77902,550.27466,170.255,538.36597,164.16496,0.0,0.0,534.76843,218.40854,0.0,0.0,0.0,0.0,347.4994,179.67923,336.8911,159.97203,215.33275,197.64029,218.38194,192.92987,86.68457,194.01328,96.33032,203.85657
577.7665,197.55756,590.8406,190.63423,579.83844,185.37494,0.0,0.0,568.3722,164.74153,546.42444,173.7716,534.02435,165.30095,0.0,0.0,529.849,214.56564,0.0,0.0,0.0,0.0,342.78577,177.67557,331.89325,157.20955,212.92451,199.14917,215.57332,194.10988,84.26709,193.63406,95.19501,204.61539
553.1117,185.68335,567.1692,177.89912,550.0048,174.23119,0.0,0.0,0.0,0.0,540.9983,173.81831,508.44403,163.40437,515.1421,201.68048,494.00256,194.79536,545.4973,240.7449,0.0,0.0,349.15363,186.13661,325.40674,164.5949,199.51468,199.28394,201.52615,191.99803,71.68648,199.82822,80.899765,205.37344
554.033,185.5052,567.8011,178.32007,550.87146,174.2193,0.0,0.0,0.0,0.0,539.9881,175.64928,505.81134,163.6808,514.0929,204.27026,491.3142,194.72797,543.8728,241.73477,0.0,0.0,346.9867,187.18248,322.18213,165.20473,200.02199,197.75438,201.65236,189.94563,69.295944,199.00276,78.72656,204.42215
553.85834,190.3329,568.87885,183.43335,552.19696,178.69264,0.0,0.0,0.0,0.0,540.44934,176.07144,501.6667,162.5845,0.0,0.0,483.68427,193.78937,0.0,0.0,0.0,0.0,343.0648,188.48021,315.36115,166.1378,195.30887,199.06273,193.63028,191.39662,72.33406,190.06554,82.086,197.5139
597.15936,195.05325,611.3207,186.65051,596.6003,180.30154,0.0,0.0,576.47766,158.02197,549.80615,170.37779,536.35034,160.4779,0.0,0.0,540.4294,220.77267,0.0,0.0,571.625,248.7002,336.04752,171.58176,324.04105,150.1793,211.62112,216.00815,214.20119,204.6478,90.671295,204.6392,98.34677,208.5556
585.1963,190.99048,596.12085,184.1411,586.6391,179.8015,0.0,0.0,573.549,160.50725,546.44073,168.48125,537.52655,164.66437,0.0,0.0,533.57074,219.45064,0.0,0.0,569.62805,246.43195,343.78876,179.09781,335.12265,160.34479,210.47192,205.80095,215.01054,201.58394,82.530945,199.76118,92.22772,209.39313
579.85876,222.67036,597.8603,212.87958,578.8564,203.67549,0.0,0.0,557.6256,174.0554,542.22095,186.13306,526.1126,166.87097,0.0,0.0,532.6021,212.9802,0.0,0.0,0.0,0.0,339.28088,174.77316,325.9814,149.95142,221.94493,211.22632,219.83649,197.88155,94.562225,205.43733,103.44522,210.77327
604.4302,222.39456,0.0,0.0,600.93414,198.8435,0.0,0.0,575.9238,173.06058,0.0,0.0,542.5615,173.89398,0.0,0.0,0.0,0.0,0.0,0.0,0.0,0.0,0.0,0.0,321.99127,148.72758,0.0,0.0,270.37787,187.75168,179.7095,180.56874,185.07126,189.66739
597.2135,208.1845,0.0,0.0,602.26013,193.58087,0.0,0.0,585.83026,160.22928,537.17615,162.52661,533.42224,159.49585,0.0,0.0,541.3231,245.2294,0.0,0.0,574.51746,266.39648,320.29697,148.35739,316.65393,131.73557,245.53943,207.90454,244.1105,201.46509,124.047516,209.94601,132.79427,222.77873
525.7469,189.67677,0.0,0.0,527.17395,182.1148,0.0,0.0,512.2819,165.89322,472.76395,161.90176,472.23114,176.48732,0.0,0.0,461.93982,255.4011,0.0,0.0,494.6864,247.861,324.42673,161.72401,324.8169,156.60791,269.92633,184.8248,269.96625,186.37442,173.50688,195.56325,176.01425,201.49341
510.93448,187.8351,0.0,0.0,513.03796,181.45636,0.0,0.0,502.8229,166.73975,459.85565,160.10403,465.45462,176.39813,442.40662,204.63174,453.2768,254.04498,480.01242,230.11095,490.84644,244.64203,317.23325,165.97018,321.27725,162.40039,267.6892,180.20361,271.1987,184.005,175.01825,194.85794,176.6207,203.08607
508.12543,186.39024,0.0,0.0,510.2382,179.28381,0.0,0.0,497.87662,162.48209,459.2079,162.79454,459.68744,171.80817,444.21478,213.33125,455.66986,253.41794,486.1089,226.09744,488.25714,244.0274,313.69247,168.70818,314.542,161.11252,252.11697,188.62483,256.12677,186.87677,153.062,198.6193,159.33293,203.93774
505.99634,183.54395,0.0,0.0,507.08804,176.26776,0.0,0.0,493.53833,161.05403,456.7867,162.00664,458.23907,171.7486,444.20718,211.76172,456.84995,253.00394,487.96802,225.75322,487.97424,246.45432,309.82034,165.5481,311.0993,158.31708,244.6608,187.9139,249.71344,188.41617,146.68538,195.60873,153.56262,203.92426
505.8126,183.56357,0.0,0.0,506.73633,176.08536,0.0,0.0,492.63818,161.10356,457.2004,164.62422,457.66644,172.02252,444.3266,215.45602,456.4711,252.29547,488.32446,226.21878,488.43982,245.23148,312.20978,168.63336,312.76694,160.5361,246.88277,189.18448,251.3739,188.38382,148.31258,196.24335,155.5401,203.49033
505.94382,184.8949,0.0,0.0,506.9721,177.53194,0.0,0.0,492.9959,162.07132,457.93005,165.51149,457.84387,172.04646,444.4583,217.00882,454.26886,251.76297,487.32376,227.01344,486.15033,245.11777,315.03137,169.44348,315.4193,161.03427,248.79965,189.58789,253.45071,188.42047,149.59589,197.05751,156.79053,203.8726
507.87912,184.57457,0.0,0.0,508.1759,176.88428,0.0,0.0,492.82275,162.86514,455.7669,169.98015,459.89847,174.37674,444.04843,223.08466,460.3974,252.6564,486.81268,229.15985,487.02612,244.2633,314.49615,176.77301,317.18973,167.64664,249.18875,194.7179,255.14555,193.19804,150.1002,196.93881,156.97046,203.47592
507.74777,184.65495,0.0,0.0,508.4276,177.56512,0.0,0.0,493.6916,164.53613,455.7,169.82089,460.445,176.31229,444.50336,219.8001,461.2862,252.6611,487.49588,229.1305,488.71924,243.09204,313.10745,176.07101,316.1025,167.53764,241.9545,195.44614,248.06644,195.03859,145.85423,196.90674,152.82814,203.93948
507.0304,184.58456,0.0,0.0,507.4596,177.66292,0.0,0.0,491.91507,164.27335,455.87222,169.6699,458.38412,175.24738,444.0873,220.35847,459.0724,250.8894,486.69733,228.7229,488.07285,243.134,317.04272,177.52866,318.6697,168.9176,244.5161,196.48636,250.10341,196.08209,148.47078,197.0339,155.74933,204.42459
506.5641,185.0946,0.0,0.0,506.9577,178.21405,0.0,0.0,491.55566,164.57565,454.29468,167.53802,458.13605,175.4368,443.56757,217.75063,459.6308,252.00836,484.67285,229.19025,487.3045,243.68301,312.96884,175.37805,315.40518,167.78062,242.81679,194.768,249.26572,196.22092,147.95453,196.70447,155.31418,205.96179
509.7644,186.61372,0.0,0.0,510.6252,179.74028,0.0,0.0,496.8531,164.40768,458.64087,166.7275,462.6245,174.43866,451.01965,221.69102,466.0821,255.49573,493.65393,233.8415,494.70343,246.01642,314.0631,175.17386,316.9456,166.9969,243.18376,196.41257,249.32077,196.73798,145.18547,197.03151,151.25284,204.8743
521.03815,187.10329,0.0,0.0,522.6887,180.51622,0.0,0.0,509.57803,165.98549,464.51654,160.21098,468.8395,177.45905,449.25116,208.67082,464.79956,258.13965,489.963,229.91115,502.4981,237.3877,311.41382,172.24335,314.1121,168.3243,256.7501,203.66307,261.9671,206.4188,167.11992,205.48344,170.26317,211.23914
521.86304,184.80719,0.0,0.0,522.43665,177.56223,0.0,0.0,506.2794,165.21515,465.41287,171.19037,469.99136,177.73799,457.07098,221.47635,468.1691,254.00577,498.7383,231.1382,492.81024,240.3664,316.8867,177.63226,319.5081,168.77199,246.33559,197.11627,253.46736,196.5755,145.73961,199.76447,150.71628,205.84106
512.219,184.88348,0.0,0.0,512.2087,176.25253,0.0,0.0,496.93918,161.23672,463.06433,169.96332,463.36392,174.26581,447.62967,223.01309,466.1568,253.05862,492.88635,228.91118,506.724,237.89064,320.93506,176.82048,320.494,168.40327,264.26147,197.1486,266.13654,195.72957,168.4252,196.4627,174.74371,203.17911
508.33966,186.50404,0.0,0.0,509.39105,177.61928,0.0,0.0,493.78384,160.9925,460.62338,174.97546,459.41595,172.83943,452.2658,228.99365,466.02942,251.40445,498.59357,228.73325,501.25317,244.1511,319.60388,180.79628,318.71637,168.70975,249.21368,197.87122,251.28595,192.64867,147.213,196.93948,155.40694,202.35992
510.1147,186.15912,0.0,0.0,511.14066,178.35391,0.0,0.0,495.49902,162.9834,458.42508,172.57057,460.37463,174.53722,451.05206,226.60168,463.7381,252.81952,495.4013,229.13509,498.72675,241.9906,315.829,182.69455,316.86954,172.0163,238.83942,202.66878,243.91858,200.02272,139.16566,197.37715,145.74287,202.97368
512.0229,186.44011,0.0,0.0,512.8607,178.48122,0.0,0.0,496.14517,162.96188,459.4002,172.08752,460.0481,174.4974,450.03134,225.26688,465.68326,252.8519,496.1143,228.5097,500.97833,242.19675,318.05573,179.82141,318.05252,169.895,245.69968,198.45146,249.87668,196.23972,148.8903,195.12778,156.07516,201.94403
514.30066,186.83456,0.0,0.0,515.26306,178.66675,0.0,0.0,497.98413,162.85143,458.3216,173.27661,461.57785,174.44614,448.86478,226.8605,467.517,252.93494,499.52374,227.63426,505.66632,241.818,318.3803,181.54216,319.85666,171.35005,248.84167,197.85396,254.23447,195.06985,149.0725,195.72073,155.99634,201.99551
512.63947,188.97276,0.0,0.0,512.9309,180.84601,0.0,0.0,495.0553,164.47232,458.63904,172.04025,459.36594,174.59421,450.08102,225.32062,464.73547,252.76398,495.6698,229.31644,499.33618,243.03947,316.80396,176.80911,317.01965,167.14424,248.93106,196.67271,253.9592,195.23795,149.36827,195.49158,156.629,203.57478
514.3536,187.20001,0.0,0.0,514.50806,179.22565,0.0,0.0,495.184,163.83333,457.03668,173.48793,458.64816,174.7915,446.97836,228.18436,464.49988,252.55911,494.84125,228.1312,502.34155,241.86375,317.8136,181.84236,318.14044,171.9107,246.7362,202.32327,252.28934,200.60123,147.67143,196.14822,154.7511,203.7367
510.75983,183.64511,0.0,0.0,510.86087,175.994,0.0,0.0,493.81805,162.64001,459.35022,173.56079,459.33987,175.18015,449.23566,226.695,466.29245,251.71689,497.5982,228.21947,504.10242,240.67023,318.9833,179.88521,318.65244,169.61365,246.15163,198.68816,250.7877,195.16252,149.58307,197.59023,156.50952,202.10144
513.1751,185.46019,0.0,0.0,512.2772,177.79312,0.0,0.0,492.90796,163.79462,461.1239,173.59428,458.83072,174.39772,449.70148,229.41408,465.92395,251.307,496.19482,229.73616,502.54352,241.97623,323.1421,177.16655,321.49146,166.71715,247.44463,194.94771,252.5703,191.32031,151.44812,195.75348,158.23169,199.9945
512.9103,184.63527,0.0,0.0,512.3115,176.85207,0.0,0.0,493.0412,162.94374,460.46103,173.8556,458.13843,174.14891,448.75214,229.71002,464.5671,251.22333,496.1665,228.45238,504.29883,241.70316,321.89487,179.75186,320.16852,169.05049,246.45926,196.41928,251.40404,192.60425,148.06538,196.53719,154.49387,200.7133
510.06866,184.0605,0.0,0.0,509.39984,175.2146,0.0,0.0,492.11972,159.7638,455.426,168.3368,458.7412,173.7108,442.97525,224.14647,463.97137,254.63101,493.04922,228.85492,507.09375,236.40771,311.8969,183.7802,312.82184,175.7987,251.58597,209.4414,254.9931,209.53949,156.40536,197.90749,162.121,205.36081
510.80026,184.25688,0.0,0.0,510.5736,175.7626,0.0,0.0,491.4994,161.11136,457.05023,174.74992,457.28778,174.1196,449.77557,230.33392,467.70032,251.90552,497.25272,228.63608,504.225,241.93738,316.37335,183.87936,315.83517,172.82352,243.51646,199.33833,247.42209,196.44643,144.51987,191.8278,152.07388,199.02036
513.71936,186.53824,0.0,0.0,513.3091,178.17596,0.0,0.0,493.50226,162.43526,457.7725,172.50122,458.68317,174.51016,449.53558,227.67331,468.5688,253.12045,495.51337,229.56422,503.591,242.87852,317.94418,181.95976,317.77826,172.2613,245.79413,198.72125,250.46814,197.73622,148.03651,192.65155,155.29202,201.43619
513.6842,187.64717,0.0,0.0,513.3662,179.55276,0.0,0.0,493.9887,163.9339,457.1438,172.25119,459.24362,175.17851,448.61603,226.83195,468.33215,253.419,494.59387,229.59912,503.5595,242.76471,317.3738,180.02702,318.0139,170.82268,247.81442,197.07991,253.33412,196.65817,150.00768,192.77605,156.89821,201.70908
514.49756,187.2914,0.0,0.0,513.9923,179.38344,0.0,0.0,494.46976,164.57481,458.07306,173.83437,459.65814,175.78693,448.38617,229.64731,466.95612,253.59442,494.2928,230.43588,502.74927,242.86177,319.06686,181.79706,319.4788,172.1157,248.51907,198.44997,254.521,196.95135,150.06319,195.00641,156.62785,202.22325
514.6917,187.1536,0.0,0.0,514.1236,179.42526,0.0,0.0,494.31534,165.1285,457.41055,174.58664,458.8037,175.71246,448.49893,231.07425,465.18677,252.70807,494.55032,230.12146,501.97232,241.42882,316.10263,181.66629,316.4484,171.52797,244.84093,200.60448,251.62555,198.80107,146.28728,197.04375,152.40352,203.76471
512.9727,186.60197,0.0,0.0,512.7202,178.67142,0.0,0.0,493.39343,163.8552,456.6322,174.2301,458.04782,174.8107,447.78345,231.31964,464.83087,253.1286,494.49005,229.85995,502.87805,242.64897,317.1076,181.82774,317.50928,171.5752,247.53627,200.61922,253.50392,198.65665,147.59824,196.75214,153.94937,203.91779
512.1284,186.9382,0.0,0.0,511.7443,179.12018,0.0,0.0,492.82236,164.12451,455.3896,171.129,457.90845,174.92029,447.9456,227.34354,465.99274,254.51004,494.602,229.75513,503.20398,242.46695,311.90137,177.83621,313.0657,168.81815,245.2247,196.52191,251.86505,196.58578,145.29518,194.46767,151.42937,203.41428
511.82343,185.93811,0.0,0.0,511.2939,178.15762,0.0,0.0,491.8911,163.23306,455.44806,170.98254,456.84747,174.56467,447.83832,227.85765,465.62646,254.47748,494.99576,229.27614,503.97845,242.26558,312.81607,179.89487,313.21216,170.7849,242.27893,200.42288,248.5575,200.57854,143.03056,195.45575,149.54004,204.60489
516.70935,186.94067,0.0,0.0,515.1686,179.0593,0.0,0.0,493.43536,165.44772,457.87234,172.98898,458.2183,176.80261,448.81042,228.90501,464.36966,254.81723,495.4637,229.99481,502.7973,243.08197,314.62167,179.30127,314.16168,170.60059,247.88568,195.4039,255.56128,196.08186,147.40146,193.48424,153.73116,202.53815
519.1887,168.44283,0.0,0.0,515.6657,162.56161,0.0,0.0,493.7508,154.4013,458.7088,155.558,460.7299,171.0922,0.0,0.0,465.6788,255.55072,493.0462,231.98274,496.76648,242.47993,311.1428,172.94244,312.62378,168.89616,243.61502,192.92992,255.36386,199.45767,148.73773,196.44266,152.3228,206.44849
518.80286,177.89595,0.0,0.0,515.7725,171.5366,0.0,0.0,494.27023,160.85608,461.51712,162.73126,461.17743,173.84439,451.62292,219.75162,464.6159,253.4284,494.90244,231.53136,497.02826,242.47931,318.94446,175.28433,318.80154,169.22345,246.75125,195.9606,256.61807,198.27211,151.51703,198.28734,155.77182,204.09705
511.4304,186.11295,0.0,0.0,510.90594,178.78983,0.0,0.0,492.09686,163.6726,453.27948,166.74048,457.61566,174.45688,445.64725,220.57991,464.36017,254.02594,490.23352,228.44757,502.19348,244.84564,311.41785,177.77899,313.83496,170.48282,245.26059,197.608,253.6101,199.98016,144.28172,196.30663,150.12088,206.15988
512.1006,186.91873,0.0,0.0,511.96045,179.16779,0.0,0.0,493.28802,163.19922,453.90588,168.78566,458.09128,173.87668,445.65045,222.96297,463.95746,253.03491,491.65475,228.34274,501.53818,244.11475,313.238,180.597,315.44144,172.2182,247.68323,198.97542,255.25037,199.44852,145.6286,197.36394,151.78078,205.85376
510.06528,187.55229,0.0,0.0,510.01416,179.79562,0.0,0.0,492.0354,163.32881,452.64502,168.25006,457.5375,173.60652,444.34766,221.64046,463.51675,252.35132,490.47327,227.89746,500.40216,244.36124,312.67496,180.68607,315.3902,172.475,248.55286,198.39218,256.2541,198.86401,147.44435,196.54391,153.9581,204.95705
512.6964,187.0437,0.0,0.0,512.5858,179.64232,0.0,0.0,494.1415,163.94485,455.5917,167.70963,458.09277,174.69073,446.22913,219.2742,464.26666,252.77133,492.55933,227.86006,501.49216,244.4338,314.15106,178.60858,315.27136,171.03534,245.87021,198.3735,253.12598,199.14742,149.84152,197.48254,156.4859,205.48813
512.5742,186.66975,0.0,0.0,512.4896,178.93547,0.0,0.0,493.91745,162.61176,454.4909,167.53122,458.67206,173.41292,446.1763,221.60197,464.4249,253.28079,492.1726,229.17342,500.99268,245.37915,313.89032,179.1666,316.14835,171.18805,247.47299,198.04697,254.98424,199.19438,146.98518,196.21962,153.56073,205.5702
514.20215,186.85364,0.0,0.0,514.02704,179.04535,0.0,0.0,494.25842,162.74991,454.46216,167.88391,457.63327,173.54987,446.22858,222.12888,465.3814,253.48099,492.95398,228.09633,502.1809,244.35284,312.6374,178.26048,313.98132,170.48936,246.8703,198.39279,253.91074,200.26982,148.8416,195.06448,155.48592,206.06891
511.59174,185.60175,0.0,0.0,511.10294,176.80957,0.0,0.0,490.4582,160.35959,452.4721,170.81854,454.99017,172.50403,445.1047,228.16043,465.78235,254.39182,493.61163,229.61389,503.5235,246.31628,310.6565,181.662,311.67648,171.91148,247.43442,195.68929,253.21461,193.75237,145.09805,196.7309,152.37271,203.93489
512.2194,185.02977,0.0,0.0,511.17245,176.77917,0.0,0.0,490.34726,160.85481,456.1847,168.71829,455.8551,172.39084,446.69983,225.52707,464.1727,254.021,492.78192,228.9703,502.5077,247.15674,318.18658,177.26085,317.6219,168.5446,251.41214,191.93443,257.15106,191.85538,149.63629,193.55171,156.66705,202.43695
551.99194,205.88498,0.0,0.0,555.6591,198.64069,0.0,0.0,541.0646,181.39975,504.79956,193.36995,500.34592,192.25087,497.17062,246.3021,501.8446,265.3385,548.87964,263.26584,554.91425,271.10596,363.56006,199.6437,359.55637,189.12794,269.42358,215.79918,272.5995,220.51712,159.47537,199.43028,168.52486,217.76033
554.88153,202.01048,0.0,0.0,558.5861,193.55896,0.0,0.0,542.7015,176.16747,505.52908,195.21738,502.29993,190.03189,498.38452,253.57898,503.01825,266.887,549.784,264.50574,553.8816,269.27448,369.2339,205.29578,365.77292,193.76141,283.44952,217.15634,285.97498,221.70407,165.87231,199.65147,176.24582,220.60275
554.41907,203.72983,0.0,0.0,558.266,195.66768,0.0,0.0,542.90186,177.9742,505.59723,195.12244,502.2719,190.65485,498.05096,252.73889,502.3851,266.4575,548.95044,263.96655,554.4184,269.6141,369.11655,204.65274,365.65656,193.42052,281.0119,216.10574,284.01407,221.24261,165.57996,198.42017,175.6197,219.75781
553.2809,206.22427,0.0,0.0,557.27954,197.93585,0.0,0.0,541.6717,178.85732,503.94693,194.44777,500.358,190.26288,495.2945,251.8421,500.0788,266.44336,547.2877,263.8369,552.8444,270.66745,368.30658,202.23022,364.8474,191.1766,280.35052,214.57945,282.82834,219.06561,167.68057,198.63377,177.01993,218.61757
556.802,209.67542,0.0,0.0,559.6612,199.47356,0.0,0.0,541.7224,176.96509,495.32806,193.4273,497.77167,185.49707,487.25754,253.75388,508.0324,269.8468,548.7285,255.70056,548.1055,268.44385,340.8406,200.60614,342.11087,185.33315,269.4037,227.07892,272.17126,213.612,175.57076,224.9117,181.09554,219.50568
557.6263,208.81525,0.0,0.0,560.45386,198.42484,0.0,0.0,541.83453,175.39468,493.1157,191.52081,497.71024,184.97336,486.5205,255.1972,508.96448,273.00568,548.5139,257.24298,548.2577,268.16312,338.22256,201.35124,340.957,186.5981,268.29333,225.86133,271.70038,213.06654,173.72775,222.81844,178.79593,217.42271
557.69904,208.94395,0.0,0.0,560.6753,198.44745,0.0,0.0,542.32416,175.6484,494.7821,193.79837,498.29028,184.50906,488.17172,256.46448,508.58932,270.1486,549.66046,256.7249,548.48987,267.80206,341.32028,200.53723,343.33908,184.73375,271.48297,226.28485,274.31375,212.28305,175.73512,222.22478,180.77016,216.40886
556.9524,210.32924,0.0,0.0,559.4,200.13707,0.0,0.0,540.46136,176.94244,494.06134,192.34062,497.06363,184.63016,487.8811,255.02026,507.8895,270.31677,548.6464,257.57623,547.7781,269.56946,342.05545,199.75029,343.8092,184.72159,271.6347,226.54843,275.0431,213.65718,176.26599,221.81349,181.1628,216.60913
556.9661,210.78517,0.0,0.0,559.5576,200.69337,0.0,0.0,541.97516,177.7165,494.03897,191.6849,499.018,185.61508,488.26883,253.44318,509.255,271.78323,547.0217,256.16086,546.3364,269.37482,339.47968,200.40512,342.4762,186.03418,272.92694,227.76338,277.5735,215.9382,178.04991,224.38388,183.13385,220.1823
556.4137,210.23674,0.0,0.0,558.52405,200.68701,0.0,0.0,541.5862,179.41464,494.71866,192.33484,500.75034,186.89066,487.82843,252.3811,510.46362,270.32135,546.372,257.0251,547.4222,269.3589,340.43094,199.7132,344.18924,185.49438,272.47293,229.14421,278.7208,217.40375,177.28581,225.45581,182.0189,220.0531
556.7532,210.54301,0.0,0.0,559.12976,200.76132,0.0,0.0,541.6422,178.69559,495.36188,192.71228,499.4513,186.79733,488.19183,255.03424,508.55136,272.30237,547.311,257.19302,547.2272,269.16544,342.32864,200.84494,344.77945,186.59567,272.2965,228.23027,277.43466,216.91476,178.16078,225.01332,183.26566,221.1424
555.4094,210.92395,0.0,0.0,557.77075,201.44122,0.0,0.0,540.9126,180.36584,494.9947,193.99818,499.76443,188.3724,487.84146,255.19614,508.81805,272.6779,546.381,256.4874,547.2942,269.13113,342.55154,200.22473,345.4975,186.08148,271.94934,226.99869,277.46857,216.15489,177.70207,224.90012,182.7895,221.64717
554.75,210.72397,0.0,0.0,557.48944,200.93753,0.0,0.0,540.54126,179.46278,493.86218,195.01755,498.83124,187.7799,486.9225,256.35684,508.57043,272.2402,546.8335,257.2296,548.6908,269.5941,341.55814,200.63953,344.58005,185.75261,271.40097,228.7042,275.99185,216.74965,175.36441,225.9823,180.49701,222.1283
554.97253,211.74417,0.0,0.0,556.9661,201.71703,0.0,0.0,539.27856,179.40793,494.37625,193.60135,498.88284,187.36856,488.5262,256.45404,508.57678,273.06726,547.8278,258.05536,547.1653,269.79453,343.61346,200.3469,346.35516,186.25826,277.63406,227.1504,282.92743,216.60403,180.74767,223.28905,186.15541,220.89853
552.91895,212.7375,0.0,0.0,555.53455,202.96066,0.0,0.0,539.4229,181.09076,493.80182,195.50482,499.80624,188.5091,488.11676,257.3509,508.86902,272.8244,546.3991,258.44794,548.75964,270.5919,344.8702,200.73009,348.54498,186.4085,279.90833,225.58797,285.48596,215.24101,182.16711,221.36365,187.72227,219.68076
549.14545,213.91566,0.0,0.0,553.8364,203.45688,0.0,0.0,539.757,181.2771,492.33185,202.4773,497.9953,189.56007,485.48947,260.8453,506.23654,270.6334,543.0305,258.3073,549.0383,272.44562,343.79254,204.2948,346.9456,187.32771,279.50293,229.5597,281.24023,215.62761,181.07268,221.44176,187.49724,218.72614
534.2766,249.74686,0.0,0.0,538.9632,243.60779,0.0,0.0,537.0717,219.95996,502.67902,206.17072,507.62335,206.18474,496.73776,225.67201,502.0679,242.71115,540.30615,260.29205,529.09247,251.36066,354.58615,191.078,358.61087,179.6983,288.75952,228.49335,294.27942,224.5172,208.55424,229.95102,210.96648,231.21469
545.0714,223.5006,0.0,0.0,546.09827,216.0773,0.0,0.0,0.0,0.0,522.33594,206.661,510.4042,203.08603,502.1743,247.17627,491.74344,251.60812,0.0,0.0,0.0,0.0,378.09464,205.5967,370.61423,191.87683,291.10754,214.18909,293.7205,214.37901,173.06903,210.75003,178.46976,222.79034
556.661,210.67598,0.0,0.0,557.5818,200.87515,0.0,0.0,542.66113,182.3814,504.4174,191.48389,506.69922,188.97849,0.0,0.0,503.8847,268.4117,0.0,0.0,523.8419,274.60193,347.06076,196.19789,348.89984,182.78235,282.30698,223.3801,288.09546,214.66325,185.76486,227.37271,188.75949,225.13286
554.0087,208.65016,0.0,0.0,555.8722,199.40045,0.0,0.0,540.52844,180.23523,497.55185,192.08516,502.60104,189.6124,493.36383,256.5115,512.0239,275.9498,549.7811,262.18274,551.1154,271.3277,345.14053,199.74052,348.36993,187.382,279.02124,225.08777,285.93967,218.3259,186.41269,220.9186,191.35484,221.92596
555.5421,208.66956,0.0,0.0,557.36145,199.72128,0.0,0.0,540.9415,181.26616,496.10834,192.56625,502.41565,190.25414,491.44153,253.54663,511.05234,273.94022,548.30457,254.96893,547.724,266.15076,343.54816,200.66144,347.4487,188.3296,276.69437,224.7286,284.02927,218.2782,184.10515,220.82423,189.40352,222.16223
559.18146,209.95677,0.0,0.0,561.1149,200.97775,0.0,0.0,544.6934,180.69398,498.11304,189.67354,505.36722,189.50795,492.7752,250.07614,516.1661,274.83563,551.1366,257.87766,554.2291,269.03757,344.87933,200.496,349.20602,188.92969,274.3115,225.68306,282.1518,219.65315,181.40697,224.53957,186.80627,225.49406
554.7128,213.52293,0.0,0.0,558.21643,204.0651,0.0,0.0,544.10736,183.25682,500.18814,197.29242,502.43875,189.69896,490.54153,254.11337,506.20483,270.6054,552.222,254.8023,548.04755,271.2983,346.47116,199.85678,348.01242,184.52597,274.60516,220.72694,278.5692,207.26642,178.23396,222.3916,183.18703,216.38257
550.7904,197.77354,556.3209,196.11938,553.50464,189.87439,0.0,0.0,539.2788,176.72015,512.1749,198.85445,502.89587,191.47232,504.47757,255.30743,505.00098,264.35876,555.95087,263.22894,559.1105,275.55347,373.65182,203.1531,367.21945,189.7347,282.43143,212.91937,283.1007,213.41275,160.98196,203.05737,171.3493,219.57027
547.2808,212.123,0.0,0.0,551.77545,202.35251,0.0,0.0,539.1582,182.0269,498.37244,203.63586,498.58212,189.03284,488.83713,261.25378,506.60583,267.0944,548.453,261.329,553.32935,275.42166,347.79968,201.02933,348.2139,182.43877,273.0647,222.9954,272.44595,205.37141,173.8165,223.99881,179.53117,216.77737
546.4399,216.6318,0.0,0.0,551.64264,207.07678,0.0,0.0,541.5298,186.1196,500.5238,206.91345,502.11935,190.93695,487.8479,263.4146,506.29706,265.42593,543.08887,263.8851,550.93005,274.75763,353.0353,203.0729,354.397,184.02783,280.36478,222.32965,280.31778,204.14154,181.85315,223.48038,187.38625,215.81288
560.5333,205.87823,0.0,0.0,560.41327,199.29362,0.0,0.0,542.6325,186.61105,516.2194,197.47174,507.66534,197.80022,511.038,251.90948,508.43784,267.7822,558.5128,263.00983,549.8767,269.76788,379.75885,204.4142,373.54956,194.72615,289.99338,213.31746,296.20697,217.94957,176.20834,203.106,186.10683,219.64502
559.4556,204.56213,0.0,0.0,560.3031,196.98462,0.0,0.0,541.71124,182.15788,511.59735,197.1479,504.1961,194.2962,506.3012,253.97684,506.74457,266.86804,557.3546,265.4807,551.40546,271.32706,374.7584,204.52829,369.29297,193.661,287.73294,213.95157,292.25058,216.97575,173.79524,205.23398,184.04384,221.81198
559.94794,204.32486,0.0,0.0,560.7041,196.56287,0.0,0.0,541.4353,180.44513,510.8679,193.59315,503.81842,193.13728,506.5988,251.92276,506.22266,269.45297,559.4437,265.65378,551.19714,271.90137,373.84604,202.50705,368.63885,192.55402,283.08585,214.06064,286.7955,219.38823,165.74135,201.73427,174.83282,220.81967
560.06995,201.44325,0.0,0.0,560.5526,194.42734,0.0,0.0,542.37445,181.0181,513.6453,193.60857,506.25134,194.08786,508.52023,250.00562,506.08792,267.87048,562.56274,263.75797,552.69855,273.87445,378.0067,201.49017,372.71783,192.10887,284.79108,212.46024,290.2494,218.53444,170.49619,202.89816,179.50655,221.63298
559.8168,202.45692,0.0,0.0,561.4042,194.83572,0.0,0.0,544.1214,180.41908,513.3613,197.21709,506.59735,193.73009,508.0843,253.6052,506.09766,267.50308,562.38055,263.5313,553.2067,273.179,377.6618,205.1219,372.68497,193.91342,287.83502,212.93433,291.96655,216.23294,169.05095,205.84955,179.29987,223.24155
559.21313,202.67662,0.0,0.0,560.56464,194.93555,0.0,0.0,542.4252,179.74745,510.1676,194.25484,504.71222,194.04976,507.95886,251.52957,506.7067,270.76,564.80286,262.81445,553.54346,268.66107,373.5766,206.93472,369.2443,197.1577,284.00027,213.61604,288.2889,218.9667,167.2989,203.56906,176.53847,221.70271
560.3578,207.69385,0.0,0.0,560.92316,198.30687,0.0,0.0,541.2246,179.57634,501.40164,193.50198,500.3896,189.2822,497.01904,255.22787,510.4368,274.56696,560.81067,255.61362,548.71265,271.35617,346.40036,201.56036,345.8853,187.799,272.75787,222.95264,277.1999,211.40678,178.88118,224.4358,183.17119,218.81882
554.32556,211.1508,0.0,0.0,558.1725,201.61229,0.0,0.0,542.9468,182.18256,501.77292,201.39,499.3636,191.02829,494.92102,260.86273,507.6326,272.84537,557.4308,260.16202,556.2011,275.44644,348.4353,202.45786,346.91052,186.33691,274.74722,223.45636,274.82623,210.80194,179.45888,224.096,184.77917,222.50784
551.115,205.17969,0.0,0.0,555.2997,195.56592,0.0,0.0,541.5692,177.909,501.61642,200.81259,500.06033,188.76071,493.98303,260.5478,507.20212,270.69183,554.91614,259.52173,554.27075,274.9535,350.4211,203.51872,349.50674,186.36911,275.57645,223.33313,274.94263,208.88039,178.13982,225.49153,183.42917,221.41612
553.1108,211.725,0.0,0.0,557.6063,201.94781,0.0,0.0,543.85223,181.35382,501.92236,201.9305,500.62656,189.61644,495.36932,260.4534,506.9421,270.47235,557.12756,260.25916,553.78687,274.88058,349.64484,204.15486,348.86505,186.99559,276.07947,223.86598,276.19043,209.75188,177.26216,224.7174,183.17368,221.7891
552.39246,211.39339,0.0,0.0,556.7179,201.8592,0.0,0.0,543.09296,181.71294,502.70105,202.54382,500.8757,189.87202,495.88406,261.82135,506.46213,270.05466,557.5649,260.4063,554.68066,275.1375,353.34607,202.94907,352.3631,185.88336,276.82104,224.62979,277.0424,211.64154,178.30498,224.48056,183.71487,223.45624
551.86145,208.16223,0.0,0.0,556.2102,198.59984,0.0,0.0,542.40845,179.63934,502.50177,202.66731,500.4044,188.90771,495.52533,262.80087,506.21,269.26297,558.62,260.27103,556.3801,275.5452,354.25037,202.32289,353.08716,184.94171,277.1438,224.9341,277.0774,211.70436,179.13646,223.24286,184.71054,222.41597
551.5503,200.58456,557.8632,200.13547,555.8484,192.45752,0.0,0.0,542.509,177.81017,512.56036,202.0093,503.88382,192.64977,504.4014,258.44592,504.67993,265.43146,554.0155,268.9754,560.44867,279.6823,379.55905,207.28503,373.05792,193.77591,289.9735,218.72018,289.10733,220.20828,171.11826,204.39734,183.20421,224.10318
550.2744,201.95932,0.0,0.0,554.1906,193.66869,0.0,0.0,540.8533,178.00119,507.46497,202.1509,504.21094,190.74167,503.08844,262.2973,507.02567,265.27408,561.873,262.02563,562.7392,272.40588,371.23944,207.12845,369.11182,192.44196,282.28555,215.26074,284.62796,214.56926,170.72073,204.35133,180.98436,221.50497
550.92944,200.29715,0.0,0.0,554.28143,191.9413,0.0,0.0,540.32465,176.98996,508.9184,201.1389,503.93823,189.88702,504.057,261.32202,506.61594,264.22687,563.8407,261.82928,563.4128,272.67108,369.7325,206.22235,366.54022,191.46245,281.84094,213.30006,283.76892,212.23448,169.46045,203.90108,179.07594,220.223
550.032,203.38292,556.5594,200.12683,553.66376,194.6934,0.0,0.0,542.6306,179.99814,507.81915,200.93863,501.2413,194.66821,492.6725,257.3947,505.83267,275.5698,540.41943,256.96643,556.70807,269.60068,358.5466,201.0798,354.0351,187.00592,292.58276,229.58209,288.93262,218.19939,203.33687,227.31572,207.47748,225.42392
548.4279,201.12396,553.9304,199.78828,552.5335,192.23563,0.0,0.0,539.2909,175.70465,506.17316,202.05765,502.29913,188.61586,502.28897,262.14185,505.9891,263.88315,561.8984,261.81082,563.51355,273.28775,367.90073,206.4365,365.48996,190.6965,284.77094,213.96248,285.39505,211.03575,167.3874,204.73361,177.06038,219.93678
548.6202,201.75421,553.9488,200.31328,552.8174,193.23384,0.0,0.0,540.0329,176.88654,506.1639,201.43661,502.78506,189.31105,502.30438,259.606,506.91272,263.21436,561.6104,262.05243,562.8767,273.7292,366.95145,205.00754,364.87872,189.74834,282.62653,212.89351,283.774,210.11725,169.4756,205.21417,179.08357,219.80626
549.0659,203.67126,554.2196,202.07898,553.1204,195.27504,0.0,0.0,540.2954,178.08261,507.21335,201.03513,503.45486,189.71118,503.5336,258.9101,507.71368,263.2269,562.00586,262.24677,563.16815,273.76544,369.93597,205.16881,367.61032,190.31534,282.91696,215.3532,284.3677,213.4451,170.7159,205.06471,180.6795,220.60262
548.13605,204.7276,553.4453,203.28229,552.53516,196.25867,0.0,0.0,539.95135,178.13522,506.13266,201.0479,502.51556,188.90099,501.21902,259.03577,507.61142,262.1241,559.77704,261.8468,564.46704,273.5599,368.69757,205.52296,366.40656,190.219,279.8198,219.3178,280.98303,216.66676,169.22408,206.51593,179.44286,221.56976
547.06116,203.26712,552.9099,202.10162,551.407,194.52065,0.0,0.0,538.9504,177.5898,506.51642,202.66881,502.40475,188.75273,500.79312,259.3477,506.80963,260.1523,559.33875,261.34146,565.3763,272.778,368.69205,203.60625,366.1644,187.50153,283.9536,213.35367,284.74902,208.84027,171.13008,207.77013,180.78044,220.51129
547.01166,202.96715,552.672,201.8234,551.3774,194.61032,0.0,0.0,539.26636,178.19196,506.95886,203.22229,502.81116,189.6689,501.65472,260.91425,507.05417,261.2117,558.87964,262.40765,564.9713,272.79846,369.2685,203.77475,366.80792,187.82274,280.63446,214.96548,282.03595,211.66821,168.96397,205.79205,179.19035,220.51393
484.78284,199.1075,0.0,0.0,490.68823,188.74512,0.0,0.0,475.89227,158.23508,437.09378,142.66902,411.57892,167.35187,431.1259,201.33107,410.52423,278.2833,489.95618,238.67723,473.4197,273.73975,263.15826,110.91371,247.56134,116.03229,221.80182,148.00603,207.59702,175.75995,149.67468,101.93044,157.24138,150.02272
485.53528,204.54706,0.0,0.0,492.4162,194.5791,0.0,0.0,478.4162,163.06342,434.8389,143.39273,412.54105,169.33931,423.979,199.37085,408.20883,277.72287,483.65582,238.5076,476.87015,271.25577,266.11328,107.61238,252.29659,113.67685,224.2308,138.56184,211.05835,166.20325,158.69102,97.50691,165.0576,142.77249
483.4135,202.04388,0.0,0.0,491.42328,190.58261,0.0,0.0,477.06586,158.18658,429.0407,147.2261,407.19077,169.4161,418.5169,202.37445,402.98538,279.25,479.52472,238.89035,475.497,272.15768,262.62128,116.40097,249.42465,120.73517,222.80042,128.27737,205.83313,150.34589,158.7389,106.02089,164.39282,144.08775
484.02686,203.7243,0.0,0.0,495.01105,192.57582,0.0,0.0,482.65186,157.11717,424.46423,147.46677,409.82285,164.36343,417.5914,203.53651,401.61066,274.41766,478.28094,240.74706,471.95386,273.5882,255.72449,111.5674,246.62494,113.83958,221.90572,142.36386,204.94232,165.78404,149.91379,110.079895,156.76906,155.38803
484.47488,201.85077,0.0,0.0,495.43045,190.543,0.0,0.0,482.96204,156.26913,425.42505,147.80229,409.62305,165.28976,419.77963,203.77367,401.0518,275.93045,479.5334,241.01785,474.31073,274.8678,254.15634,111.3222,244.05963,113.915535,219.746,147.8251,203.12503,173.02191,146.11295,110.98138,153.20226,158.78137
493.97733,204.85045,0.0,0.0,500.9371,193.29297,0.0,0.0,481.39444,157.69897,430.9557,143.05682,406.30554,165.25377,423.65463,199.52739,400.2034,276.79984,483.23413,240.04675,472.3863,272.74823,258.25195,109.39328,242.84982,113.93873,218.87971,139.77429,201.95142,164.55061,149.37462,112.52733,155.6469,156.07135
500.57108,208.52834,0.0,0.0,504.8853,198.50662,0.0,0.0,485.00836,164.49785,444.89392,138.82184,412.70416,169.3149,433.6013,192.40576,402.61978,278.23163,486.6282,240.59506,466.43347,272.0033,267.90228,108.16164,247.90611,115.99227,221.09387,143.74371,205.76978,173.99669,153.0917,112.22007,159.82974,159.74814
499.45105,208.6116,0.0,0.0,503.43073,199.35168,0.0,0.0,484.66937,167.48706,447.12433,141.77147,415.14404,172.20584,434.62488,193.43594,402.99585,277.24597,486.96982,240.24413,468.93427,271.11774,278.15677,113.76886,258.47302,121.45451,228.86516,138.49649,214.18576,165.76694,162.49835,109.600975,168.44012,149.59393
498.59955,205.25327,0.0,0.0,501.8708,195.21535,0.0,0.0,482.08868,162.45316,450.10016,137.34396,415.3515,169.23833,442.48737,189.27234,407.34973,277.22983,494.61133,236.45068,473.42615,271.40176,283.13467,108.17289,261.65768,117.36032,231.06837,135.94273,214.50897,170.50725,159.83992,92.40026,168.29398,145.14326
491.84076,196.57126,0.0,0.0,498.77228,185.00586,0.0,0.0,481.42804,152.32608,439.08276,140.46588,408.9943,165.01181,430.67795,192.53325,394.0305,273.2626,491.70947,238.95334,465.10168,277.04254,271.00732,109.652405,252.2627,115.697495,213.19952,132.49477,192.27979,164.36807,134.1271,89.302124,142.78696,142.90382
495.08203,201.46356,0.0,0.0,500.843,192.01451,0.0,0.0,482.1998,159.58855,436.05252,137.3157,413.32104,166.80713,427.7544,187.64778,407.02246,274.79498,485.10355,237.87779,473.29565,274.4195,267.4803,106.3849,253.35187,113.64715,220.57642,142.83871,204.51466,172.683,145.18791,106.9568,151.15623,154.36943
492.70462,201.57991,0.0,0.0,498.55664,191.76863,0.0,0.0,480.14508,158.69775,435.14813,136.32622,411.78134,166.51666,427.70935,184.26181,406.55963,274.34692,486.96875,236.98103,474.27795,274.64685,268.6018,105.21724,254.3515,112.49134,220.32928,137.06194,202.39569,165.23482,145.801,100.70873,151.42903,144.53253
496.58487,203.778,0.0,0.0,501.2805,194.17589,0.0,0.0,481.224,160.66422,438.99902,133.24408,412.0743,167.95619,431.61523,177.65025,405.9679,274.79785,488.5868,236.73082,474.5553,274.5437,270.6275,101.62648,254.10806,111.3046,221.17914,129.27571,202.87048,161.85031,148.09436,95.20381,154.4737,143.44623
498.0152,203.75525,0.0,0.0,503.0927,193.58769,0.0,0.0,482.49738,160.13922,438.13986,137.3954,411.77368,167.83223,430.2843,185.77412,404.8276,275.3309,486.94995,239.08511,470.67212,274.12338,266.2038,106.061745,249.71176,113.98825,218.9958,142.07338,201.64767,173.55296,145.30592,106.217735,152.04355,155.90878
495.85025,202.80072,0.0,0.0,501.5064,193.09329,0.0,0.0,482.27905,159.9008,436.19934,136.42284,412.5586,167.03032,427.83237,184.24034,405.13095,273.69482,485.1761,238.53581,470.7412,274.4885,264.9875,104.970604,250.24715,112.86268,216.02167,141.43651,199.8097,173.29254,143.10379,107.39277,149.51318,157.57158
495.83264,202.13774,0.0,0.0,501.07953,191.77892,0.0,0.0,480.43695,158.55815,434.88217,136.38892,408.41348,166.74982,429.39038,185.52814,401.00443,276.2066,484.55746,240.65198,471.30444,277.112,260.85974,101.329605,244.36458,109.53854,221.25226,143.16899,202.88763,175.68565,144.64622,108.690575,151.21541,160.3676
493.5124,202.32275,0.0,0.0,498.27887,192.84009,0.0,0.0,477.9431,160.01877,435.4679,133.86224,407.77386,167.40182,430.83276,178.76375,404.5644,274.97894,486.5825,236.68446,472.63422,276.5333,264.54398,101.12888,247.47011,109.98801,219.11023,136.75717,200.42245,166.90137,146.71573,107.39669,152.44844,152.74054
490.66272,200.68742,0.0,0.0,496.87967,190.72025,0.0,0.0,478.3108,158.18173,433.04208,136.87811,406.45697,167.04097,429.13394,184.18364,402.39606,276.9976,483.174,237.01694,473.4576,276.09686,262.61072,102.8774,246.12961,110.29869,225.01276,145.67465,204.63074,173.19363,149.16566,114.73558,154.87749,158.30681
490.82898,201.16411,0.0,0.0,496.9649,191.03197,0.0,0.0,479.10107,158.67052,435.01172,136.44562,409.09235,167.62294,431.18924,183.0993,405.24942,276.64542,484.63345,234.63358,470.08887,275.57697,260.83475,100.718895,244.69388,108.86602,225.40219,146.67325,207.19026,178.63768,148.20375,106.22355,155.08485,158.0717
485.11667,201.78963,0.0,0.0,491.2002,192.31993,0.0,0.0,474.57098,160.80774,431.81607,137.48892,404.6515,169.02708,427.73553,184.08067,400.86877,278.22485,480.46768,232.93445,472.58057,274.96457,258.07455,101.9643,241.3916,109.50401,217.72653,144.77077,198.8716,172.90576,142.22778,116.07706,147.29152,159.88739
483.18005,199.61053,0.0,0.0,489.68033,189.94601,0.0,0.0,473.4422,158.67937,431.80414,138.69473,404.42764,168.03926,430.3247,185.46135,402.98996,277.05966,482.02768,232.5495,473.48407,274.08484,261.93216,101.88426,245.4049,108.225815,219.77856,142.77672,199.38828,168.5862,143.16254,113.08022,148.07277,154.39836
480.14984,199.62105,0.0,0.0,486.73218,188.64534,0.0,0.0,470.4903,156.71678,427.39572,139.35394,403.24216,167.55563,424.59207,188.2112,404.10913,277.3042,482.53076,232.00266,476.04547,275.49396,256.96838,97.602135,242.46927,104.664474,221.74509,136.94537,203.89287,166.15552,151.88791,98.53136,157.39508,146.61526
483.40558,199.042,0.0,0.0,489.42303,189.42007,0.0,0.0,472.979,159.62253,432.35388,138.58792,404.8625,168.84836,431.47647,187.74448,404.6004,279.0385,483.27826,232.71571,474.4297,274.36993,259.81534,93.963135,243.3375,100.85796,221.55751,136.0846,203.5364,162.64264,149.03856,106.97849,153.27031,148.8395
482.71893,199.35777,0.0,0.0,489.46512,189.4656,0.0,0.0,474.14233,159.15663,431.857,139.49057,405.83298,169.72939,430.02112,188.22404,404.12177,279.0794,482.95374,233.06511,474.36032,275.10144,260.13693,101.91507,244.23932,109.65562,222.90175,142.39165,205.76053,173.41617,151.35738,105.34766,157.4434,154.98662
483.28775,199.40369,0.0,0.0,489.05377,189.3983,0.0,0.0,472.18903,159.33246,432.64523,140.04639,403.7,169.68207,429.49463,188.4849,402.4278,279.08484,482.15765,234.73322,473.7293,274.76382,263.94922,100.41816,246.52646,107.3677,228.16913,140.41782,208.1332,165.70026,154.5061,106.24393,158.85922,145.71681
482.24164,199.44737,0.0,0.0,488.26526,189.13838,0.0,0.0,471.48798,158.15926,431.39117,137.65765,402.27063,169.1884,430.7376,185.49327,402.25717,281.3075,484.50525,232.22076,475.9571,275.58612,260.20596,96.04845,242.74936,104.02043,226.56784,139.11282,205.92944,166.98323,153.49742,105.15426,158.41669,148.49472
480.14093,201.03593,0.0,0.0,485.76526,189.30154,0.0,0.0,468.8997,157.43198,428.8594,138.39545,400.50247,169.83488,426.74652,189.3326,402.40363,283.67365,486.03754,234.06464,477.51785,276.48328,249.54225,97.6248,232.46402,105.844215,218.84714,146.41147,201.48279,176.93619,148.78479,109.49247,153.9567,158.33476
481.4648,200.54062,0.0,0.0,486.30475,189.36649,0.0,0.0,469.4702,158.57901,434.49075,140.45436,405.3214,170.32237,430.32278,190.60892,405.01233,280.2961,486.18518,235.62996,476.54126,275.28995,267.75977,105.3544,249.93286,113.554665,234.98137,146.90167,216.2211,178.4952,156.80518,95.08506,163.9884,145.40079
482.78586,203.731,0.0,0.0,488.90338,192.7999,0.0,0.0,473.3164,159.45831,429.88626,137.39815,405.8529,167.52435,419.99554,193.81735,405.39056,283.83505,480.84344,239.03273,477.5171,275.3755,253.7363,100.12925,239.1785,107.647575,224.27936,149.02293,206.50732,177.97174,145.99606,101.73231,151.41498,149.08626
481.2355,201.27504,0.0,0.0,488.05658,189.30704,0.0,0.0,473.5248,158.09338,434.21558,148.15472,407.47928,169.70575,427.32306,207.40483,405.2837,282.0483,484.22723,244.50116,478.86313,276.66663,263.967,109.35883,247.58704,114.04412,230.74222,151.01062,213.29391,179.04808,156.2706,100.24008,164.22307,149.97047
486.66327,205.54922,500.60712,197.45099,492.8047,192.09085,0.0,0.0,474.47375,159.15944,434.01645,148.89085,405.17114,170.91658,426.9318,204.90215,404.5882,283.6566,488.4624,246.41745,478.46375,277.12524,259.60025,102.25006,241.9617,106.77757,227.7132,148.50558,207.7367,173.14816,156.63254,106.554665,162.82774,150.61264
486.88092,206.21786,0.0,0.0,494.06555,194.0024,0.0,0.0,477.701,160.41077,432.81802,145.06271,407.78137,169.68271,425.58362,199.49864,406.82587,282.45157,484.11273,242.23245,477.25757,276.84387,255.08615,98.58192,239.64749,104.086685,226.04948,149.70912,208.3831,177.43643,151.64478,105.12381,158.61078,154.30678
486.62982,205.91951,0.0,0.0,493.6084,192.09766,0.0,0.0,476.84772,158.54616,436.03088,153.46405,409.25488,168.82646,426.0484,211.57004,408.6771,277.91965,484.56256,247.43665,476.7954,276.7409,262.953,105.21233,246.55554,106.86355,232.04807,152.43405,213.80313,174.54646,157.64104,99.483055,165.07912,144.47633
471.86945,226.98758,487.05875,222.24652,483.87866,213.47058,0.0,0.0,478.11603,180.95976,427.77185,184.7093,417.22394,178.51161,404.94,250.40582,401.1617,271.6132,454.63626,283.61993,439.27914,278.72815,244.94287,108.74572,239.52094,98.6784,213.74881,157.72081,205.35706,164.7895,148.21005,120.647,153.92583,153.65802
478.37817,208.57158,490.67166,204.16595,490.13507,196.7605,0.0,0.0,482.16183,164.95787,427.784,162.39075,415.9825,168.81808,412.39658,228.3556,407.60672,275.5629,476.028,266.64133,467.93573,276.64062,251.09451,104.00667,244.49571,99.62172,217.76668,157.1158,206.46481,167.26558,150.33029,125.38278,155.19936,154.87325
477.92053,201.23369,0.0,0.0,487.18423,190.36722,0.0,0.0,475.86288,160.33536,427.07184,149.20688,409.63593,167.9774,418.16437,208.32088,408.3041,277.86893,479.48288,254.88217,474.53717,278.65518,252.61111,99.464874,242.2699,100.92575,219.47375,150.20023,205.96552,168.02078,150.6589,119.481705,155.2934,154.12857
482.91223,207.38795,494.91937,201.97272,491.4157,196.25885,0.0,0.0,477.37894,162.12013,432.18613,148.0924,409.55573,169.2812,427.74915,199.49712,406.0821,276.5713,479.89307,238.88423,472.78873,274.75745,265.44745,106.92101,251.37708,111.16781,228.69594,148.37689,210.72017,176.20851,152.99371,101.307755,161.76488,151.97693
483.44952,207.50716,496.2442,202.18098,491.52036,195.57513,0.0,0.0,476.1421,160.11198,432.82562,149.77383,408.37753,168.51743,428.8291,202.5568,405.84125,276.74857,479.77008,237.62589,473.61633,276.06958,268.64838,113.10412,253.34717,116.6512,230.07176,150.93295,209.95457,179.02399,150.57805,97.14174,160.72105,150.22495
481.8438,207.01413,494.2038,201.85347,490.75418,195.73868,0.0,0.0,476.81595,160.1546,430.1903,146.81056,408.4421,167.80284,427.91983,198.5554,406.796,276.7284,477.69843,236.44592,474.29022,276.8474,260.66138,109.40815,246.95511,113.583755,222.60425,150.97414,204.19548,181.26952,143.11307,100.49847,152.97836,156.71323
480.22864,199.39926,0.0,0.0,485.18787,188.49579,0.0,0.0,470.40027,160.03021,439.42072,142.13962,408.48846,172.62434,435.94955,193.62346,414.07706,283.00928,490.66034,232.67366,480.61868,273.9253,268.99832,103.426346,250.15016,111.214035,237.42667,142.33517,219.47554,171.54584,165.60709,87.2065,172.25444,134.6412
484.7199,202.9675,0.0,0.0,489.2928,191.94069,0.0,0.0,471.69742,159.57483,438.33682,138.58026,404.29303,168.531,436.16522,190.15182,403.7794,281.42,487.51892,231.02728,476.57605,272.9982,265.5252,104.47115,244.26744,112.54115,232.80997,146.7383,212.36389,178.26555,153.6036,96.932625,162.20607,147.8679
484.30914,203.69112,0.0,0.0,489.25732,195.01166,0.0,0.0,474.0022,164.0851,436.6765,135.76227,408.32712,169.82831,435.2361,186.94806,404.96417,279.36017,486.51138,234.05678,476.30878,273.65552,262.70874,103.904945,245.17477,113.51295,225.94156,140.9821,212.23824,176.00107,150.4125,97.15896,158.6173,150.1959
477.92792,199.81029,0.0,0.0,484.29727,190.77203,0.0,0.0,470.30728,158.5353,430.90765,134.69855,405.77704,165.44601,430.51767,187.827,406.32172,278.24353,484.5781,231.28488,476.52936,274.39932,266.39124,102.680695,251.13736,111.08293,228.96095,138.66446,211.76077,171.5583,152.88731,92.670555,160.92503,145.22067
483.24716,203.99907,496.50208,197.76993,491.21533,191.38992,0.0,0.0,475.91006,157.39511,432.44318,148.95288,408.01495,167.64053,427.9778,203.98787,407.9803,278.12924,484.9947,239.22844,476.3244,275.1306,261.03122,103.3622,246.12164,106.24948,226.37459,142.79143,206.8536,167.38313,150.96924,89.74949,158.35936,137.01443
482.78845,203.48477,494.7754,198.48897,491.4587,191.94298,0.0,0.0,477.27393,158.12547,431.45798,149.58078,409.61072,166.69858,426.52344,205.8121,407.34595,276.59793,481.96545,238.30504,474.81897,273.81644,265.0274,105.7974,251.75063,107.92012,226.49309,141.34045,206.9696,165.13156,148.27003,90.00707,155.75722,136.64934
482.08646,204.81187,493.1115,200.04807,491.10486,194.20122,0.0,0.0,477.6047,159.30928,429.63013,145.06807,409.9645,166.18396,426.65192,198.65831,407.45593,276.1025,480.60394,236.32129,475.41235,273.9771,265.01373,104.25005,253.01596,108.49503,228.36868,139.87769,209.89905,168.20425,148.91931,88.294205,157.50986,140.27408
482.54987,203.14381,493.75827,198.46751,491.75153,192.39119,0.0,0.0,478.67322,159.32094,430.48883,147.41942,411.39423,167.23363,425.16428,201.29953,408.2511,276.22614,480.51617,238.63103,475.6045,274.38434,265.35547,103.59877,253.72037,106.90738,228.72595,139.4239,210.4052,164.56439,151.13957,88.12204,158.486,134.97142
485.48682,204.03925,498.5225,198.31087,493.1842,191.64072,0.0,0.0,477.9931,158.74826,435.97562,152.16689,411.54562,169.80917,427.8587,206.41362,410.5434,277.75473,483.53564,238.4501,476.4134,275.27808,272.969,110.03148,258.04315,113.095345,242.20862,147.38162,221.71393,171.5235,164.5578,85.97173,172.88889,133.28531
487.00488,206.00653,500.55545,199.95758,495.85577,193.64792,0.0,0.0,481.1737,159.788,432.59192,150.4479,410.85187,169.95581,426.06537,204.10132,411.14645,279.62604,482.1949,240.42195,477.5334,276.9868,250.57753,103.69817,237.17656,106.28371,214.26672,147.66087,196.15594,173.67012,136.58069,94.81906,143.79675,145.943
486.05234,204.98035,499.52747,199.01907,494.56665,192.63748,0.0,0.0,479.36865,159.01431,431.90894,149.82451,409.8852,169.71228,425.3962,202.91258,411.55817,279.51077,482.55173,239.97363,477.8362,277.51956,253.22781,104.52914,239.71216,107.25162,215.642,148.42409,196.62738,173.70383,137.6281,97.20401,144.75685,146.84587
484.6657,206.9131,497.41797,202.24258,494.006,195.01707,0.0,0.0,479.86932,160.59892,430.68726,152.11275,410.72995,167.76283,424.8918,207.3886,406.50415,276.57196,482.78528,243.63757,476.43945,277.76175,260.78964,104.868126,248.37856,106.56774,226.3644,147.50482,207.81372,171.01523,149.55037,97.37372,157.68282,143.99268
483.38947,206.98044,498.175,202.18068,492.8703,192.81412,0.0,0.0,476.81757,156.14505,427.70676,153.06425,404.50146,164.37788,418.61478,211.19955,402.54834,277.72507,480.17896,245.09592,478.34644,278.8003,257.79462,99.87133,243.4249,99.88557,227.67249,145.33267,203.96667,163.98712,150.51306,94.558464,158.10764,136.4261
485.7073,207.93153,500.54715,201.52692,493.16592,194.17091,0.0,0.0,475.88226,158.68832,434.4281,150.52289,406.3433,168.78947,426.2445,203.78062,407.14832,279.73508,484.65204,241.62025,479.4657,277.5603,264.74634,102.96446,247.40948,106.2101,230.1763,144.97311,206.9173,169.72653,153.26967,88.10365,161.5883,136.1308
484.49127,208.14713,499.72412,201.26678,491.92355,193.74977,0.0,0.0,475.385,158.73203,435.38153,154.90524,407.62573,170.43384,425.47675,211.05688,408.64893,280.72647,484.58075,245.84912,481.72247,279.45407,265.25858,108.63609,248.23524,110.64162,228.75815,147.9967,206.70523,172.11041,150.41174,89.07836,158.57442,137.67438
493.45938,255.38129,0.0,0.0,496.5304,247.1431,0.0,0.0,482.46585,225.9519,424.14307,219.61383,443.43213,235.51291,0.0,0.0,449.0816,319.917,0.0,0.0,478.43152,326.2874,259.17154,227.35626,272.38202,220.64322,193.15686,259.6104,200.93884,259.92554,77.39746,282.08566,77.95682,286.72696
493.2069,254.6405,0.0,0.0,496.31857,246.25098,0.0,0.0,482.22595,225.49213,423.73672,221.12389,442.684,236.25482,0.0,0.0,449.5622,321.64368,0.0,0.0,479.704,324.4218,256.9834,230.2428,269.9373,223.10088,191.1612,261.8442,199.10529,261.672,74.808334,282.6571,75.85841,286.8586
493.61646,255.82214,0.0,0.0,496.82684,247.93411,0.0,0.0,484.45532,226.90286,426.4429,220.98206,444.75522,235.73322,0.0,0.0,445.6145,319.07254,0.0,0.0,470.9901,327.9889,258.5794,230.6013,271.34747,223.13931,188.86841,261.08725,197.9,260.44742,75.40524,282.51114,75.62262,285.68433
494.96338,255.00845,0.0,0.0,498.14548,246.76584,0.0,0.0,484.717,225.73161,426.71454,218.47195,446.18198,237.88454,0.0,0.0,457.60675,326.57993,0.0,0.0,488.59485,324.33893,260.76074,229.85812,273.81277,224.57565,196.04144,256.62823,202.87411,258.7789,81.44003,276.96405,83.099945,283.5604
502.78815,251.09485,0.0,0.0,505.97406,244.10483,0.0,0.0,492.26337,225.8693,429.90912,213.53546,447.92148,239.94214,424.51825,261.4168,450.56314,333.57678,469.77106,300.8541,480.0877,318.80664,265.13943,228.25513,277.4774,226.99,220.13437,263.0473,229.63939,268.6183,119.66786,280.87653,119.308365,287.74164
505.7878,251.87122,0.0,0.0,508.0916,245.34933,0.0,0.0,492.15222,227.50504,430.5152,213.62978,447.40173,240.26695,425.04355,262.90778,452.4056,333.12012,0.0,0.0,483.03964,316.99268,264.53622,225.51532,275.78003,224.69849,212.6585,270.31287,223.52673,278.55484,117.51578,279.15298,116.65941,289.77267
495.0666,254.94345,0.0,0.0,497.9024,246.8895,0.0,0.0,483.6894,226.5762,427.08215,223.121,444.10968,237.46344,0.0,0.0,453.903,322.58643,0.0,0.0,481.15692,326.71378,257.8607,234.25247,269.3147,227.04486,188.14688,268.3123,195.43567,270.96707,74.649,273.63736,77.22682,283.87363
495.1496,256.11548,0.0,0.0,498.65894,247.51901,0.0,0.0,485.06702,225.82474,429.35223,226.74348,444.71854,235.61807,429.04263,270.94278,450.95874,318.85977,0.0,0.0,477.69745,329.40546,261.0114,238.08116,271.41336,228.49356,187.10178,270.28766,193.36069,270.65933,71.17943,273.9311,74.45076,283.6318
497.28174,253.16626,0.0,0.0,501.63443,245.94897,0.0,0.0,491.3493,226.12547,426.0341,215.0903,444.48938,238.36244,419.9643,266.9844,449.52023,334.78497,0.0,0.0,483.62326,317.04724,247.05917,231.32016,259.06317,228.14938,201.57932,282.39047,210.67955,286.66547,102.355804,282.46814,101.78267,290.30957
497.00287,252.9703,0.0,0.0,501.50525,245.86353,0.0,0.0,491.66138,226.78418,427.17917,216.49344,446.4551,239.45967,419.6716,266.64005,451.19888,333.81277,466.70337,298.16217,485.36115,315.20715,254.50204,230.4832,267.2303,227.18678,206.18892,276.42593,215.31012,279.56583,107.67015,282.4695,107.29738,288.35257
491.24097,256.98077,0.0,0.0,495.95477,248.9216,0.0,0.0,487.14374,227.61237,428.3439,224.226,447.359,238.07147,0.0,0.0,453.4444,324.79,0.0,0.0,484.20255,324.79794,257.413,234.09413,270.40814,226.02757,183.99219,266.08572,191.1525,265.5883,69.48129,274.9509,71.23218,280.88455
489.68738,258.33066,0.0,0.0,494.64502,250.14377,0.0,0.0,486.65384,227.99365,427.72562,223.3841,446.8304,237.85245,0.0,0.0,450.9178,325.6032,0.0,0.0,481.4474,324.63947,255.46518,234.27728,268.6626,226.53302,184.85252,265.2919,192.25122,265.6378,68.65935,277.1098,70.439804,284.4485
489.64987,257.59903,0.0,0.0,494.34113,249.44666,0.0,0.0,486.2022,228.01814,426.55035,223.39072,447.3518,238.46065,0.0,0.0,452.4469,326.48718,0.0,0.0,483.79053,325.59647,253.17381,232.78809,267.4127,224.96677,180.92499,267.97882,189.292,267.6569,63.833557,279.48834,65.56464,285.12006
490.8736,257.90753,0.0,0.0,495.16412,249.42682,0.0,0.0,485.54663,226.8993,425.46185,223.91463,446.93793,236.18033,0.0,0.0,452.39038,324.84137,0.0,0.0,482.98465,324.0757,256.15784,233.05685,270.8759,224.40916,184.9626,268.4353,194.08522,266.52933,69.93834,281.7668,71.65221,285.70444
491.3086,257.82385,0.0,0.0,494.9184,249.28784,0.0,0.0,483.6741,226.28192,424.8493,221.62073,445.05176,235.35748,0.0,0.0,452.0925,325.5749,0.0,0.0,481.0763,324.63904,255.55719,232.91347,269.42175,225.02893,185.93246,264.62552,195.0758,263.99008,71.3302,280.40784,73.438354,285.62274
491.17358,257.7918,0.0,0.0,494.7049,249.353,0.0,0.0,483.24707,226.11678,425.01642,220.94089,444.1188,234.55615,0.0,0.0,450.5863,323.4061,0.0,0.0,479.40335,324.90802,255.21039,232.81953,268.3976,224.83043,185.26695,266.3078,194.09695,265.4089,70.62361,280.01276,72.624466,284.8644
490.8711,257.33017,0.0,0.0,494.46307,248.99777,0.0,0.0,482.84546,225.71613,425.6894,219.82675,442.30457,234.47624,0.0,0.0,449.56757,324.39325,0.0,0.0,481.55878,324.50278,253.6922,233.22581,265.15286,225.87596,184.82666,267.19882,193.05106,267.79837,70.467026,277.85516,72.866,285.04315
489.8755,257.6402,0.0,0.0,493.40042,249.50946,0.0,0.0,482.38293,226.50424,425.9272,219.04901,443.19315,235.51942,0.0,0.0,451.51385,326.46045,0.0,0.0,484.32483,323.80942,256.3191,232.61835,268.1933,226.32353,187.7288,263.13333,196.46327,265.7824,73.77045,276.97684,76.561554,286.55887
489.34253,257.61188,0.0,0.0,492.87012,249.65701,0.0,0.0,482.53455,227.59601,425.91806,220.1447,443.8094,236.87225,0.0,0.0,450.9332,327.30856,0.0,0.0,483.92664,323.45624,255.89557,232.89874,268.21518,226.7706,188.37866,260.35736,198.32487,263.02686,76.268814,277.01328,78.75023,285.90527
490.12964,257.44,0.0,0.0,493.35028,249.2731,0.0,0.0,481.37097,226.76257,423.88364,219.52213,442.08078,236.2532,0.0,0.0,450.94263,328.09155,0.0,0.0,483.24652,323.5425,254.59982,232.87811,267.1548,226.69714,187.82072,262.4566,197.49184,264.5095,75.38995,278.6755,77.72972,286.45993
490.5628,256.83487,0.0,0.0,493.39972,248.97348,0.0,0.0,480.8294,227.05646,422.106,217.37534,442.48178,237.37744,0.0,0.0,452.00473,329.70816,0.0,0.0,484.10278,324.0153,253.0846,232.11954,266.9759,227.2771,184.82399,263.77844,195.89832,268.02,73.11322,276.8407,75.199646,285.87918
489.77075,257.05328,0.0,0.0,492.9769,249.31003,0.0,0.0,481.07578,227.54414,421.4909,217.15096,442.76178,238.02501,0.0,0.0,452.17456,329.2988,0.0,0.0,484.46283,324.31006,253.00206,230.91837,267.45142,226.41898,185.20781,264.85364,195.75702,269.27615,74.473175,276.35712,76.500626,285.47748
490.17438,257.36075,0.0,0.0,493.1556,249.62204,0.0,0.0,480.7741,227.78513,421.14026,217.20955,442.60236,237.91829,0.0,0.0,451.6922,328.86557,0.0,0.0,483.5752,324.68765,252.84181,231.75171,267.41782,227.21123,184.8451,264.77283,195.71655,269.42603,73.512985,275.4018,75.36052,284.78864
489.3952,256.84375,0.0,0.0,492.65594,249.405,0.0,0.0,481.2362,227.59534,421.16895,214.27444,442.8591,238.12383,0.0,0.0,452.14087,330.00378,0.0,0.0,484.97098,324.37512,251.56284,230.08847,266.30197,226.84528,183.41414,262.07068,194.25807,268.64072,73.18016,273.8612,74.73079,284.9472
488.90143,257.24985,0.0,0.0,492.46307,249.59152,0.0,0.0,481.31976,227.38449,419.55865,214.68529,442.3496,238.23378,0.0,0.0,452.5739,331.44174,0.0,0.0,485.00388,324.7074,247.91974,230.63545,263.3081,227.25848,182.0796,261.71106,193.05878,268.3098,71.54242,273.98483,73.34581,285.677
490.7078,257.05945,0.0,0.0,494.287,249.13885,0.0,0.0,482.04688,226.15901,419.9464,213.72801,442.07053,237.18123,0.0,0.0,453.98114,329.15646,0.0,0.0,483.9953,324.5955,246.77945,230.74394,261.78723,226.68631,178.84615,263.73608,187.42194,267.88632,68.79968,275.50958,69.897064,283.66656
492.62814,256.80487,0.0,0.0,495.48828,249.46548,0.0,0.0,483.27502,228.17267,425.9511,216.77177,444.91986,238.39482,0.0,0.0,454.95697,327.11536,0.0,0.0,485.32315,324.49637,256.41742,232.14474,269.43347,227.58568,181.74913,263.90002,191.12738,268.4863,73.21962,274.20398,74.29077,283.0246
493.1609,256.11447,0.0,0.0,496.14203,248.50867,0.0,0.0,483.68866,227.38351,424.89963,217.70123,445.21567,238.07985,0.0,0.0,455.4222,325.9729,0.0,0.0,483.2055,323.47855,255.42886,233.9212,269.2717,228.7946,184.62303,261.52127,193.70364,264.90518,75.52792,275.4785,76.89897,283.24927
497.07193,252.699,0.0,0.0,500.24408,246.41568,0.0,0.0,488.59488,227.2296,423.59915,209.49118,444.56903,239.21269,419.07947,261.77948,450.29825,335.69965,0.0,0.0,486.0127,313.34314,252.5682,230.4637,266.55765,230.69005,204.16415,274.21454,217.1744,283.79865,110.92345,280.02264,109.21715,291.09723
497.20834,252.50882,0.0,0.0,500.36563,246.32773,0.0,0.0,489.09372,227.73843,422.43408,209.52527,445.71558,239.99297,417.55634,261.9756,450.6463,336.43323,0.0,0.0,486.49585,313.02963,251.05772,230.59178,266.57303,231.1095,202.64478,273.86926,217.15721,283.88123,110.08452,280.73944,107.82454,291.6538
496.7193,252.57166,0.0,0.0,500.0044,246.3341,0.0,0.0,488.96356,227.52982,423.03738,209.45047,445.61856,239.74713,417.60632,260.6396,450.1622,335.6521,0.0,0.0,486.2235,314.0077,251.31058,229.99182,266.3044,230.38824,202.51172,275.1825,216.26617,285.2601,108.64519,280.48337,106.84105,292.01254
496.81418,252.68771,0.0,0.0,500.18274,246.2828,0.0,0.0,489.26416,227.24123,423.47763,210.02466,446.01227,239.7026,417.86526,262.2585,450.46295,336.43146,0.0,0.0,486.29175,314.03906,252.80417,230.8736,267.82034,231.07642,204.31226,273.5128,217.96962,283.30286,109.87596,280.14865,108.5186,291.6776
496.72437,252.74939,0.0,0.0,500.0745,246.06448,0.0,0.0,488.67834,226.34912,424.88992,211.40994,445.15598,238.62866,418.8853,264.85013,450.4288,335.63513,0.0,0.0,486.0727,314.35547,255.38098,231.79462,268.89435,230.93385,204.98634,276.37128,216.99197,284.7645,109.1727,280.5457,108.47725,291.6006
496.5904,252.85678,0.0,0.0,500.24377,245.77527,0.0,0.0,488.72925,225.39531,424.8905,213.49512,444.78772,237.51294,419.50305,267.16238,451.04752,333.8328,467.7479,297.25424,486.4872,315.37888,255.82726,234.15135,268.9904,231.86427,205.23698,279.25662,216.38933,285.6715,107.717316,281.88412,107.94931,291.75998
496.40778,252.93256,0.0,0.0,500.01138,245.72678,0.0,0.0,487.8957,225.05348,424.37384,213.20032,443.7263,237.49223,419.51184,267.09265,451.26233,334.72568,0.0,0.0,486.7984,315.34482,255.68845,233.49625,268.3949,231.45148,205.89763,277.94107,216.25095,284.97952,108.196335,280.10828,108.68268,291.28903
495.27463,253.35388,0.0,0.0,498.98407,246.35254,0.0,0.0,487.55856,225.63162,423.2678,212.13367,443.02078,237.65105,418.17108,265.62814,450.77765,334.83508,0.0,0.0,487.70135,315.0437,251.79765,233.64429,264.6846,232.07034,203.52756,280.56952,214.3088,288.11856,106.89908,281.04123,107.14293,292.3662
495.2055,253.27356,0.0,0.0,498.90445,246.18637,0.0,0.0,487.44415,225.34073,422.92236,212.28842,443.30478,237.34698,418.20563,266.18262,451.2706,334.61508,0.0,0.0,487.8005,315.13086,251.733,233.3055,265.03705,231.58467,203.73175,279.85913,214.67186,287.54523,106.50075,279.56363,106.928375,291.3984
494.63766,253.75409,0.0,0.0,498.39426,246.68839,0.0,0.0,487.08505,225.5546,422.71118,212.2206,442.7153,236.97519,417.75043,265.59973,450.5658,333.5181,0.0,0.0,486.94144,315.73044,250.49509,233.20767,263.53073,231.33926,202.15822,279.86328,212.84625,287.521,105.54358,278.57004,105.86543,290.6215
494.857,253.65555,0.0,0.0,498.49304,246.90936,0.0,0.0,487.6651,226.44164,424.41388,212.13791,443.9925,237.55841,418.04684,263.96664,449.80292,332.00946,466.73004,297.72696,484.96057,316.39517,254.22667,233.32954,267.09753,231.84592,204.14204,278.26157,215.44838,286.13037,110.89998,278.94376,111.04636,290.34573
495.2796,253.74686,0.0,0.0,498.87726,247.02563,0.0,0.0,488.1933,226.6376,424.72318,211.99738,445.03906,237.81439,418.26248,264.67776,450.33017,333.05396,467.08356,297.7526,485.60382,315.39783,255.81485,232.05386,269.3178,230.74002,205.8895,277.03412,217.7897,285.01337,111.66048,278.95566,111.67955,290.15024
495.61655,253.35587,0.0,0.0,499.11005,247.08429,0.0,0.0,488.53406,227.47508,426.23514,210.16608,445.265,239.00395,419.55798,261.2765,450.91913,334.30603,468.4851,297.27698,488.646,315.03387,257.48645,230.09004,270.16006,230.00462,205.51967,273.8877,217.54074,283.2468,112.657715,277.63687,112.41342,289.2322
495.71283,253.09662,0.0,0.0,499.21057,246.97278,0.0,0.0,488.734,227.62372,425.80533,209.25107,444.958,239.09142,419.04755,259.77478,450.2752,334.32062,0.0,0.0,488.50952,315.34647,255.14719,229.1472,267.83136,229.51778,204.36935,274.36475,216.668,284.51193,112.02283,277.71292,111.43727,290.11194
495.7495,253.11005,0.0,0.0,499.10645,246.83517,0.0,0.0,488.31378,227.63857,426.11295,210.73674,444.7263,239.03973,419.34174,261.61404,449.84442,333.66653,467.69162,297.27606,486.78076,316.04153,255.95758,229.50755,268.347,229.25533,205.921,272.13635,217.7884,281.2835,113.37892,277.4879,112.548294,289.05704
495.4829,253.27628,0.0,0.0,498.82672,246.9704,0.0,0.0,487.99075,227.70876,425.4146,211.4736,444.54797,239.07483,419.21286,263.26318,450.66315,333.9124,467.91937,297.82733,488.41705,315.73657,255.66005,230.9897,268.32135,230.4275,205.35786,275.31982,217.64114,283.89667,112.91647,279.5987,112.450836,290.46735
495.74408,253.14133,0.0,0.0,499.00455,246.81985,0.0,0.0,487.837,227.64337,424.98608,211.49976,444.42548,239.41747,418.88812,263.99643,451.66476,334.91028,468.29013,297.7268,490.47504,314.5423,255.31091,231.38052,268.07892,230.99887,205.29825,276.1036,217.65892,284.9739,112.75337,279.48694,112.302246,290.6228
495.7179,252.9898,0.0,0.0,498.92822,246.71222,0.0,0.0,488.18066,227.94632,424.7584,212.08855,445.42218,239.64355,418.17694,265.1472,451.25534,334.73087,468.2558,298.17047,489.7793,314.46283,255.31325,230.94586,268.9638,230.50906,206.25511,275.62762,219.66902,284.59833,113.69774,279.53864,112.96263,290.71402
495.2723,253.16913,0.0,0.0,498.50916,246.9505,0.0,0.0,487.95288,228.25137,424.95746,212.00153,445.26614,239.91309,418.5958,264.8349,451.23157,335.108,468.26248,297.64587,490.26407,314.4675,255.9123,230.94934,269.347,230.64201,206.66772,274.20786,220.03113,283.17236,114.43472,278.9161,113.588486,289.8005
495.23755,253.27463,0.0,0.0,498.551,247.0863,0.0,0.0,488.07434,228.45401,424.93677,212.24222,445.1402,240.02327,418.6881,264.91278,450.7791,334.86337,468.2519,297.9186,489.66327,314.57892,255.80418,230.92223,269.19153,230.62178,207.12181,273.28754,220.47658,282.3699,115.12933,277.95435,114.25133,289.08417
494.61185,253.63287,0.0,0.0,498.1802,247.4032,0.0,0.0,487.95016,228.30043,425.4602,211.93143,443.99316,239.72424,418.88644,263.88232,450.1106,334.50882,469.29153,297.355,491.2578,314.15228,254.2907,231.62872,266.45,231.28639,205.48743,275.75757,217.82137,284.85803,113.33943,278.2948,112.93335,289.90146
494.46545,253.76984,0.0,0.0,497.9745,247.31857,0.0,0.0,487.6188,228.13039,425.16687,213.46883,443.48505,239.36295,418.82986,266.33792,449.48352,334.1748,468.90662,297.4982,489.21155,314.66138,252.20325,232.73364,264.1906,231.49518,204.38004,278.07733,216.5257,285.91043,111.6996,279.84705,111.41023,290.47745
494.54135,253.52618,0.0,0.0,497.96375,247.10532,0.0,0.0,487.2891,228.05022,424.90198,213.03917,443.12103,239.60512,418.8994,265.5516,449.78903,334.59198,469.28464,297.18097,489.35284,314.10983,251.99896,232.24405,263.88376,231.29886,203.87888,277.98663,215.85265,286.24017,111.64511,279.65448,111.41586,290.6845
495.03864,253.1709,0.0,0.0,498.38507,246.87885,0.0,0.0,487.86078,228.38536,426.07764,213.18663,444.48096,240.1783,419.37512,264.81155,450.35373,334.47986,469.44614,296.70224,489.36285,314.0703,255.1559,231.17465,267.24026,230.42169,205.7502,276.5297,218.01183,284.89392,113.69298,279.61987,113.479706,290.394
495.02707,253.16522,0.0,0.0,498.3155,246.88452,0.0,0.0,487.6527,228.31882,425.78894,212.7125,444.16617,240.1419,419.1526,264.52875,450.56717,334.95523,469.06906,296.22614,489.78534,313.6232,254.64159,231.32866,266.6685,230.72635,205.43172,277.20734,217.64896,285.62393,113.41272,280.17838,113.13124,290.83316
489.8194,256.46454,0.0,0.0,493.50827,248.31241,0.0,0.0,479.53543,225.71503,420.61554,219.36087,436.80276,236.46211,0.0,0.0,456.4372,329.10553,0.0,0.0,494.58624,318.83215,249.17093,233.48447,259.67557,227.70114,182.89725,267.85217,188.58546,270.53064,76.74489,271.37616,78.70038,280.9383
490.06375,256.555,0.0,0.0,493.5213,248.5007,0.0,0.0,479.54495,226.65842,421.11945,220.71909,438.07986,237.52762,0.0,0.0,456.4453,328.64694,0.0,0.0,493.24524,319.65048,251.62532,233.87827,262.76038,227.83667,183.69676,266.13394,189.91972,268.35178,76.16629,272.54703,77.95798,280.9894
496.061,253.91919,0.0,0.0,499.41898,246.7109,0.0,0.0,485.245,225.85837,420.06418,213.53639,437.03458,237.63382,418.18164,272.05362,450.5359,337.16428,0.0,0.0,494.3305,307.8154,240.854,235.63062,251.30447,233.61522,194.96227,278.29086,205.3189,285.68362,100.29451,278.48425,100.420364,290.1606
496.1137,253.84668,0.0,0.0,499.41983,246.65036,0.0,0.0,485.22357,225.87091,420.35214,213.45749,436.77603,237.71748,418.3676,271.92377,450.36816,337.2393,0.0,0.0,494.70288,307.62683,239.95323,235.81357,249.9671,233.9079,194.46176,279.17883,204.70422,286.95895,99.8465,278.01086,100.09294,290.30872
490.40973,256.3012,0.0,0.0,493.75894,248.43402,0.0,0.0,479.2826,226.17938,420.44153,217.55905,436.19208,236.9994,0.0,0.0,456.86502,330.18936,0.0,0.0,495.2988,316.36484,247.5809,232.66968,257.73135,228.09903,182.78232,266.45444,189.22403,271.34903,77.84741,270.08124,79.776794,281.82385
495.6339,253.67816,0.0,0.0,499.1011,246.50595,0.0,0.0,486.01837,226.68784,421.86697,215.85423,439.09442,238.81992,419.2829,273.12128,451.0518,336.5147,0.0,0.0,494.3404,307.2924,243.59756,234.5526,254.3367,232.01219,197.012,277.5476,207.69122,284.28293,101.43315,279.07748,101.854004,290.23654
490.5429,255.56784,0.0,0.0,493.95923,247.69519,0.0,0.0,480.09656,226.09242,422.02914,218.82455,437.79922,237.06384,0.0,0.0,457.6663,328.88922,0.0,0.0,495.90192,317.155,249.59178,231.95222,259.87347,226.75406,183.25333,265.1612,189.60756,269.02502,77.935074,270.37494,79.743805,281.0846
496.861,253.03531,0.0,0.0,500.32916,245.9075,0.0,0.0,486.77954,225.99164,422.10242,214.95367,438.9845,238.0292,419.78152,272.16415,451.14386,335.63086,0.0,0.0,493.5735,308.05005,242.64223,234.40886,253.14464,231.85947,195.12277,278.52963,205.63959,285.3508,100.435074,279.7231,100.62669,290.9189
496.8963,253.21771,0.0,0.0,500.21796,246.27737,0.0,0.0,486.84967,226.19534,422.1645,213.28802,439.02625,237.84296,419.9496,270.99832,451.38928,336.26724,0.0,0.0,493.84402,308.2272,242.01814,233.39378,252.59378,231.52817,195.46667,277.31927,206.49689,284.9855,102.24306,279.3144,102.05441,290.99823
496.8255,253.11307,0.0,0.0,500.205,246.1771,0.0,0.0,487.00684,226.2029,422.75693,213.49353,439.06268,237.99413,0.0,0.0,451.2259,336.44763,0.0,0.0,494.06555,308.14273,242.91693,233.30064,253.13007,231.50818,196.97218,275.96802,207.83578,283.7384,103.95119,278.53662,103.92142,290.52228
497.3318,252.72626,0.0,0.0,500.82874,245.63458,0.0,0.0,487.79752,225.71541,422.82574,214.8184,439.85873,237.47975,420.5,272.68863,451.5217,335.62976,0.0,0.0,492.79675,308.6908,242.29332,234.36154,253.01266,231.53683,194.88661,277.92596,206.0035,283.9782,101.13266,280.05545,101.037,290.08774
491.5522,256.4099,0.0,0.0,494.9533,248.54214,0.0,0.0,481.4888,226.78188,423.66183,220.23938,439.78412,236.94797,0.0,0.0,457.3864,327.3342,0.0,0.0,491.646,320.1451,252.23189,233.24765,262.81104,227.25371,182.40724,264.41174,189.21951,267.37558,77.84152,269.71692,79.57124,279.38358
497.18076,253.5766,0.0,0.0,500.4823,246.50433,0.0,0.0,486.92438,226.35255,422.66635,215.10794,439.60028,237.62817,420.7198,272.42194,452.20624,335.0836,0.0,0.0,492.70398,309.4021,243.81728,233.94167,254.4612,231.04901,194.85298,278.17813,205.90019,284.04132,101.98059,280.1647,102.03552,289.77972
497.30054,253.61993,0.0,0.0,500.6718,246.42279,0.0,0.0,487.2543,226.2915,423.13684,216.13934,439.8091,237.52017,420.6902,273.71823,451.99826,334.85852,471.49866,297.62988,492.92807,309.70337,243.54492,233.89168,254.0025,230.48055,195.14088,279.5868,206.05508,284.76544,101.12569,281.11063,101.340866,290.40668
497.06952,253.87405,0.0,0.0,500.58728,246.72787,0.0,0.0,487.35596,225.98756,422.85712,214.72296,439.42975,236.88815,420.16608,272.4222,451.63043,335.00137,0.0,0.0,493.37402,310.223,242.29445,234.48213,252.57574,231.39676,193.36118,281.0721,203.99765,286.93597,99.40033,280.21576,99.533585,290.35855
496.85464,253.68399,0.0,0.0,500.4423,246.5061,0.0,0.0,487.42752,225.59311,423.16058,214.75117,439.79126,236.2464,420.1253,272.77527,450.8486,334.18088,470.50372,297.83817,491.8028,310.98306,244.6417,234.04608,255.12982,230.7417,195.45245,279.09778,206.23987,284.5366,101.72725,280.29324,101.68083,289.96683
496.2069,254.48108,0.0,0.0,499.8192,247.30054,0.0,0.0,487.31458,226.2641,423.60834,215.53902,440.3132,236.50366,420.27423,274.07938,450.7543,334.55542,470.8803,298.12033,491.9182,311.67786,246.14229,234.01685,256.7482,230.50517,197.07733,279.31763,208.00548,284.3066,103.284485,280.73926,103.246124,289.85663
496.28253,254.19281,0.0,0.0,499.88397,247.32825,0.0,0.0,487.77075,226.71326,423.74417,213.92897,441.04056,236.72046,419.74725,270.7243,450.8502,333.93634,470.64948,297.51688,492.1682,311.76138,245.97743,231.24962,256.9937,228.5627,196.78363,278.52713,208.3569,284.82074,104.065445,280.49393,103.82466,290.71506
496.08093,254.12183,0.0,0.0,499.63177,247.25604,0.0,0.0,487.45288,226.69809,423.9776,214.12903,441.28894,236.77069,419.91266,270.38123,450.98218,333.41873,470.23288,297.5898,491.87244,311.759,247.91696,231.1802,258.97852,228.44597,197.86931,277.82602,209.38167,284.0829,104.650665,280.7311,104.578705,290.87094
495.89905,254.18402,0.0,0.0,499.41925,247.40674,0.0,0.0,487.2326,226.97437,422.14294,213.29066,441.02222,237.31232,419.12347,269.79816,451.1259,334.60458,471.83252,298.10162,492.84662,310.8587,244.40869,230.68639,256.4649,228.59511,196.09013,278.32996,208.58658,285.72955,102.99446,280.02344,102.76784,291.0858
496.19727,254.39734,0.0,0.0,499.77777,247.51025,0.0,0.0,486.93927,226.26416,421.0496,212.03735,439.82288,236.6033,419.35562,269.46216,451.9635,335.22842,0.0,0.0,494.82233,309.57178,241.51955,231.87872,253.37622,229.9083,192.50458,277.22244,204.52658,285.04755,98.958405,277.49515,98.678665,289.08344
497.5327,254.13834,0.0,0.0,500.84344,247.2493,0.0,0.0,487.2058,226.085,422.4647,211.91235,439.9063,236.4025,420.36386,269.6276,452.00183,335.1001,0.0,0.0,494.24207,309.3472,244.25548,232.04123,255.27939,230.0068,194.06339,276.38382,205.68848,283.63898,100.32619,277.90314,100.07042,288.41345
497.4546,254.34045,0.0,0.0,500.76764,247.39859,0.0,0.0,486.99658,226.0736,422.1751,212.04462,439.43192,236.401,420.4342,270.29416,451.5783,335.6103,0.0,0.0,494.61707,309.2825,243.39548,233.22913,254.22372,231.13834,193.33624,277.88623,204.97986,285.24283,98.67415,278.00052,98.51851,288.67892
497.823,254.0199,0.0,0.0,500.98474,247.15125,0.0,0.0,486.73825,226.12276,422.0438,211.89227,439.69623,236.71034,420.24066,270.11356,451.78568,335.5106,0.0,0.0,494.3899,309.2566,246.33951,232.94727,257.4879,231.28761,196.26207,275.7982,208.18825,283.72314,103.04576,277.5797,102.89473,288.64908
497.724,253.99884,0.0,0.0,500.846,247.12741,0.0,0.0,486.60828,226.25122,422.1446,212.23514,440.03186,236.81558,420.05328,270.061,451.8919,335.1388,0.0,0.0,494.0423,309.76306,247.24461,232.31425,258.5937,230.53722,196.48502,275.1825,208.48936,282.92386,103.28763,277.85062,103.16145,288.7332
497.46832,253.98636,0.0,0.0,500.71454,246.90045,0.0,0.0,486.80737,225.918,422.1341,213.55054,439.86108,236.97769,420.0307,272.7802,451.62473,336.33826,0.0,0.0,493.7752,309.85416,246.10909,234.87866,257.30252,232.57462,196.78651,278.3232,208.49036,285.2773,102.29141,279.5547,102.382385,290.05008
497.96124,253.70181,0.0,0.0,501.26544,246.44281,0.0,0.0,486.91635,225.2319,422.01514,213.94438,439.18176,236.5996,420.31342,273.93463,451.75073,336.4874,0.0,0.0,494.05078,309.44843,245.37747,235.9923,256.11087,233.41302,196.71997,278.70694,207.80469,285.2802,102.54414,279.4449,102.67821,289.91824
497.51703,254.40033,0.0,0.0,500.89545,247.20593,0.0,0.0,486.78058,225.46382,421.3537,212.52576,438.57278,236.60893,419.95145,273.23294,452.03564,337.94095,0.0,0.0,495.10614,308.1678,242.55402,234.84975,253.32924,232.882,194.62366,276.73398,205.70401,284.48383,101.01878,277.59448,100.87216,289.50623
497.7328,254.54199,0.0,0.0,501.11646,247.23303,0.0,0.0,486.89087,225.51004,422.44275,213.52405,439.06152,237.0708,420.0987,273.92285,452.9802,338.08704,0.0,0.0,495.51923,307.8856,246.19548,235.52603,256.61627,233.34071,197.43132,273.5632,207.66188,280.3744,104.52339,277.9204,104.5844,288.81613
497.94147,255.05496,0.0,0.0,501.42444,247.28207,0.0,0.0,486.57434,224.70386,422.08575,215.21431,437.8617,235.87007,419.96347,276.8617,452.59464,337.35162,0.0,0.0,494.052,309.1818,244.1084,236.6288,253.84714,233.17374,196.43633,276.91565,205.54353,282.25906,101.83539,278.565,102.305786,289.1596
497.97906,254.81702,0.0,0.0,501.53836,247.05469,0.0,0.0,487.02826,224.68922,420.66272,215.02043,438.36487,235.53305,419.34906,276.6874,452.7223,337.0918,0.0,0.0,493.56952,309.4758,240.76721,235.22412,251.81161,231.49828,194.73576,279.45923,205.02608,283.99417,100.031845,281.599,100.20268,290.6454
498.27792,254.82422,0.0,0.0,501.74164,247.04932,0.0,0.0,487.21967,224.78027,421.3852,215.44478,438.63382,235.63254,419.9558,277.42245,452.83276,337.23077,0.0,0.0,493.8534,309.8783,241.60396,235.6842,252.38779,231.81165,195.67105,279.60242,205.94174,283.7673,100.53389,281.76935,100.68024,290.30704
498.7565,254.8699,0.0,0.0,502.13812,247.03775,0.0,0.0,487.2757,224.72223,421.04953,215.44043,438.49954,235.59666,419.8981,277.8339,452.74408,337.5272,0.0,0.0,493.391,309.78384,240.36893,235.68134,251.29416,231.7755,194.9126,278.74588,205.30197,282.83017,99.7516,281.37228,99.62749,289.71564
498.29083,255.23782,0.0,0.0,501.83923,247.29184,0.0,0.0,487.19977,224.205,421.28036,214.73927,438.103,235.1368,419.58325,277.38745,452.7481,337.96973,0.0,0.0,493.28046,309.01056,241.18106,235.31937,251.74097,231.64104,197.57335,275.7885,206.83173,280.3294,100.80249,277.5096,100.85098,287.23074
498.64545,254.81769,0.0,0.0,502.31818,246.8158,0.0,0.0,488.15564,223.85362,422.93567,215.14105,439.58636,234.92058,420.57007,277.3567,453.0458,337.35385,0.0,0.0,492.11426,309.45566,244.64749,236.35185,255.17972,232.33522,199.02832,271.4653,208.23882,275.51022,100.979004,275.94632,101.36749,285.155
500.0323,255.3233,0.0,0.0,503.72635,247.28128,0.0,0.0,489.27026,224.62292,425.4289,217.76895,440.36694,235.5814,421.37805,280.5801,452.71448,337.00388,470.8161,298.6895,491.22455,309.06378,248.11238,235.63158,257.5758,230.68214,199.14049,275.31326,207.5181,278.04037,101.08226,277.6365,101.46448,285.8022
501.41553,253.81537,0.0,0.0,505.15125,245.81122,0.0,0.0,491.034,224.75266,429.30664,221.23499,443.46283,236.46034,423.43396,281.24835,452.82736,333.32614,470.90036,298.14954,490.2393,307.97766,256.65466,236.3524,265.80112,230.27516,204.52704,275.506,212.76254,276.41382,104.72032,278.822,105.54089,284.87418
503.3011,252.63342,0.0,0.0,506.1298,244.6865,0.0,0.0,490.17206,224.07884,429.06262,219.1065,442.96567,236.38672,423.46814,280.2934,453.4452,334.71628,471.3819,297.93225,490.83636,307.71323,256.36993,235.71196,265.28317,230.73564,206.49768,271.45972,215.34567,274.137,105.13684,276.49417,105.53516,284.03738
502.9281,252.60648,0.0,0.0,505.9146,244.8107,0.0,0.0,490.0783,224.03432,428.62906,217.82591,442.34808,236.3732,423.90518,278.07895,453.37997,334.8417,471.44867,297.90692,490.45154,308.05576,255.84924,235.14835,264.6568,230.7315,205.76425,272.86996,214.34393,276.32898,106.41257,277.41788,106.793686,285.66437
502.38745,252.45584,0.0,0.0,505.485,244.79166,0.0,0.0,489.91742,223.738,428.71918,216.85976,441.3934,235.75629,423.95612,277.2121,452.55978,334.48782,471.57867,297.92154,490.6502,308.6435,254.5316,235.59746,262.5869,231.23784,202.26122,278.1105,210.45544,281.61133,105.35054,279.82962,105.56189,287.99417
502.07483,251.30914,0.0,0.0,504.68573,243.98314,0.0,0.0,488.90045,224.08116,427.26657,215.04736,441.01703,236.61285,423.55447,275.0783,452.5517,335.84927,0.0,0.0,491.73563,308.76144,252.41562,234.48734,261.21606,231.23347,201.80821,275.41226,211.35403,279.88196,105.453476,280.2553,104.58243,287.8681
500.7881,252.70633,0.0,0.0,503.60995,245.40051,0.0,0.0,488.13577,224.85864,425.6565,214.50218,440.19604,236.78043,422.6206,274.04892,452.39767,336.14117,471.2933,297.92294,491.44073,309.16272,251.68762,232.53912,261.08377,229.8514,204.87993,271.6144,214.49117,276.91443,109.31412,277.8148,108.56531,286.6474
500.6319,252.29416,0.0,0.0,503.495,245.03482,0.0,0.0,488.63422,224.66603,426.03436,213.79602,441.42084,236.6135,422.07715,271.79263,453.10507,335.13382,471.2855,297.18713,492.0072,309.38458,251.56198,231.21413,261.48083,228.68365,205.10776,270.07095,214.97,275.51813,108.94406,275.93747,108.24556,284.8284
500.22302,252.9483,0.0,0.0,503.34344,245.79333,0.0,0.0,489.29456,225.19028,427.71713,213.68184,442.645,236.8482,422.37097,270.1787,452.55164,334.618,470.70236,296.61536,490.93387,309.71402,256.57556,229.8667,266.3351,227.51094,208.70593,267.7787,218.0635,273.22546,111.94031,274.80066,111.363785,283.67404
496.44702,256.87924,0.0,0.0,500.31616,248.71893,0.0,0.0,487.34906,226.02275,428.4888,219.95512,441.40747,236.15215,421.22772,276.57346,451.29803,332.60846,470.29926,297.20352,488.97833,311.83997,258.723,231.70706,267.0066,226.19554,210.32832,271.34476,215.98978,272.60266,108.91255,274.32318,109.72899,281.7333
494.17603,257.36197,0.0,0.0,498.99667,247.54987,0.0,0.0,484.89352,222.29315,424.46378,225.314,436.6554,233.0621,419.50558,287.21674,451.81934,332.3318,471.4627,301.0959,491.84918,312.3177,252.78406,236.63046,260.06094,227.6464,210.14996,278.05103,211.75282,275.0535,103.88962,274.85953,106.54677,281.92395
490.35974,260.29288,0.0,0.0,495.47845,250.40295,0.0,0.0,482.62158,223.73863,423.6114,227.09315,434.91855,232.39552,419.2103,290.36917,448.91446,331.7612,470.88068,302.59033,489.6776,314.9948,253.10484,238.71236,260.0015,228.6658,211.33357,279.81833,212.49298,275.54193,102.352844,274.75638,105.23154,281.0733
487.66525,260.4704,0.0,0.0,493.51962,250.5845,0.0,0.0,482.5288,223.92215,424.60257,228.92583,434.92062,232.3045,419.9464,292.01416,447.60672,331.13223,471.84552,303.08456,491.37335,316.57904,255.03111,239.08997,261.28625,228.16553,211.22282,279.5751,211.5913,274.38403,100.94835,274.1367,104.05066,280.19598
487.04352,263.24652,0.0,0.0,492.8509,253.51605,0.0,0.0,481.85107,225.48215,424.5559,228.10378,434.6715,231.71198,420.17987,289.7621,447.62314,329.0767,470.638,302.96484,489.8556,317.4216,255.90515,239.24751,262.03305,228.38297,209.62901,281.361,210.29898,276.2972,101.745514,275.0994,105.069016,280.8768
486.90155,263.70428,0.0,0.0,492.75122,253.98291,0.0,0.0,481.57535,225.89127,424.43124,228.19832,434.26355,232.19576,420.3308,289.25232,447.95956,329.55206,471.03336,302.6866,490.78076,317.15747,255.84299,239.00333,261.71487,228.31395,209.4431,280.89426,209.6681,276.16208,101.31009,274.2104,104.80008,280.4928
487.44266,263.13736,0.0,0.0,493.26447,253.2605,0.0,0.0,481.70837,225.31877,424.45264,228.15546,434.4299,232.26518,419.8004,289.96478,447.46988,330.69592,470.86227,302.50162,490.31763,317.53735,257.3797,238.04897,263.39093,227.60516,212.25313,278.36136,212.42882,274.13266,103.43823,273.015,107.03119,280.1639
487.2279,263.2914,0.0,0.0,493.15186,253.2633,0.0,0.0,481.5813,225.30035,424.35056,228.96506,434.01953,232.53142,419.5354,290.94867,447.33612,331.17258,471.29315,302.94742,490.4857,317.4402,256.43515,238.41464,262.14114,227.6896,211.4641,279.43277,210.95485,274.80222,102.288055,272.8797,105.8116,279.9005
487.16962,262.9447,0.0,0.0,493.1795,252.99142,0.0,0.0,481.92685,225.3761,424.79468,229.17966,434.42993,232.93188,419.8051,290.9105,447.49387,331.5513,471.5966,302.90125,491.2331,317.2537,257.24335,238.26794,262.97845,227.49767,211.27615,279.93866,210.75406,274.8994,101.80946,273.7922,105.176544,279.98773
487.87534,265.54968,0.0,0.0,493.83075,256.56464,0.0,0.0,482.70038,227.78494,422.12344,222.36244,433.88458,232.75214,417.1511,281.9379,449.92413,331.39185,469.0199,304.53085,491.86505,316.3298,249.09229,233.49426,256.1423,225.51888,204.44757,275.99463,205.12451,275.02475,102.1615,271.44928,104.489975,280.92007
488.2926,264.86948,0.0,0.0,494.3107,255.84268,0.0,0.0,483.15918,227.33075,422.37274,222.70166,434.2677,232.70966,417.27774,282.66537,450.22128,331.34244,469.242,304.76938,492.34146,315.9642,249.69102,233.54523,256.83716,225.45418,205.03165,275.71805,205.75067,274.69418,102.785904,271.0841,105.15657,280.66193
488.10025,266.42728,0.0,0.0,494.29163,257.39307,0.0,0.0,483.69186,228.17899,422.4717,224.22746,434.531,232.56429,416.96338,285.0507,450.29443,330.40326,468.733,305.1397,491.7049,315.1149,248.83212,236.9622,256.08478,228.1234,204.16692,280.95316,204.89807,279.06122,101.596085,272.76852,104.02342,281.9026
488.96722,264.8477,0.0,0.0,494.97504,255.65472,0.0,0.0,483.64194,226.79695,422.77924,224.11568,434.55975,232.08426,417.4181,285.34814,450.34418,330.34506,468.86258,305.1153,491.0509,315.05927,250.01674,236.26361,257.16,227.22783,204.59277,280.93985,205.1902,278.70523,101.23073,273.4419,103.782364,282.1967
488.94763,264.8012,0.0,0.0,494.93817,255.43774,0.0,0.0,483.12402,226.5929,423.1118,225.14742,433.91742,231.79498,417.17984,286.35486,450.5801,329.2601,468.0655,304.73953,492.14307,315.6285,251.86752,236.5389,258.2377,227.24403,208.38565,276.1107,208.02158,273.68478,105.22365,269.98477,107.8893,279.47928
488.46207,265.69583,0.0,0.0,494.6017,256.31766,0.0,0.0,483.16748,226.9585,423.0109,224.99504,433.7604,231.7297,417.13312,286.05264,450.45392,329.50433,468.33755,304.7744,492.52988,315.88263,250.92043,236.84972,257.20837,227.51788,207.56854,277.4524,207.0011,274.94388,103.84514,270.02783,106.614624,279.5055
488.77982,266.35065,0.0,0.0,494.841,257.00055,0.0,0.0,483.33038,227.44034,424.32022,225.57506,434.12476,231.8249,417.74625,286.47882,450.2402,329.08414,468.49622,304.8026,491.85645,315.89252,252.85945,237.24242,258.57462,227.56172,205.8982,279.0855,204.99402,276.16373,101.837616,270.99347,104.751816,280.05313
488.1399,268.15076,0.0,0.0,494.3694,259.13962,0.0,0.0,483.90564,229.13809,423.20612,223.67776,434.64978,232.52502,417.36404,283.71558,450.27383,330.38364,468.0213,305.0839,490.00262,316.15015,249.06586,235.80107,255.97626,227.10385,203.90477,276.46887,204.10713,274.7651,101.2182,269.3345,103.62564,278.75055
488.5085,268.0281,0.0,0.0,494.47775,258.94177,0.0,0.0,483.23285,228.87123,423.01938,223.0032,433.8923,232.05542,417.9389,283.20398,450.59464,329.97116,467.7995,305.08102,489.37787,315.8224,249.1435,233.8388,255.67484,225.50003,206.14552,273.9399,206.37367,272.9466,105.22304,268.68726,107.99036,279.21353
489.09637,265.66592,0.0,0.0,494.5648,256.2972,0.0,0.0,482.0969,227.22252,423.4099,224.77167,433.3192,231.75133,418.601,286.13843,450.54376,329.2513,467.77734,305.5728,489.83484,315.97913,250.59088,235.423,256.4592,226.16243,206.34686,275.32697,206.31801,273.18216,102.8047,269.4363,105.657455,278.92456
488.7312,266.66122,0.0,0.0,494.28656,257.4893,0.0,0.0,482.4005,228.48264,423.53677,224.71301,434.0302,232.58582,418.88086,285.1565,451.1848,329.5532,467.95807,305.29807,489.86444,315.66925,250.76683,234.90227,257.0307,226.00505,206.27129,274.24457,206.6311,272.53122,104.05629,269.15213,106.85777,278.74222
488.92307,266.58316,0.0,0.0,494.458,257.28488,0.0,0.0,482.28235,228.09683,422.99072,224.65938,433.82645,232.17358,417.98846,285.25336,451.51926,329.24695,467.76205,305.1474,489.98907,315.7067,249.3734,234.5437,255.74527,225.50595,205.0797,274.4375,205.27623,272.6412,103.24332,268.33118,106.00357,278.12372
488.96533,264.69452,0.0,0.0,494.71985,255.27106,0.0,0.0,483.03998,226.48198,422.2005,224.78079,433.47437,231.68015,417.80637,286.8825,451.46115,330.07022,468.51654,305.35785,491.20016,315.67468,244.81349,236.91055,251.35257,227.5708,203.60892,277.7446,204.07661,275.492,101.3683,268.91315,104.2856,278.5256
488.66437,264.76382,0.0,0.0,494.4662,255.20428,0.0,0.0,482.70972,226.1877,421.7483,224.54079,433.6113,231.49667,417.1425,286.94073,451.64682,330.65805,468.15298,305.33588,491.36108,316.18005,245.8901,236.36311,252.7839,227.10577,205.06042,275.9583,205.47151,273.74063,102.29404,269.65033,105.40782,279.35638
488.3476,265.4672,0.0,0.0,494.1335,255.92249,0.0,0.0,482.6167,226.56935,421.344,224.50145,433.57236,231.33984,417.07452,287.00903,451.33725,330.55414,467.7186,305.87967,490.22223,316.776,243.95398,237.4588,251.1131,227.9576,203.00845,277.5415,203.67851,274.91086,99.15492,269.9954,102.28404,278.9957
488.10144,265.6851,0.0,0.0,493.6408,256.5291,0.0,0.0,482.57962,227.92456,422.75018,223.48517,434.53058,232.7783,418.14642,284.18094,451.51282,331.4018,468.44562,305.1889,490.15118,316.54938,246.083,235.3905,253.09879,226.84595,202.99724,274.0404,204.1436,272.57504,99.84186,269.49338,102.712006,278.75177
488.0932,265.4546,0.0,0.0,493.5168,256.36362,0.0,0.0,482.53418,228.09325,423.7923,223.43117,435.28012,232.89847,418.5585,284.04196,451.6139,331.27325,468.39505,304.9214,489.6428,316.66898,249.68414,233.09291,256.64008,224.80533,206.6631,269.92303,207.83069,268.86884,103.8468,268.02545,106.557236,277.81918
488.46033,265.39178,0.0,0.0,493.71338,256.0805,0.0,0.0,481.49625,227.64273,422.65576,223.41397,433.7195,232.55698,418.32178,284.13196,452.05902,331.23285,467.6098,304.3333,490.34937,316.03256,248.71143,232.90128,255.24521,224.50542,206.88287,267.58725,207.46475,266.01892,104.65788,267.16974,107.366425,276.34872
489.09943,264.95752,0.0,0.0,494.65247,255.31485,0.0,0.0,482.3546,226.58563,422.9759,225.04979,433.85162,231.82428,418.41382,286.94968,451.6718,330.658,467.45245,305.31937,490.11206,316.5044,248.86858,234.80539,255.1972,225.3985,207.03134,270.19427,207.0371,267.41837,103.5123,268.2807,106.58214,276.98718
488.4887,266.34976,0.0,0.0,494.21362,256.4903,0.0,0.0,482.0314,226.7531,422.15582,225.6496,433.63727,231.23956,417.63202,288.9048,451.81778,330.96344,466.76047,305.4541,490.2296,316.57834,249.07175,235.82516,255.79459,225.95541,208.32777,269.29205,208.19653,265.90338,103.11046,268.33923,106.39896,276.95874
488.6419,266.704,0.0,0.0,494.26746,256.82468,0.0,0.0,482.0631,226.98761,423.06494,226.16531,433.8897,231.26872,418.52383,290.23138,452.13788,331.21228,467.26935,305.60022,490.33026,316.2269,250.57582,236.25912,256.89493,226.21439,209.3511,269.55423,209.15189,265.9911,103.98334,268.78677,107.3969,277.34302
488.52234,267.65918,0.0,0.0,494.1519,258.05756,0.0,0.0,482.5719,228.1951,423.71127,225.69824,434.84695,231.66649,418.41843,289.0067,452.1451,330.87546,466.80835,305.7201,490.08215,316.6014,251.23828,234.9631,257.81995,225.23744,208.57108,271.57892,208.92339,268.46524,104.61334,270.05984,107.687164,278.63998
488.346,268.01245,0.0,0.0,493.70288,258.21075,0.0,0.0,481.03693,227.81836,421.4859,225.50056,432.8802,231.28357,418.52805,289.82184,452.3201,331.56357,467.35535,305.78754,489.61868,316.52698,247.8867,236.19669,254.52034,226.54477,208.61372,273.2368,208.9164,270.4018,104.359665,269.78687,107.608185,278.98154
488.46695,268.04764,0.0,0.0,493.94415,258.2076,0.0,0.0,481.29456,227.70811,421.40927,225.69275,432.7116,231.21495,418.53818,289.68964,452.2161,331.30188,467.49084,305.7301,489.38812,316.23627,246.84598,236.27527,253.40778,226.44363,207.23529,274.4918,207.3483,271.52164,102.75215,269.90823,106.12392,279.16852
488.27307,268.2369,0.0,0.0,493.71057,258.39362,0.0,0.0,480.94177,228.14212,421.90237,226.81766,432.62714,231.50925,418.97092,290.28165,451.7871,330.57217,467.13226,304.7015,488.4135,316.1626,249.0422,236.2932,255.28214,226.19273,208.9,273.67612,208.90433,270.27042,105.17839,269.8971,108.672516,278.8068
488.28998,268.37436,0.0,0.0,493.84097,258.46872,0.0,0.0,481.08826,227.9657,421.6074,226.5358,432.676,231.53778,418.65512,289.58514,452.14996,330.8311,467.0344,304.10593,488.4571,315.96854,248.88835,235.81046,255.3356,225.87614,208.59937,274.85117,208.4879,271.84106,105.39307,270.37558,109.060455,280.00977
488.10785,268.79785,0.0,0.0,493.79504,259.1525,0.0,0.0,481.71176,228.60529,422.11566,225.599,433.24933,231.84267,418.62683,287.79514,451.721,330.88474,466.96454,303.44092,487.77332,315.9044,249.76491,235.09627,256.38007,225.73694,209.44844,273.74655,209.57683,271.41266,107.65463,270.19266,111.046555,280.24564
488.20795,268.6364,0.0,0.0,493.94348,258.90173,0.0,0.0,482.08936,228.38579,421.97455,225.41824,433.76968,231.81465,418.10876,287.77118,452.3767,331.30838,466.8024,303.93005,488.6362,316.06567,248.44359,235.68268,255.41559,226.21164,208.49812,271.1988,208.60402,268.41528,105.36543,269.17944,108.69571,278.45822
488.37988,268.57346,0.0,0.0,494.23584,258.92953,0.0,0.0,482.63757,228.39534,421.98337,225.10162,433.39215,232.01752,418.0454,286.7834,452.16867,331.65317,466.93216,304.27795,488.31668,316.39923,245.17139,235.48795,251.86584,225.99478,204.49329,275.60333,204.20259,272.72253,101.338,270.43155,104.78386,279.6386
488.47168,268.95447,0.0,0.0,494.17538,259.4552,0.0,0.0,482.54004,228.78777,421.8617,223.64246,433.69647,232.29062,418.6197,284.49008,453.07117,332.27313,467.25012,303.82816,488.0361,316.0365,244.95793,234.20818,251.97339,225.36998,203.63257,274.90396,203.63844,272.70212,101.546875,270.3111,104.9155,279.53674
488.62552,268.3328,0.0,0.0,494.1585,258.81143,0.0,0.0,482.0586,228.41467,421.00522,223.27972,433.2776,232.368,418.6258,284.71896,453.23456,333.06238,467.28336,303.96796,488.33667,315.90353,244.1261,233.89297,251.41724,225.24466,203.51326,274.16852,203.92244,272.04456,101.56854,270.36908,104.78497,279.23828
488.6023,268.10925,0.0,0.0,494.2511,258.7267,0.0,0.0,482.55884,228.60074,421.00586,222.9768,433.51404,232.62988,418.38257,284.3976,453.62238,333.22137,467.42554,303.81955,489.81952,315.19675,243.51859,233.3552,250.97073,225.0434,203.9347,273.92072,204.73634,272.2601,103.515884,271.09665,106.63338,280.44122
488.38986,266.79883,0.0,0.0,494.14484,257.6503,0.0,0.0,483.42963,228.55042,423.67426,223.73712,434.8092,232.90758,419.29932,285.21634,451.52023,332.52563,468.3282,303.73203,489.75757,314.81265,248.55243,234.15565,255.33603,225.60796,206.67213,273.16135,207.5063,271.08932,104.04825,272.73782,106.73746,281.34964
488.53763,266.10275,0.0,0.0,494.31946,256.83444,0.0,0.0,483.41577,227.75671,423.83246,224.0812,434.7466,232.43674,419.67908,286.6591,451.70715,332.58792,468.93658,304.13776,490.58426,314.65356,249.46979,234.48686,256.09128,225.6354,207.03008,273.2315,207.71753,270.85602,104.14218,272.70178,106.88585,281.2175
488.0601,266.72485,0.0,0.0,493.92206,257.38287,0.0,0.0,483.0539,228.00078,425.17065,225.22813,434.67325,232.38762,419.79456,287.98926,451.4596,332.1205,468.80835,304.13028,490.7597,315.07086,253.68414,233.84435,259.41217,224.64557,209.56396,273.31427,209.12181,270.631,107.04271,271.7491,110.05759,280.77304
487.9381,266.90488,0.0,0.0,493.91705,257.59167,0.0,0.0,483.3344,228.18564,425.65442,225.4127,435.01886,232.45993,419.80084,288.1593,451.1862,331.90872,468.86368,304.02264,490.7776,315.04712,255.58386,233.77159,261.23334,224.7113,212.09622,272.95987,211.60101,270.52164,110.63225,271.63098,113.63629,281.1362
488.222,266.94476,0.0,0.0,494.05304,257.77695,0.0,0.0,483.44147,228.30762,425.6193,224.3103,435.17166,232.47847,419.65286,287.0517,451.36877,332.4016,468.14273,303.48187,489.6813,314.66937,255.18071,233.65948,261.05505,224.9679,211.12227,272.91452,210.90619,270.69785,110.38039,271.78537,113.13501,280.9285
488.2614,267.9571,0.0,0.0,493.94464,258.8435,0.0,0.0,482.72504,228.62407,424.28748,222.61427,434.6303,232.12314,419.37988,284.9303,451.58374,332.53473,468.22113,304.02225,488.95715,315.15262,253.74088,232.70134,260.0753,224.48267,207.9071,272.51202,207.93242,271.12827,107.51251,269.35678,110.09996,278.8315
488.23434,265.9242,0.0,0.0,493.90698,256.73877,0.0,0.0,483.01538,227.39699,424.14532,222.84972,434.85046,231.77216,418.87506,286.77386,451.43948,333.02023,468.53424,304.5022,489.28503,315.12067,252.83295,232.06258,259.43665,223.73843,210.38548,271.20782,210.81467,269.45892,110.340195,270.14316,112.68149,279.40372
488.16968,266.1124,0.0,0.0,493.93793,257.0032,0.0,0.0,483.45215,227.62915,424.23682,222.47787,435.1524,231.74916,418.36487,286.59015,451.20993,333.23795,468.3599,304.75757,489.46735,315.10797,252.63184,231.2984,259.37634,223.20813,211.98375,270.96976,212.61742,269.44263,112.09828,270.6306,114.47562,280.18832
488.78308,265.44617,0.0,0.0,494.29343,256.15652,0.0,0.0,482.7932,226.94585,424.39203,223.36806,434.4463,231.59311,419.2366,288.11545,451.33447,333.05347,468.86023,304.49945,489.4946,314.42145,253.18042,232.62473,259.30948,224.03099,210.2149,273.32715,210.56894,271.34674,109.791245,271.44138,112.40451,280.6479
488.92438,265.36374,0.0,0.0,494.41663,256.01395,0.0,0.0,482.76547,226.95392,424.39926,223.98099,434.5918,231.87459,419.6643,288.56024,451.35657,333.0988,468.9267,304.4488,489.31375,314.5057,253.89844,233.54286,260.12042,224.786,210.88951,273.02484,211.24092,270.74686,109.819214,272.0052,112.47948,280.78946
488.80334,264.76047,0.0,0.0,494.4469,255.34836,0.0,0.0,483.1533,226.74953,424.81067,224.70914,434.91663,232.22455,419.7677,289.06528,451.06744,333.34918,468.98618,304.166,489.38007,314.83755,254.45857,233.9562,260.635,225.06221,212.83679,270.7991,212.89731,268.22812,110.670654,271.13663,113.27487,279.83325
488.75876,264.72006,0.0,0.0,494.57388,255.35504,0.0,0.0,483.72308,226.79843,424.90305,224.67221,435.4693,232.41367,419.6284,289.0558,450.74277,333.67206,469.25137,304.31052,489.23956,314.88513,254.65054,233.77673,261.1919,224.99655,213.02121,272.1939,213.3413,269.925,110.90654,271.76004,113.38771,280.80164
488.67178,264.90268,0.0,0.0,494.57593,255.49637,0.0,0.0,484.07373,226.89117,424.46692,224.65137,436.41144,232.4821,419.10202,288.87122,450.88593,333.73212,469.1772,304.16867,488.55734,314.6549,255.11096,233.30292,262.6286,224.60341,214.51936,270.90262,215.5329,268.77716,111.56593,272.39645,114.17177,281.55554
489.16013,264.06458,0.0,0.0,494.89423,254.68243,0.0,0.0,483.76605,226.16805,424.8838,224.09789,435.73444,231.98882,419.75845,288.67474,450.66205,333.3027,469.43692,304.4637,488.41223,314.37973,255.803,233.99088,262.5614,225.3227,213.59206,271.61514,214.14444,269.56705,111.40883,272.2581,113.9518,281.37793
488.85687,264.13556,0.0,0.0,494.70392,254.59332,0.0,0.0,483.5249,225.9143,425.22034,225.84862,435.22998,231.66264,420.1795,291.11667,450.443,332.52203,469.52032,304.49744,488.85294,314.51862,256.60052,235.75644,262.77664,226.22556,213.84099,272.9315,213.72884,269.87738,110.75104,272.0965,113.49602,280.90262
488.80176,263.67715,0.0,0.0,494.53476,254.10248,0.0,0.0,483.03394,225.44034,424.96698,225.0627,435.23596,231.37549,420.07086,290.5047,451.15988,332.66177,470.02142,303.9702,490.00827,314.40146,258.04138,234.90977,264.34903,225.75546,215.11552,270.79816,215.14671,268.43604,112.73172,270.82822,115.5383,280.41397
488.71155,264.05594,0.0,0.0,494.3225,254.52905,0.0,0.0,482.62573,225.64801,424.2746,223.98067,434.935,231.30212,419.96948,288.95633,451.2771,332.6364,470.1186,304.01956,489.60016,314.02905,256.69086,234.3488,263.21686,225.63745,214.42145,270.21466,214.74669,268.57202,112.31407,270.1943,115.108765,280.30753
488.7099,264.24042,0.0,0.0,494.17896,254.66028,0.0,0.0,482.28644,226.01534,424.68903,225.22,434.8543,231.62903,420.67172,290.5097,451.27264,332.5312,470.14145,304.10278,489.61224,313.9911,257.26782,234.4095,263.48608,225.32791,214.59097,271.2183,215.0473,269.28455,112.03563,271.4514,115.01988,281.54883
488.96008,264.2376,0.0,0.0,494.3379,254.76923,0.0,0.0,482.32837,226.38803,424.84628,224.83394,434.8911,232.22838,420.8622,289.56842,451.3806,333.06784,469.92816,304.36636,489.54486,314.26093,257.24008,234.0309,263.37418,225.33568,214.37172,270.1316,214.85503,268.5242,112.66904,270.7262,115.57199,280.70334
488.96695,264.27295,0.0,0.0,494.3091,254.8721,0.0,0.0,482.25275,226.53021,425.157,224.43198,435.0719,232.3999,421.17847,288.76038,451.34406,332.99237,469.9469,304.32224,489.51807,314.2137,258.88007,234.1112,264.94864,225.7521,215.53873,268.22638,216.048,267.1487,114.47943,269.92963,117.3931,280.31146
489.25793,263.42007,0.0,0.0,494.60956,254.01593,0.0,0.0,482.47736,226.09076,425.52142,225.17656,435.1356,232.2875,421.03452,288.9419,450.42096,331.6509,469.5816,303.9485,488.72186,314.21634,259.46228,235.5484,265.36755,226.80522,215.08122,269.92136,215.62155,268.44058,113.45792,271.5159,116.38353,281.6178
487.75076,261.59888,0.0,0.0,493.4963,251.5055,0.0,0.0,481.78412,223.31062,421.47986,225.81398,434.49677,230.99228,418.77686,290.47256,451.38156,332.8004,467.74716,303.4141,489.2226,316.544,249.31952,236.83104,257.21994,226.73238,208.81924,273.16592,209.29837,270.01996,100.80336,272.07043,103.6561,281.1808
487.76434,261.49414,0.0,0.0,493.51443,251.38092,0.0,0.0,481.91913,223.28784,422.0761,226.2467,434.8196,230.72404,418.685,289.83136,450.57013,331.11914,466.29776,303.7502,486.7544,318.0894,250.1576,236.57275,257.9506,226.13153,208.87209,272.3554,209.1388,268.7218,101.35962,272.1835,104.10687,280.8715
487.97595,261.33682,0.0,0.0,493.7307,251.23685,0.0,0.0,482.05884,223.40051,422.1531,226.5189,435.13245,231.18918,418.67584,290.01007,450.9368,331.63098,466.67352,303.89355,487.74963,317.9366,250.8773,236.3457,258.82965,225.94133,209.01804,271.79562,209.27544,268.05908,101.063995,271.89777,103.63521,280.20212
487.98633,261.37314,0.0,0.0,493.77985,251.2504,0.0,0.0,481.8979,223.41367,421.99832,226.81432,434.8141,231.3088,418.6445,290.4256,450.97833,331.72348,466.70798,304.2087,487.90625,317.65677,251.39066,236.75346,259.225,226.31206,209.48882,271.0878,209.47359,267.27,101.53073,271.55045,104.163956,279.81934
487.35925,261.21417,0.0,0.0,493.40826,251.28903,0.0,0.0,482.51562,223.54369,420.62488,224.9667,435.015,231.36867,417.27625,288.10495,450.73816,332.54773,466.8697,303.14874,488.84326,316.77148,247.67131,236.53003,256.46185,226.94284,209.19878,271.63226,210.0266,268.95956,101.19591,272.18628,103.746704,281.4986
487.1353,261.58112,0.0,0.0,493.30823,251.68564,0.0,0.0,482.5783,223.8267,420.93936,224.99939,434.62213,231.33812,417.43283,287.9294,450.34732,332.32983,466.90326,303.6762,488.94897,317.20724,247.18605,235.61104,255.50336,226.01091,208.91872,271.50476,209.23528,268.92126,101.38153,271.3075,103.89888,281.009
487.01514,262.00046,0.0,0.0,493.11182,252.05698,0.0,0.0,482.03073,223.99817,420.19183,224.8184,433.9264,231.40468,417.15405,287.4462,450.33643,332.43893,466.69186,303.6689,488.9254,317.55002,246.00674,236.01796,254.26924,226.55139,208.77988,271.53094,208.93686,269.0962,101.18382,271.06796,103.739365,280.936
486.98492,262.15182,0.0,0.0,493.0351,252.42816,0.0,0.0,482.3785,224.81116,420.67523,224.60892,434.74103,232.26758,417.45734,286.78516,450.5251,333.09564,466.9881,303.46118,489.0204,317.6826,247.11087,235.42633,255.711,226.43283,209.5667,269.39267,210.2691,267.50626,102.83922,270.68167,105.10762,280.64984
486.70264,262.28555,0.0,0.0,492.82635,252.60675,0.0,0.0,482.57187,225.15755,420.89352,224.8957,435.38177,232.57901,417.50397,286.3478,450.61383,332.88077,466.53015,302.96536,488.08017,317.86328,247.76466,234.91194,256.7381,225.84818,209.33804,268.31677,210.27269,266.2802,102.87747,270.77536,105.11081,280.44083
486.67767,262.18103,0.0,0.0,492.84668,252.268,0.0,0.0,482.64252,224.57437,420.9132,225.47562,435.677,232.20392,417.69235,288.23224,451.79767,333.63126,467.2682,303.3715,489.2743,317.98376,247.4208,234.76999,256.51526,225.22069,208.96507,268.021,209.59984,265.2479,101.734344,270.38144,104.13687,279.59113
487.03058,262.85965,0.0,0.0,493.23352,252.87976,0.0,0.0,482.75232,224.36096,420.33557,224.56693,435.16855,231.43423,417.43082,287.74063,451.41037,333.34976,0.0,0.0,488.68134,318.21597,245.6667,234.95712,254.78886,225.48328,208.44916,268.2945,209.00354,265.7365,100.833374,269.86194,103.32355,279.4077
486.86102,263.85446,0.0,0.0,493.02338,253.78763,0.0,0.0,482.22986,224.65382,419.8924,224.70613,434.46793,231.03777,417.33774,288.26343,451.2364,333.1034,0.0,0.0,488.3145,318.37787,244.91913,235.4215,253.81027,225.71086,207.95715,269.3075,208.3309,266.5298,99.56375,270.1131,102.272995,279.64032
486.96173,263.8405,0.0,0.0,493.10968,254.10004,0.0,0.0,482.96204,225.6857,420.94308,224.89468,435.63617,231.9318,417.61642,287.48285,450.63153,332.7065,465.8958,304.3346,487.32236,318.33725,246.50272,235.1849,255.6307,225.69919,207.74724,268.65814,208.95631,266.003,100.79755,270.8984,103.10657,279.7739
486.96185,263.95877,0.0,0.0,493.0617,254.27936,0.0,0.0,482.97693,225.85707,421.32166,224.77597,435.79797,232.01508,417.61438,287.32727,450.52515,332.70392,465.93115,304.39462,487.1374,318.5792,247.42941,235.11194,256.42435,225.76263,208.2148,269.28253,209.44707,266.8389,101.75661,271.05304,104.08716,280.1405
487.51434,263.71725,0.0,0.0,493.14496,254.05743,0.0,0.0,481.79608,225.64075,420.76932,223.5451,434.82574,232.13545,417.6684,286.26758,451.2017,333.6797,466.08154,304.00967,488.15015,318.0646,248.00787,234.95587,256.71414,226.13867,207.98701,267.64014,209.17348,265.47964,101.50252,270.50897,103.74933,279.1049
487.5865,263.6748,0.0,0.0,493.24896,253.96643,0.0,0.0,481.90094,225.32195,420.81415,223.06783,434.8466,231.73387,417.6215,285.71136,451.51794,333.47708,465.74176,304.06445,487.88058,318.1333,247.77344,234.34871,256.4469,225.55731,207.98067,267.71542,208.93182,265.61713,101.54912,270.209,103.8907,279.0309
487.64383,263.77872,0.0,0.0,493.3865,253.9924,0.0,0.0,482.0428,225.34468,420.85336,223.58163,434.64798,231.80066,418.06778,286.7327,451.4105,333.89893,466.4105,304.28348,488.17816,317.76074,247.41045,234.612,255.93047,225.61699,208.23285,266.6197,209.0221,264.24988,100.90259,269.66318,103.28375,278.35013
487.76266,263.19525,0.0,0.0,493.41013,253.27707,0.0,0.0,481.43945,224.7169,421.10837,224.43172,433.64514,231.44698,418.74152,288.4662,451.1571,333.74762,466.5899,304.25687,488.93805,317.90112,247.84152,235.84224,255.49155,226.33702,207.69557,267.44452,207.9493,264.52512,99.484116,269.74,102.085815,278.24454
487.73785,262.89056,0.0,0.0,493.42163,253.00354,0.0,0.0,481.7929,224.61191,421.65347,224.7334,434.19424,231.293,418.85065,288.7545,450.79428,333.21304,0.0,0.0,488.67242,318.11862,248.74338,236.33691,256.4547,226.61313,208.30193,268.40515,208.71523,265.23886,99.05444,270.39783,101.64723,278.7467
487.4842,263.28522,0.0,0.0,493.0121,253.29108,0.0,0.0,480.93036,224.83774,421.3225,226.0442,433.50922,231.2345,418.77032,290.92944,450.75275,332.80222,466.41113,304.0276,488.5814,317.57028,249.15372,236.32985,256.6328,226.17268,209.60728,267.99884,210.02344,264.34985,100.60707,270.3024,103.29784,278.56323
487.46454,263.5381,0.0,0.0,493.0653,253.51282,0.0,0.0,481.37817,224.79471,421.2885,225.96342,433.914,231.02206,418.5428,291.61276,450.62042,333.29712,466.84384,304.15662,489.21198,317.6819,248.19794,236.74397,255.98315,226.52975,210.00255,269.46054,210.82603,265.82355,99.552246,270.8167,102.31889,279.2129
487.38507,264.0955,0.0,0.0,493.01294,253.83524,0.0,0.0,481.18283,224.88359,421.52515,228.12315,433.9073,230.85144,419.0071,294.02847,450.67676,332.2368,466.92813,303.97128,488.7154,317.9699,248.93266,239.31186,256.45676,228.09082,210.37733,272.03326,210.8046,267.1752,98.63991,272.6866,101.66768,280.41928
487.20944,263.47006,0.0,0.0,492.90692,253.28122,0.0,0.0,481.27673,224.55823,421.20795,227.50113,434.23676,231.20137,418.38715,293.49936,450.74762,333.2691,467.17538,303.88806,489.1306,318.1068,250.14514,239.05147,258.10852,228.41469,211.92859,271.82248,212.55194,267.8795,100.912476,273.194,104.04584,281.96567
487.32062,263.65717,0.0,0.0,493.00116,253.47092,0.0,0.0,481.3111,224.80795,420.65784,227.5185,434.4516,231.47974,418.28186,293.04062,451.3752,333.39706,467.45044,303.88193,489.3711,317.95416,248.97177,238.06389,257.38416,227.4801,210.90689,273.02853,211.86679,269.09244,100.503204,272.87857,103.64519,281.405
488.0857,263.0211,0.0,0.0,493.6359,253.02509,0.0,0.0,482.014,224.71432,421.96655,226.02594,434.84857,231.5261,417.7824,290.69568,450.9698,333.41116,467.16644,304.16714,489.439,318.24408,249.36519,235.98117,257.23376,225.92644,210.38467,272.9261,211.19933,269.1742,100.75043,273.2616,103.81639,281.38058
488.46124,262.96564,0.0,0.0,493.90976,253.24326,0.0,0.0,482.4555,225.008,422.6391,224.54575,435.6158,231.67448,418.02014,288.7413,450.69135,333.50354,467.02133,304.2764,489.17834,318.18805,250.40105,235.14603,258.40604,225.72699,208.96443,272.4447,210.30481,269.69937,100.16603,272.6619,103.002045,281.20798
488.55994,263.2093,0.0,0.0,493.9685,253.6824,0.0,0.0,482.69952,225.43706,423.299,223.9355,435.89893,231.80095,418.42856,287.86832,450.65308,333.36945,467.30536,304.45953,489.10162,318.09476,251.4639,234.62564,259.2263,225.59047,209.10596,273.48553,210.60228,271.34622,101.88577,272.79956,104.699554,281.80972
488.75284,262.88745,0.0,0.0,494.07666,253.37823,0.0,0.0,482.7422,225.39758,423.60214,224.29858,436.0534,231.93944,418.91833,288.83954,450.914,333.6041,467.49414,304.56693,489.37436,317.74963,252.16356,234.98273,259.88986,225.86478,209.71512,272.08102,211.42046,269.72458,102.66078,272.7864,105.3629,281.39005
488.81842,262.73746,0.0,0.0,494.11914,253.13733,0.0,0.0,482.4287,225.29178,424.35156,225.32321,435.67697,232.1886,419.62064,289.99567,450.73312,333.51282,467.56647,304.6287,489.44672,317.75226,254.79604,236.61331,261.76266,227.29144,211.8418,271.2477,212.82234,268.63974,104.74028,272.78366,107.69504,281.423
488.64337,263.2539,0.0,0.0,494.0842,253.6666,0.0,0.0,482.84134,225.96143,425.27393,226.54744,435.9277,232.58691,420.0498,290.4903,449.73782,332.73816,467.26062,304.6585,487.7323,318.24887,255.48807,237.29512,262.05078,227.60364,212.72272,270.7774,213.22203,267.5958,105.74257,272.29688,108.46875,280.48477
489.37482,262.9278,0.0,0.0,494.77155,253.42578,0.0,0.0,483.10327,225.48645,424.67346,225.1388,435.39612,231.83905,420.03986,289.80124,450.0088,332.50604,466.30945,305.34445,487.8504,318.26047,252.71153,236.49197,259.31635,227.10582,209.88872,269.3194,210.61958,267.15515,103.651886,269.7861,105.9989,279.22607
489.41327,262.46164,0.0,0.0,495.2425,252.92621,0.0,0.0,484.35117,225.54063,426.2469,226.54544,436.828,232.6146,421.3226,289.92303,451.25192,332.24612,467.92392,305.04132,490.18787,317.2921,256.1925,236.22058,262.69302,226.56876,212.75528,267.3667,212.94167,264.53342,106.79187,270.5765,109.38321,279.39587
489.1192,263.62567,0.0,0.0,495.1509,253.97385,0.0,0.0,484.61978,225.82513,427.59213,227.65286,436.72055,232.06665,421.6952,291.15305,450.17728,331.23978,467.59897,305.38965,488.48886,318.00885,257.01035,236.47324,262.5497,226.0404,212.1122,270.65094,211.11014,267.0554,105.27695,270.41486,107.99925,279.34622
488.27124,264.37534,0.0,0.0,494.4895,254.85065,0.0,0.0,484.68695,226.71347,427.28925,227.5922,436.99554,232.76648,421.35104,290.22253,450.29822,331.66043,467.9924,305.1345,489.21295,317.8766,256.36804,236.01743,262.28998,225.92554,212.2921,270.22913,211.43945,267.16022,105.68585,269.99905,108.312225,279.47955
488.4887,262.63156,0.0,0.0,494.3011,252.64896,0.0,0.0,483.0827,225.00125,425.01294,227.83832,435.40024,232.23822,420.69174,291.5355,451.62296,332.306,467.1771,305.21988,489.81702,318.35474,251.98108,235.60219,258.10876,225.2392,211.39784,269.38736,210.58301,266.15063,103.585205,267.47192,106.626785,277.22598
488.53406,263.28342,0.0,0.0,494.56546,253.21503,0.0,0.0,483.8896,225.32872,426.38336,229.51834,436.28015,232.06264,421.09067,293.1358,450.7268,331.2211,466.6419,304.8395,488.30655,318.56808,254.4129,236.93375,260.35242,225.6629,212.60509,271.01605,211.51193,266.41174,102.82228,269.43472,106.0963,278.0491
488.6835,262.1298,0.0,0.0,494.56772,251.89966,0.0,0.0,483.67096,224.09238,428.12738,230.39015,436.63397,230.29495,422.1995,294.1736,449.00284,327.3278,463.68616,304.9462,483.01956,319.7387,258.5125,237.09505,263.68405,224.98679,216.66895,269.66684,215.30496,264.62674,108.12236,269.517,111.66429,278.72235
491.12857,260.69452,0.0,0.0,496.93463,250.11383,0.0,0.0,485.25583,222.26009,429.86804,230.68956,438.1806,229.07166,423.0646,296.48737,450.3905,327.17703,463.64355,305.23758,483.22894,318.99097,262.36325,238.12146,267.4461,225.36758,219.38382,267.21512,217.89157,260.932,110.014725,270.71542,114.014175,278.6763
492.10608,262.44992,0.0,0.0,497.56433,252.67892,0.0,0.0,486.424,225.59795,428.4579,227.53094,440.53485,232.74683,421.22772,292.57693,453.36188,332.93127,467.9858,303.86948,492.22473,315.5408,259.4696,236.84026,266.95984,226.66925,215.40305,267.73413,217.00632,264.01035,105.570496,270.6485,108.31343,277.9856
496.83655,259.79675,0.0,0.0,502.07382,250.37732,0.0,0.0,491.287,225.41563,431.75623,225.86496,446.12317,233.60706,421.3298,284.9417,453.6568,330.04477,466.9871,299.96155,489.80573,314.98767,261.40714,232.65826,270.6657,222.97385,214.33208,267.22116,218.40326,262.9514,103.71785,274.4359,105.758865,278.86093
498.41327,262.52957,0.0,0.0,503.41196,253.42233,0.0,0.0,491.5575,226.91129,430.5535,222.33252,445.57443,233.33157,420.59344,280.46707,453.38852,330.20102,466.01245,299.36826,489.5224,314.61115,260.3089,232.06554,269.9611,223.94362,213.82127,269.19144,219.01482,267.3417,104.22847,275.336,106.158875,281.6003
498.18002,261.7567,0.0,0.0,503.0629,252.28561,0.0,0.0,490.2077,225.90173,429.14502,223.67726,443.17126,232.88579,419.872,283.47372,453.58365,330.68906,465.73416,298.88608,490.88922,314.36475,257.61642,233.93793,266.34885,225.2064,214.09546,267.77026,218.08583,264.89352,104.14354,272.8392,106.23125,278.88382
499.58636,258.78885,0.0,0.0,502.9978,249.73926,0.0,0.0,487.7279,225.88083,430.46347,223.53731,442.05618,234.844,422.11456,284.21625,454.31937,332.4944,466.5787,298.03125,490.80832,313.04523,262.47473,235.71762,269.66266,228.09586,215.28949,266.99432,219.6339,265.37668,108.95166,275.92773,110.578354,281.7793
499.93527,258.88953,0.0,0.0,503.21347,249.88977,0.0,0.0,487.42957,226.14323,430.01013,224.09796,440.73587,235.44667,422.71964,286.09604,454.31857,334.15286,468.05157,299.08386,490.53986,312.671,259.0736,235.86647,265.66748,228.1841,211.38396,271.63284,215.50917,269.90652,106.46481,276.15683,108.18753,281.85934
499.216,259.6137,0.0,0.0,502.18668,251.01385,0.0,0.0,485.90808,226.93048,429.97202,221.2421,439.5872,235.44539,423.27036,283.35593,453.51135,334.87515,467.28488,299.4927,488.9043,313.2163,263.8319,234.04092,269.88562,228.04007,217.2199,264.7282,221.40976,265.127,116.13803,275.0949,117.61421,282.38168
500.19354,257.8733,0.0,0.0,502.74066,249.96512,0.0,0.0,486.8377,227.47385,432.14532,219.12929,440.80103,235.95969,425.1737,276.94595,452.752,331.95724,466.06384,298.98788,484.85327,314.16992,263.41086,231.60373,269.03735,226.3397,212.82881,266.6247,217.85593,267.76746,115.25899,276.03757,116.124405,282.47684
500.9093,256.65488,0.0,0.0,503.1513,249.07013,0.0,0.0,486.72345,227.55121,432.09302,218.55553,440.7669,237.02637,425.92462,276.7862,453.41324,333.35986,468.8797,298.943,487.29663,312.74573,263.67346,232.8049,269.3329,228.15942,210.16068,267.9366,215.81851,269.5812,114.49045,276.84088,114.71115,282.4991
500.42456,256.3603,0.0,0.0,502.62433,248.84296,0.0,0.0,486.5014,227.73462,432.91577,218.82553,441.53366,237.35712,426.28455,275.4869,453.31805,332.2269,468.31128,298.87054,485.99832,313.25345,266.67242,231.81172,272.36133,227.30876,212.96931,265.48175,218.3846,267.47562,117.48869,276.67145,117.78023,282.93607
499.98193,256.2055,0.0,0.0,502.1297,248.56516,0.0,0.0,485.4623,227.13799,431.67786,218.47455,440.26984,236.86456,425.75928,275.3932,453.5126,332.0101,468.03165,299.17896,487.05035,313.10547,265.8631,232.67004,271.44482,228.21352,213.87485,266.01892,219.06366,268.00217,117.85124,276.82016,118.41716,283.20697
500.20953,255.61032,0.0,0.0,502.12732,248.10059,0.0,0.0,485.71436,227.0576,431.48212,218.09302,441.0193,236.70352,424.6822,277.59613,452.54285,333.55862,469.1705,299.17654,488.1833,313.17804,265.20395,232.61124,271.46826,228.31535,213.08107,265.6045,220.02734,267.9292,115.7191,278.0473,115.91217,284.30414
500.4662,255.92542,0.0,0.0,502.13892,248.37787,0.0,0.0,484.47943,227.09622,429.13275,217.74033,438.77417,237.43025,424.34564,278.59573,453.5144,336.08875,471.3045,299.41455,491.78748,311.48206,259.68112,235.04071,265.63992,231.19302,207.75415,274.93143,214.77028,278.27435,110.455505,279.35223,110.95593,286.6216
500.41895,255.18488,0.0,0.0,502.5752,247.4408,0.0,0.0,485.30096,226.56348,428.95264,219.17528,439.15872,237.61418,424.14136,278.36652,453.24213,335.03497,471.34174,299.0879,492.84793,311.62668,258.68585,235.61281,264.81403,231.19543,207.14563,276.03952,213.79765,278.9985,107.83972,278.97098,108.78325,286.55157
500.57422,255.14252,0.0,0.0,502.75214,247.37234,0.0,0.0,485.52856,226.5111,428.6637,219.25955,439.48154,237.63792,424.01184,278.59314,453.6193,335.16745,471.45114,299.1159,492.85803,311.4545,258.16605,235.57935,264.69382,231.1216,206.88284,276.49115,213.83926,279.3915,107.72572,279.47766,108.70935,286.93362
500.59985,255.02197,0.0,0.0,502.6551,247.25854,0.0,0.0,485.20685,226.36238,429.421,218.99612,439.2302,237.56703,424.13705,278.60156,453.4234,335.3197,471.2077,298.70776,492.72757,311.59262,260.61536,235.43878,266.4966,231.28008,209.62985,274.6251,216.11336,278.01947,111.10983,278.4602,112.22055,286.81702
498.62732,256.25308,0.0,0.0,501.76602,249.06458,0.0,0.0,488.1067,226.05768,425.90198,212.1362,440.66248,234.56729,421.54584,271.47983,451.4323,334.12332,471.00027,298.36832,488.91907,308.6824,249.4007,231.0737,258.9652,228.15619,203.517,277.84048,213.21175,282.53174,107.115204,279.93533,107.137344,288.15005
498.7796,256.03976,0.0,0.0,501.92105,248.6818,0.0,0.0,488.05444,225.71498,426.919,213.62186,440.68597,234.7664,422.57477,273.50674,451.6466,334.27206,471.56796,298.4798,489.1322,308.2169,251.88486,233.19145,260.77203,229.76393,204.95616,279.18216,214.01553,283.2398,107.516495,280.36368,108.04689,288.29364
498.9281,255.8518,0.0,0.0,502.17883,248.4556,0.0,0.0,488.30127,225.41122,425.49106,213.29518,440.65112,234.55786,422.06915,273.28928,452.18317,334.3047,470.74484,298.25757,488.66138,307.5619,249.19931,233.61253,258.98648,230.1807,203.39877,279.02835,212.89366,283.21445,105.94075,280.33994,106.35237,288.41116
499.21503,255.26111,0.0,0.0,502.59018,247.79019,0.0,0.0,488.40802,225.26213,425.79266,215.09915,440.74255,234.95183,422.39597,274.6354,452.3355,333.19818,470.57898,298.7453,487.9618,306.83655,251.4245,234.46857,261.13043,230.44647,204.22318,278.66068,213.00128,281.9315,107.648026,280.71344,107.89728,287.94586
499.52988,255.02579,0.0,0.0,502.7829,247.53824,0.0,0.0,488.44366,225.37946,427.2264,216.0428,441.07184,234.89984,423.03073,275.2981,452.50006,332.1574,470.42395,298.56387,488.01883,306.86145,253.746,233.1676,262.72943,228.77829,206.05388,278.8161,214.34813,281.65213,109.214584,280.3461,109.64108,287.52502
499.39444,256.08182,0.0,0.0,502.95862,248.0658,0.0,0.0,487.76776,225.03845,427.88675,218.79651,439.04233,234.87311,422.95944,278.62848,451.83246,332.48398,471.0908,298.03015,490.3198,307.7058,254.88661,235.99455,261.81656,230.54948,206.62524,281.03537,212.46667,282.7897,108.20169,280.03802,109.595,288.0375
498.41257,256.93704,0.0,0.0,502.30255,248.59515,0.0,0.0,487.7364,225.42259,428.6419,221.86679,439.69528,235.29477,422.5428,281.35666,452.10052,332.14417,471.79846,297.6482,490.96173,308.42935,256.5811,236.25467,263.3714,229.5618,206.81729,282.49582,211.60152,282.6221,106.29796,279.8135,108.08417,287.1393
492.27863,260.42645,0.0,0.0,497.63135,250.25021,0.0,0.0,483.44156,222.55286,423.96323,228.09015,433.49426,230.64423,420.8404,293.1737,450.58417,329.79712,470.77716,301.1383,490.782,310.60477,250.9426,241.99527,256.3692,230.97498,208.59995,286.39417,208.645,281.9649,101.77176,276.39688,105.78134,284.61542
487.15863,265.9631,0.0,0.0,493.218,256.4363,0.0,0.0,481.54208,227.47066,426.31366,229.99681,432.38904,232.37086,421.8093,292.125,448.9552,328.64523,471.4596,302.26437,492.07233,312.91852,257.79178,240.46077,261.13837,229.30098,208.0327,286.5549,206.03703,281.89703,104.16214,273.6836,108.171875,281.92432
480.70383,274.44516,0.0,0.0,487.37494,267.5167,0.0,0.0,485.1005,240.17955,434.73907,228.75264,440.2771,238.76297,425.81586,277.81085,443.64697,322.7931,466.12915,304.77603,475.63055,314.75067,260.44064,233.17834,264.90323,224.33163,208.18727,280.17368,209.31819,278.14386,109.750046,275.8072,110.76633,283.07846
481.4123,269.23828,0.0,0.0,487.24817,263.4223,0.0,0.0,487.37308,238.73236,439.42984,220.06485,444.47357,237.18451,431.23056,263.43283,440.61154,318.12408,0.0,0.0,461.4587,314.70874,259.20105,227.19643,264.24353,220.80846,209.533,273.92728,213.69386,274.1945,115.44064,278.40472,115.5759,284.40234
483.13123,266.06418,0.0,0.0,489.00238,260.05603,0.0,0.0,489.50208,236.261,441.98938,219.56708,446.78555,235.85777,432.4266,259.97955,438.48584,313.77505,0.0,0.0,452.47977,312.70117,260.24905,226.83344,265.3221,219.80038,211.71056,274.17343,215.32709,273.16705,116.70009,281.5489,117.13939,286.10944
482.54272,265.38083,0.0,0.0,488.39282,259.3757,0.0,0.0,488.71497,235.99928,442.08203,220.00162,445.91034,236.47214,433.40854,261.35403,440.1473,315.87164,0.0,0.0,456.86856,312.48264,260.54407,226.35907,264.8258,219.46597,212.0625,275.23813,215.03717,274.50833,117.022736,281.30695,117.7001,286.4541
482.90726,265.9991,0.0,0.0,488.5255,260.10156,0.0,0.0,488.96085,236.72585,441.9984,219.36469,446.6629,236.53943,433.0986,259.78418,439.6338,314.94232,0.0,0.0,453.26776,311.34763,259.60788,225.55994,264.57178,218.8682,211.85307,275.30045,215.63696,274.63684,117.228,281.9928,117.70932,286.54718
482.1209,265.5107,0.0,0.0,488.4477,259.10663,0.0,0.0,488.81458,235.52663,440.87857,222.62903,446.34048,236.3306,430.49313,263.6259,439.52188,314.2567,461.6513,301.9289,455.62198,311.93234,263.13046,227.0551,268.35696,219.22264,214.91182,272.50897,217.32344,270.68558,118.797104,279.70706,119.660385,284.75375
480.90692,266.0557,0.0,0.0,487.0403,259.8164,0.0,0.0,489.28442,236.37286,442.86774,222.13943,449.75037,235.6369,0.0,0.0,440.10724,310.0232,0.0,0.0,446.55038,310.3479,264.07242,226.10545,270.61542,217.52582,214.05923,273.80267,217.1724,270.81708,116.87721,283.78293,117.80052,286.6539
483.45648,264.2336,0.0,0.0,490.6738,256.673,0.0,0.0,488.79153,231.65735,438.45163,226.34955,443.15955,234.70488,427.43903,272.77487,443.95557,317.46997,465.23608,302.06848,476.3619,314.1806,261.80054,230.31537,265.5648,220.71207,213.3753,277.37747,213.15442,274.02536,112.91481,278.00922,114.6257,284.76822
481.7796,265.79495,0.0,0.0,489.25183,257.93222,0.0,0.0,486.06268,233.23483,434.98746,232.56381,440.59058,237.17397,424.67657,283.6538,445.93085,321.57507,468.33875,306.0082,488.17395,315.70255,265.57086,233.51761,269.48346,222.87625,213.756,277.96426,213.10083,273.72647,112.46051,275.26733,114.40468,282.26813
484.22528,268.97147,0.0,0.0,491.17267,259.88376,0.0,0.0,483.1742,232.62737,429.78003,236.535,436.43213,236.47552,421.79572,294.96347,448.9445,326.65216,472.3011,304.13724,495.7685,314.90482,264.71866,239.45386,268.51746,227.4118,213.39894,283.27548,211.8195,278.03217,108.42888,272.29742,112.07115,280.82294
487.21832,268.00323,0.0,0.0,493.4925,259.0248,0.0,0.0,483.9975,230.89935,430.65298,231.82481,437.25784,234.04517,422.63513,291.14258,449.52103,326.45328,470.45276,300.41083,492.7704,315.90274,266.97733,237.95488,270.91748,227.02423,214.70216,278.3284,214.3559,274.61993,112.13826,271.28278,116.16441,280.9234
488.33502,265.60596,0.0,0.0,494.00113,256.08667,0.0,0.0,482.77307,227.6905,429.0033,230.30296,435.55237,232.24281,422.53363,293.65625,450.16534,328.0063,469.71844,301.6611,492.5816,314.76407,263.96576,239.90154,267.75732,229.09053,217.52974,277.9022,217.22421,274.3062,113.74086,271.4803,118.22089,281.53632
492.0343,264.0509,0.0,0.0,497.24374,254.64343,0.0,0.0,484.45837,226.61316,429.86554,227.08748,436.00787,232.35986,423.22287,289.98547,450.7132,329.9307,469.58826,299.10727,492.0694,312.35153,263.92386,238.3651,267.50272,228.86589,217.23401,276.46967,217.12721,274.04944,113.53386,271.96323,117.78165,282.15024
494.72934,263.20392,0.0,0.0,499.0846,254.35413,0.0,0.0,485.20367,226.94568,430.71838,223.43768,436.88544,232.49513,423.73758,287.0187,450.88495,331.17957,469.8186,298.18433,491.80408,311.03534,264.60178,236.81732,268.34064,228.91309,216.30133,276.95563,218.09087,276.14856,115.10208,274.70572,118.370056,284.4273
496.56177,261.97275,0.0,0.0,500.82648,253.23145,0.0,0.0,486.55536,226.15569,430.04062,221.48009,437.54645,232.64406,423.66022,284.5272,451.41913,332.09634,469.62613,298.16687,491.00732,309.8615,261.15924,236.81354,265.73935,229.60396,213.08145,277.54092,215.7811,277.5478,111.82347,274.8384,114.95535,284.43304
495.5569,262.83432,0.0,0.0,499.8076,253.87292,0.0,0.0,485.21716,225.8236,428.05615,221.22232,436.2746,232.00108,422.55426,286.01825,451.69818,333.11136,469.6982,298.6664,491.87656,310.2998,258.4141,237.52731,263.36057,230.24998,211.67227,278.0773,214.34048,278.54593,109.58551,273.96564,112.93466,284.7667
496.56915,261.74435,0.0,0.0,500.54694,253.08954,0.0,0.0,485.69543,225.69812,427.9103,219.26086,436.94165,232.33493,422.61566,283.93405,452.18976,333.67773,470.46722,299.24625,493.0838,309.51935,258.1583,237.1815,263.62607,230.85571,210.70833,278.00983,214.55568,279.54343,109.69388,274.00842,112.69362,284.61
496.0209,261.20096,0.0,0.0,499.9353,252.44974,0.0,0.0,484.95337,225.15277,427.7441,219.49466,436.1878,231.94087,422.74756,284.57306,451.8792,333.39993,470.1718,299.74695,492.49716,309.56714,257.801,237.44339,262.89407,230.79927,210.88075,277.28232,214.29495,278.15918,109.30678,274.0003,112.34862,283.91898
495.99567,261.20206,0.0,0.0,499.88144,252.5216,0.0,0.0,485.13492,225.48477,426.9009,219.33385,436.4848,232.37663,422.15515,284.6619,451.8725,334.27393,470.21686,300.0301,492.25748,309.65735,255.32553,237.49893,261.12265,231.01666,209.14627,280.2404,213.27647,281.35117,107.50157,275.44562,110.33183,285.27527
495.80524,261.0212,0.0,0.0,499.7833,252.41364,0.0,0.0,485.38812,225.5858,426.62415,219.08391,436.90625,232.5865,421.77884,283.40598,452.05392,333.93668,469.6053,299.63745,491.6858,309.63983,254.74306,236.69957,261.02655,230.37154,208.79457,280.27405,213.18286,281.55884,107.693634,275.98798,110.47472,285.9299
495.91095,261.2013,0.0,0.0,499.76013,252.78253,0.0,0.0,485.3073,226.07616,427.00003,218.14964,437.16168,233.10504,421.66284,282.18695,452.73395,334.72528,469.28845,299.45032,493.22937,309.54306,256.13126,235.20837,262.40015,229.53842,209.23297,278.45105,213.89561,280.58505,109.087494,275.55927,111.78427,286.03397
495.6848,260.85425,0.0,0.0,499.7094,252.39883,0.0,0.0,485.29044,225.69197,425.8948,218.82045,436.6334,232.83034,422.82834,284.01843,452.95544,334.53595,473.47885,299.40958,493.49197,307.31833,254.31084,237.21365,260.9334,231.30844,207.53822,281.51147,212.72684,283.7614,109.12314,276.31897,111.99739,287.15115
495.6919,260.8077,0.0,0.0,499.78247,252.28094,0.0,0.0,485.43665,225.39893,425.44232,218.77715,436.78265,232.44211,422.62247,284.47983,453.38425,334.4854,473.47894,299.94278,494.25198,307.40015,252.69165,236.82954,259.63116,230.76526,205.96954,283.84308,211.53174,286.3321,106.92348,276.83652,110.14168,288.32684
495.56268,260.90866,0.0,0.0,499.92572,252.4101,0.0,0.0,486.23926,225.34254,424.78247,218.49805,437.1361,232.00816,422.34808,283.39648,452.78455,333.7751,471.24902,298.75827,491.14038,307.60504,250.71054,237.10986,258.33353,230.86086,205.47667,284.1434,211.05919,286.362,105.85808,276.54608,108.67734,287.85794
496.02097,260.77795,0.0,0.0,500.527,252.0299,0.0,0.0,486.76364,224.65054,425.83325,219.28065,437.4384,231.73648,422.5696,284.66922,452.46106,333.84906,471.63806,299.11084,490.48944,306.84622,252.68503,237.42009,259.8144,230.7189,207.02452,285.2281,211.60468,286.7912,106.14215,277.3944,109.25665,288.562
495.52615,261.47528,0.0,0.0,500.19882,252.90543,0.0,0.0,487.2233,225.30724,426.10568,218.57703,437.60922,231.54509,422.27316,283.51096,452.25327,333.54703,471.26147,298.5076,491.43634,307.56024,251.58432,236.94864,258.6488,230.4263,206.72919,285.09146,211.59637,286.77374,106.19743,276.8321,109.13089,288.01486
496.0777,261.34387,0.0,0.0,500.7095,252.62076,0.0,0.0,487.28256,224.93517,426.1336,218.64053,436.83206,231.34595,422.82538,283.9438,451.59726,333.9457,472.1895,298.3411,490.59692,306.86417,249.99112,236.1394,256.51917,229.53189,207.45564,286.38156,211.80971,287.88513,106.54532,277.3357,109.455124,288.61472
496.36835,261.3186,0.0,0.0,500.94928,252.40497,0.0,0.0,487.12445,224.67218,426.52164,220.0311,437.00082,230.96078,422.74243,285.68228,451.26923,332.73233,471.7491,299.6264,489.57507,307.612,251.527,236.70836,257.9311,229.23712,207.1918,287.7277,211.14041,287.97092,105.294174,277.75037,108.28047,287.8227
496.3836,261.16193,0.0,0.0,500.7751,252.35043,0.0,0.0,486.73615,224.9631,426.26697,219.53976,436.87103,231.42023,421.94543,284.58328,451.12607,333.08865,471.70047,299.25452,490.18945,308.75433,251.0209,236.22687,257.44336,229.23312,206.4988,288.31174,210.8569,289.36758,105.4881,278.19736,108.6485,289.10635
496.74194,260.98212,0.0,0.0,501.0436,252.28644,0.0,0.0,486.9344,225.25186,426.6893,219.02493,437.43582,231.965,421.43863,283.25342,451.3205,333.22852,471.8263,299.1516,490.82336,308.62213,252.51968,234.9767,259.07092,228.45944,207.38318,286.64066,211.8103,288.0864,107.479965,278.5796,110.374664,289.47537
497.2845,261.0608,0.0,0.0,501.46213,252.27032,0.0,0.0,486.80255,225.02495,426.79044,218.94687,437.1668,231.62872,422.4853,283.37653,452.15314,332.8004,473.3758,298.21912,492.03,307.05664,252.14069,235.54697,258.36978,228.94138,206.6094,286.25342,211.01997,287.8004,106.7697,276.61353,109.62804,287.59866
496.31805,261.41614,0.0,0.0,500.61133,252.73907,0.0,0.0,487.0625,225.39049,427.2273,219.26347,437.58014,231.38881,423.02768,283.81723,452.7194,332.25262,473.36023,298.34326,491.7337,307.92914,250.61227,235.70694,256.92734,228.8087,206.02199,287.44406,210.57367,288.6228,107.055435,278.06204,109.77051,288.96106
497.0619,261.50714,0.0,0.0,501.03668,252.8085,0.0,0.0,486.58282,225.55992,426.70538,218.9978,437.26465,231.63672,423.13696,283.3845,452.861,332.5597,473.58008,298.69434,491.82645,308.0464,250.343,236.1274,256.73956,229.37436,205.72322,286.51538,210.51451,287.61737,105.54906,277.45935,108.18701,287.60196
497.03442,260.25073,0.0,0.0,500.8849,251.88205,0.0,0.0,486.53098,225.70358,428.1588,218.31937,437.82867,232.19675,422.23822,280.47562,452.60822,331.39664,470.40015,297.97968,491.5786,308.5298,254.48352,233.68726,260.34555,227.47849,207.65642,282.1864,212.04045,283.64743,109.19348,276.81543,111.729065,286.96948
498.08545,259.5399,0.0,0.0,501.69977,251.039,0.0,0.0,486.78574,225.41248,429.07614,218.95134,438.22336,232.44142,422.8155,280.59875,451.8263,331.20737,471.30402,298.52448,490.2318,308.80276,255.20583,234.2988,260.76886,227.65051,207.7549,281.89166,211.84293,282.18417,105.948,276.4569,108.37329,284.6599
498.26837,259.24155,0.0,0.0,501.6325,251.02893,0.0,0.0,486.8329,226.41815,428.87198,218.6781,438.75775,233.57266,423.32022,280.49036,452.3526,332.21823,472.1753,298.50217,490.8709,307.7636,254.78223,233.38963,260.96146,227.29161,208.2413,278.3115,213.45497,278.606,108.30075,275.76004,109.84221,282.40695
498.37143,258.4201,0.0,0.0,501.68353,250.56592,0.0,0.0,487.583,226.68684,431.44284,217.73074,440.4911,234.44312,425.33612,277.72122,451.78058,331.95627,473.5672,298.66803,490.17404,307.4532,259.8402,231.73337,265.70392,226.4618,210.17336,276.0828,215.64384,277.90494,110.5706,275.89685,112.11894,283.76813
499.05713,258.53348,0.0,0.0,502.1961,250.42117,0.0,0.0,487.2873,226.26723,431.7239,218.79767,440.0665,233.93504,426.02362,279.7989,452.48517,331.8413,473.27,298.171,490.33386,307.20367,259.8563,232.83261,265.16162,226.77083,208.83188,275.33688,213.74498,276.1057,107.768936,275.21643,109.29445,282.23
500.18488,258.61584,0.0,0.0,502.81635,250.86938,0.0,0.0,487.2104,227.82442,429.39316,217.58131,440.79355,235.79192,423.44995,279.79645,454.63284,334.56018,473.09686,298.8733,497.6812,307.1991,257.2934,233.27605,264.39694,228.76933,208.67206,271.93826,216.54494,275.208,107.112564,274.76562,107.8882,283.3341
502.10156,258.57608,0.0,0.0,504.639,251.2699,0.0,0.0,489.48175,229.40463,429.25677,217.0485,443.407,238.13544,423.48206,279.2098,454.92834,336.25427,477.81696,302.6165,500.20377,307.04037,255.36897,233.68375,264.31448,230.57489,206.25607,274.30838,216.95868,280.32346,106.3371,276.28604,106.38765,286.6084
501.89282,257.7649,0.0,0.0,504.54138,249.82825,0.0,0.0,488.5957,227.28749,429.14972,218.54822,441.37268,235.85251,424.00888,281.5616,454.07953,333.82962,476.0154,301.97125,499.96094,307.43027,254.39243,236.21083,261.95132,231.35643,207.16676,274.62476,216.2889,277.53534,105.23274,275.40656,105.30725,282.6361
500.07184,257.9169,0.0,0.0,503.29742,249.26361,0.0,0.0,487.60614,225.449,428.55878,221.3107,440.51245,233.09065,425.0411,283.62354,455.1499,328.99612,474.11896,301.63016,498.30823,308.88217,255.23787,236.58202,262.53577,229.44037,210.44063,274.96954,217.5281,275.12384,107.44006,276.85757,108.20955,283.4972
498.03366,259.41455,0.0,0.0,502.11356,249.64264,0.0,0.0,486.6942,222.94191,430.20163,224.17618,439.313,230.41939,425.55386,288.11157,457.6715,327.69916,474.78357,302.56714,501.1355,309.61932,261.10153,237.54588,266.46826,228.31345,216.92589,272.4752,219.78133,269.9509,111.548004,276.77536,114.810135,284.29752
491.6244,263.033,0.0,0.0,496.73926,251.7836,0.0,0.0,482.20685,221.88638,426.97568,229.09349,435.25967,228.22426,423.82196,294.186,458.34607,326.80783,474.9581,304.80707,502.27094,312.92773,256.38257,236.4729,260.93054,223.98546,212.96385,272.12103,211.36858,266.43735,100.339035,272.91986,105.370026,281.89682
488.77136,261.41632,0.0,0.0,493.52817,251.40146,0.0,0.0,480.739,223.44765,424.6176,224.96361,436.2461,229.16338,421.3318,285.98175,455.76892,325.10077,471.9087,305.13522,500.73676,318.64404,257.0399,237.08963,263.99335,226.72546,215.73155,270.2378,218.16765,265.97525,105.28293,276.47617,109.5482,283.07916
488.55185,262.32135,0.0,0.0,493.359,252.2378,0.0,0.0,479.3963,224.9138,423.5271,227.50473,435.84674,232.36888,422.32416,287.52573,456.66736,328.02127,476.95782,305.96548,506.1851,317.00726,262.55527,240.56065,269.7954,230.80841,218.23494,263.45786,220.8013,260.81552,103.947296,274.93442,109.75754,283.41342
488.00824,263.05566,0.0,0.0,493.18738,253.09668,0.0,0.0,480.27075,225.46327,423.62204,227.32088,435.14847,232.42725,421.46262,292.12314,455.19308,331.4703,477.43628,306.9328,505.68756,312.31818,260.78818,238.31468,267.50952,228.92438,219.2746,264.2025,221.50566,262.2751,107.0874,271.94473,111.95705,281.68002
488.11966,264.94678,0.0,0.0,493.90073,254.85812,0.0,0.0,482.65375,226.92336,428.15054,230.71855,437.7544,232.8434,421.9324,293.41483,454.3569,328.72186,474.737,304.82532,502.48352,312.79257,266.41693,240.0072,271.97937,229.13335,220.61098,267.40955,220.87059,263.4259,109.19806,273.8333,113.716644,282.43246
491.0061,265.7558,0.0,0.0,496.24582,255.47534,0.0,0.0,484.5183,227.19455,431.39777,231.30537,440.5669,231.4511,422.80634,293.73547,454.57275,325.49667,471.45978,303.41086,495.30896,312.1789,268.2802,237.80421,273.80365,225.65184,219.72673,267.8636,220.20163,261.76605,108.14783,274.28583,112.095215,280.32333
497.35086,260.31857,0.0,0.0,502.67737,250.16296,0.0,0.0,490.02386,223.65485,432.47305,229.17824,444.28485,230.79659,423.22073,289.32742,456.00638,324.02908,471.4634,302.81653,497.18396,311.75345,265.813,238.43784,272.96826,226.28186,216.53186,272.00653,218.1821,264.475,102.74007,273.60324,105.48218,275.53763
501.27353,256.35004,0.0,0.0,504.95056,246.9042,0.0,0.0,489.97644,222.98567,437.14362,225.59917,446.15417,232.28676,427.8245,284.66815,457.58664,324.96967,474.5658,300.68494,498.04373,312.88177,278.72916,237.60298,284.20172,228.60071,227.54898,262.96002,230.58841,259.9041,121.54669,273.2968,124.486404,278.64142
503.66025,256.2381,0.0,0.0,506.42392,246.90283,0.0,0.0,490.58344,224.74168,438.54578,227.58235,448.02597,234.48329,427.66815,288.26553,457.0096,327.25894,474.2343,300.8779,497.08136,314.49,279.34937,238.76768,285.27264,229.71301,228.18054,261.02277,233.20644,257.58606,120.08557,275.82098,122.226456,279.57104
506.93427,252.67358,0.0,0.0,509.06772,243.9272,0.0,0.0,491.41202,223.30652,434.82507,222.38687,447.15314,235.12103,427.74393,285.26614,458.6737,331.4318,476.11722,300.91367,499.98956,312.0881,270.70258,238.4852,278.4436,231.86845,219.80907,265.08057,228.00555,265.07465,116.08856,276.45956,116.696396,281.25983
507.02484,251.49426,0.0,0.0,508.5965,243.4428,0.0,0.0,490.28833,224.19064,434.80542,220.55405,446.90146,236.14708,430.31653,281.29388,458.98663,330.93872,477.0325,300.64624,498.80362,312.39963,271.85092,236.52814,279.7196,231.06546,217.78844,262.67422,227.32462,264.22876,117.19093,276.64935,117.430176,281.43118
505.07068,249.81958,0.0,0.0,506.40573,242.21817,0.0,0.0,488.20044,223.66806,433.16968,217.93,444.70883,235.6112,428.8842,279.65512,457.49475,331.1861,477.02927,301.0596,500.01678,312.38824,270.5081,235.47925,278.06064,231.17607,218.05061,260.33673,228.20256,262.9363,121.32356,278.11493,120.88359,282.9627
503.67798,251.37006,0.0,0.0,505.5479,243.67201,0.0,0.0,488.64017,225.03651,431.00357,218.45573,445.6841,237.05252,428.34317,277.86627,458.98734,332.23865,477.27316,301.43222,501.7425,311.85782,266.09134,233.60123,275.849,229.24808,215.35672,254.60297,226.26399,256.8238,115.609924,276.93134,115.08206,280.85483
504.63034,249.45432,0.0,0.0,505.84814,242.24826,0.0,0.0,488.3506,224.88768,432.2566,217.01329,446.0284,237.83292,431.00092,277.19315,459.99588,333.8534,480.02905,302.14108,503.20148,311.7053,268.0196,232.3488,277.35327,229.0171,215.98256,255.08041,227.81789,258.6911,117.42799,277.07788,116.72554,281.43665
505.1137,250.63293,0.0,0.0,506.5736,243.17914,0.0,0.0,488.84106,224.9768,432.72708,216.34274,445.85376,238.26051,430.89072,274.32294,460.4861,334.60898,480.10254,301.46896,502.7224,311.2139,267.41162,231.10107,276.15118,228.03548,214.41524,256.86295,224.34573,260.9211,114.72345,277.88193,114.26701,283.3474
504.80493,251.08957,0.0,0.0,506.33655,243.60146,0.0,0.0,488.52814,224.76883,431.6042,215.68658,445.16968,237.35051,431.0364,272.83524,460.97687,333.095,478.61975,300.9627,501.0478,311.68463,264.93423,232.45738,273.8578,229.24284,212.9961,257.85364,223.06148,261.72812,114.835175,277.3786,114.681366,282.67847
504.94757,251.21317,0.0,0.0,506.51544,243.7577,0.0,0.0,488.612,224.65154,429.9097,215.20428,444.22327,236.98412,0.0,0.0,460.40796,333.26013,0.0,0.0,502.01263,310.94272,258.80505,233.4805,268.11554,230.12909,207.309,264.38962,218.22604,268.84924,106.67372,277.79385,106.39589,283.96484
504.4101,251.93564,0.0,0.0,505.91382,244.54611,0.0,0.0,488.43805,225.37628,431.49646,216.42168,444.95984,236.7783,430.78363,273.95682,460.41028,331.46445,478.41843,300.42508,501.16943,311.03394,262.39752,232.96587,271.2209,229.12346,208.67899,263.39932,219.316,267.4438,109.10773,278.07413,108.92395,284.40985
503.7616,252.87549,0.0,0.0,505.32727,245.32709,0.0,0.0,487.7374,225.57962,433.732,216.53458,445.4876,237.22865,432.2074,273.2417,460.78394,331.99216,480.91815,301.27493,502.53564,311.47446,271.83185,231.89447,279.63474,228.68724,218.86716,255.86777,227.91467,260.6343,118.73979,276.74957,119.748505,284.506
503.3543,253.01636,0.0,0.0,505.063,245.42996,0.0,0.0,487.9792,225.11823,434.3844,216.26501,444.9466,235.9849,431.42236,272.58566,459.5139,330.46106,481.26965,300.57208,502.48822,310.91895,269.59686,231.45845,276.61664,227.22334,212.71556,264.1122,220.9058,266.46408,111.22426,277.54517,111.70459,281.97272
502.5776,253.71738,0.0,0.0,504.39832,246.62775,0.0,0.0,488.56042,226.00815,435.22083,214.18091,445.8014,235.91084,430.6062,271.76724,458.63663,332.04404,481.45123,300.79114,503.46558,310.59653,271.0302,229.8371,278.17017,226.40417,210.0702,266.83224,219.43443,270.29718,109.18565,280.09042,109.65265,284.96973
500.88678,254.13779,0.0,0.0,502.29523,247.44763,0.0,0.0,485.96323,227.71747,439.33807,215.44435,443.4267,237.42659,432.20605,268.78067,455.73254,329.93555,484.48724,299.76285,505.404,311.5952,279.10565,227.89534,281.8537,224.96025,213.26134,269.5021,220.23799,273.84378,113.617035,279.19333,115.75186,285.78934
498.34793,255.73248,0.0,0.0,501.10748,248.28418,0.0,0.0,485.3452,226.87958,435.02548,216.61588,439.20422,236.45322,428.6883,266.26782,454.88116,328.13846,483.5429,297.95956,506.6404,311.76236,267.01007,230.24048,269.0965,225.97197,205.39803,278.9657,208.91136,281.0447,104.80798,278.73566,107.29616,284.69992
497.96564,254.11737,0.0,0.0,500.66638,247.12012,0.0,0.0,485.28076,227.51172,433.09012,216.72028,438.86572,237.62204,427.32767,264.7981,453.97076,327.0466,484.35016,298.50305,508.26917,313.4635,261.81094,231.01155,264.77673,227.44603,202.58974,279.4865,208.11919,283.09705,105.10475,281.47314,107.0027,288.807
498.28824,253.78586,0.0,0.0,500.88913,246.832,0.0,0.0,485.98358,227.78506,432.54147,216.81934,440.40915,238.40839,426.24258,266.9049,453.77887,329.43933,483.00348,298.69907,507.07806,312.48938,262.01614,229.14517,266.46793,226.07138,205.33556,279.04977,212.70345,283.61105,107.33977,283.77127,109.12462,292.00043
498.01477,253.10217,0.0,0.0,500.5849,246.2608,0.0,0.0,486.08978,227.3419,433.82294,215.80212,440.94214,238.11684,427.693,265.55008,453.56927,329.12958,483.18726,298.8147,507.2795,313.4805,264.91843,229.03418,268.95813,226.49002,208.4531,276.42828,216.16394,281.9206,111.46794,283.14832,113.82695,292.32404
498.89594,252.74387,0.0,0.0,501.5301,245.95572,0.0,0.0,487.1012,227.31224,434.75696,215.98825,441.92828,238.43697,428.18515,266.17517,454.0781,329.77032,484.0172,299.63565,508.28516,313.91318,266.6125,228.58295,270.7523,226.13347,210.06056,276.29846,217.93083,281.77463,113.12659,282.32764,115.592224,291.3357
500.04425,252.0617,0.0,0.0,502.54956,245.30109,0.0,0.0,487.56378,226.82474,435.8405,215.35246,441.9685,238.36584,429.0173,264.92902,453.86935,329.58603,485.02148,299.92474,508.28107,313.98584,267.4994,229.4164,270.95657,227.09671,209.28506,276.38428,216.44785,281.91644,111.39885,281.68942,113.71399,290.4032
500.02808,251.7373,0.0,0.0,502.5694,245.09256,0.0,0.0,487.76044,226.47272,434.70578,213.80252,441.47055,237.80396,429.0536,264.01215,453.53796,330.2898,484.77667,300.05093,508.063,314.09824,263.5086,228.56714,267.4461,226.6287,208.55998,274.83185,216.3012,280.92764,109.2518,280.56653,110.93216,289.57816
500.95563,251.33353,0.0,0.0,503.10464,244.86752,0.0,0.0,487.97217,226.6007,434.89032,212.7857,442.3366,237.95432,429.01056,262.97977,453.97598,330.3606,483.72186,299.4925,507.00116,314.24728,264.01132,227.8845,268.4922,226.52756,209.51323,272.89532,218.4821,280.00882,110.42525,279.22284,112.07272,288.922
501.2932,251.38193,0.0,0.0,503.59674,244.97513,0.0,0.0,488.6817,226.78284,434.9509,212.75893,442.79138,238.42032,429.26678,262.9644,454.50256,331.16922,484.29822,299.78107,507.37952,313.41153,263.44626,227.97044,268.1792,226.67711,207.61188,273.74677,216.57672,280.85553,108.77608,278.95612,110.39624,288.40952
481.2298,190.81247,491.63312,185.70038,485.17178,179.07748,0.0,0.0,464.3608,149.22957,430.77646,150.46278,401.8271,158.63087,420.89737,206.89801,394.83728,259.08954,463.4517,219.94214,458.23502,251.67215,277.37515,125.59421,259.44687,122.64879,215.5401,148.0368,195.50212,162.18706,130.10522,122.05858,134.75493,153.51833
492.27875,192.4584,504.57587,186.58618,494.3887,178.4679,0.0,0.0,468.3795,150.12695,439.12103,160.61705,403.94617,163.36923,428.1855,216.88818,391.05585,259.87695,462.6949,222.43939,455.0837,252.61887,285.28967,133.16594,262.90286,129.07841,228.83014,146.19043,207.52307,161.45511,137.06097,112.70617,143.5546,147.98285
476.88037,186.70631,488.70468,182.53323,481.55325,173.62517,0.0,0.0,461.1254,145.01968,427.6775,156.99278,398.37573,157.07571,420.94434,216.0892,391.1781,257.21463,461.34933,220.06245,456.0127,252.7349,274.58627,130.89667,256.06528,124.92174,223.31812,150.13152,201.30243,160.63509,133.77611,118.91106,139.79097,149.25
483.84515,193.31761,494.79858,188.96255,488.10855,180.48357,0.0,0.0,466.79596,149.48453,432.49548,156.45627,404.1623,158.46207,421.64377,215.51898,393.34756,257.98788,462.01764,222.09727,456.6502,253.11697,284.96832,131.09665,267.1921,126.47508,232.80585,148.52856,212.85095,161.10016,141.68507,121.09505,148.34712,153.61522
483.5412,194.66122,493.6942,189.45256,487.179,182.7251,0.0,0.0,466.50992,151.72803,434.09308,152.34598,405.13702,159.35002,422.90283,210.02805,394.1498,258.78366,463.05084,221.49966,455.77264,252.07538,285.6162,129.10767,267.58978,126.509796,231.38766,146.87108,212.9379,162.03336,143.3831,121.000946,149.61661,154.45941
478.6258,191.36166,490.08484,187.3562,483.91983,178.63693,0.0,0.0,464.56738,146.73053,428.89554,153.96169,402.2367,155.84895,419.40045,213.62004,393.24036,257.0464,461.65863,220.52527,455.9497,253.36108,279.87805,129.25041,263.18414,124.30138,224.32518,150.1526,203.99228,163.09305,135.72612,118.626205,142.42453,152.64441
487.83487,195.49374,498.2594,190.96642,492.12088,182.70895,0.0,0.0,469.61243,150.90013,431.63385,156.47466,405.78812,159.00711,417.9204,216.20474,392.82565,258.38336,460.8667,222.87178,455.7072,253.46637,283.08667,132.86691,266.7446,128.48853,226.9852,148.68536,208.88976,162.10425,136.72859,121.130844,142.70515,154.253
489.71405,194.26831,500.1159,189.03334,492.39722,181.31392,0.0,0.0,466.54456,150.76547,432.04373,156.20029,402.6372,160.41579,420.28925,215.102,391.7132,259.0426,461.72162,224.36078,455.47662,254.27689,285.96478,133.1195,267.3607,129.97255,230.06976,151.24118,210.96848,166.22113,141.78917,121.1496,147.83414,155.01189
487.19092,200.3034,0.0,0.0,488.87463,188.45755,0.0,0.0,465.52252,155.25684,437.0654,149.52707,404.40784,161.01996,418.60785,210.38435,391.1351,262.10193,456.77856,227.91614,452.12787,254.85876,292.88123,130.6637,272.6551,130.70764,233.55939,155.92526,214.77043,175.83353,146.5055,117.90593,153.26541,156.64496
486.22858,197.35822,0.0,0.0,488.2386,185.1866,0.0,0.0,463.78482,152.61118,431.64865,150.5176,401.64294,159.71019,414.43832,211.8981,390.0153,260.8141,455.68097,227.46973,453.61255,254.22845,289.0008,133.10681,270.29865,132.22533,232.91068,153.85307,214.2665,171.24213,145.48488,119.06326,151.79506,154.33148
488.8994,198.98341,0.0,0.0,491.49774,185.66978,0.0,0.0,466.18335,150.33113,431.19257,148.76974,401.05066,157.60364,412.76013,210.75928,389.54828,262.33185,454.1991,226.68536,453.92456,256.0099,283.9715,129.04993,264.85672,128.25948,230.88272,160.0166,211.06186,178.8292,141.62852,118.67496,148.57515,158.21446
484.81952,197.49794,0.0,0.0,488.15475,184.92426,0.0,0.0,464.81546,150.03043,428.7185,148.42656,401.41275,156.82343,411.58862,210.07939,390.8292,261.29282,454.36835,226.48314,455.23828,256.2809,284.53616,130.8628,267.27197,129.39508,230.53273,163.03387,210.98462,179.86197,138.83144,123.04683,145.60245,159.58241
482.5675,198.29944,0.0,0.0,486.98093,185.71574,0.0,0.0,464.57037,150.39523,424.9463,150.67162,399.84326,156.2677,406.25983,212.0974,392.03986,259.85214,451.33075,224.94104,456.8822,255.6528,278.9079,130.77686,262.93375,127.64232,223.9421,163.02509,204.00974,176.03043,135.98816,124.957596,142.00381,157.54242
485.30426,199.78302,495.50452,194.16055,488.07864,187.34903,0.0,0.0,464.59186,152.35382,433.27295,149.91797,401.2525,157.6595,413.91238,210.39568,393.79462,259.98993,453.41168,225.0949,455.74084,254.80753,288.19394,129.4992,268.22592,127.12912,228.2362,159.73964,206.89232,173.34406,140.75029,124.07733,146.93143,156.2521
482.4406,199.16609,492.91376,193.9589,485.72183,186.70987,0.0,0.0,463.57663,151.55789,432.4689,150.66353,401.21814,157.01877,413.46735,211.53653,393.97238,259.35522,453.82504,225.31235,456.57886,255.13297,289.42883,130.71613,269.91656,127.776245,229.8732,162.335,208.23224,175.31593,141.50645,125.24716,148.06741,157.54005
474.91113,197.20255,485.61545,193.87325,480.98212,185.03688,0.0,0.0,462.80573,149.72046,424.38812,151.88515,400.38043,154.72495,407.2842,211.76768,393.90814,256.90958,451.84088,222.94182,458.07672,257.81866,281.8109,130.0406,266.59357,125.38367,223.78958,161.85597,202.7111,172.82376,135.81323,125.406815,142.28627,157.18665
471.14178,195.47826,482.90692,190.95622,475.7605,182.65482,0.0,0.0,456.9599,146.65245,426.96964,147.97873,397.01605,152.12442,413.39526,209.38106,392.57425,256.9411,452.99686,220.99826,456.16595,257.53104,284.06247,126.025085,265.3949,122.21428,227.19582,158.1482,204.1677,171.98201,138.00955,120.670975,145.63094,156.68747
472.19003,196.23244,483.83072,191.56052,476.57947,183.48608,0.0,0.0,457.75507,147.81427,428.81458,149.02278,397.88202,153.33821,414.41974,210.45871,393.40643,257.81754,453.76764,221.21825,456.93768,256.60992,285.86786,126.037155,266.76605,122.16441,228.68057,156.71014,205.29814,169.71165,139.61266,120.48062,147.0408,155.08437
473.52362,196.13608,484.35687,190.62654,476.88635,183.99039,0.0,0.0,458.025,150.46606,433.13892,148.87271,400.37384,156.42825,420.93597,209.31393,393.28696,259.47668,458.10632,222.40878,454.78967,255.0527,291.73944,126.590805,271.69333,124.20322,234.70837,153.98586,212.70929,169.4077,145.31192,119.80188,152.70291,154.98485
478.00998,196.5811,488.89362,191.12349,481.28577,184.3604,0.0,0.0,460.62872,150.93414,432.6944,148.79915,400.8134,156.82837,420.24146,208.79095,393.00095,259.51257,457.59763,223.36574,455.05743,255.45389,289.54486,125.116714,269.69287,123.30179,234.48929,156.9019,213.48297,173.66621,146.6738,121.37283,154.06493,158.26462
471.85254,196.59503,482.86087,191.78622,476.8548,184.73439,0.0,0.0,459.5587,150.19295,426.18472,147.74774,400.1599,155.75293,411.49658,208.87982,393.84656,260.74557,452.49643,221.18266,455.0063,256.20676,281.21683,125.30118,264.9306,123.226685,227.82585,162.3335,208.32602,178.96263,141.54729,122.83542,148.6673,161.04259
477.75095,197.26486,488.73056,191.01648,480.3816,185.32375,0.0,0.0,460.44965,152.72427,437.39722,148.67773,401.52997,158.60207,427.60556,208.60333,390.58832,261.0473,463.09082,224.38261,453.24268,255.61188,290.6488,126.47031,268.3641,125.30145,232.19873,158.90381,210.64069,178.51848,141.88081,120.4131,149.0614,160.07597
476.29108,195.57191,486.6641,190.27103,479.74762,183.90749,0.0,0.0,459.98312,152.04478,432.16467,149.35295,401.11517,157.79103,424.20807,207.4824,391.82446,258.66675,463.92715,223.83142,455.2155,256.82956,286.50595,124.76102,267.11224,122.80881,228.99553,156.65044,208.89177,174.49069,138.34612,122.21983,144.87636,159.57509
477.47055,199.1481,0.0,0.0,484.05585,188.13226,0.0,0.0,466.99258,154.42139,420.46213,151.05746,405.4099,156.65555,401.4365,210.71661,396.00214,255.9895,452.95972,227.28372,457.8184,253.78915,275.0326,122.02756,265.5762,118.459335,223.1741,145.52614,209.43042,157.01941,139.09743,123.655975,143.88214,153.45331
473.44815,197.3249,482.97296,193.27933,478.99207,185.42151,0.0,0.0,460.63138,151.18445,420.88156,150.68024,400.18246,155.41885,405.74615,210.69046,395.1588,256.6056,454.68124,225.64987,456.9576,253.85931,277.2071,124.131226,264.51202,120.28194,226.16023,144.24478,208.5253,155.48032,138.47186,121.84354,144.30328,152.21376
469.2666,195.13864,479.42175,191.40714,475.1549,182.44945,0.0,0.0,457.41812,148.07344,418.01932,151.76001,398.72406,153.8177,405.25964,213.00513,395.0131,256.3041,456.3231,225.69073,457.0645,254.64291,277.1889,125.73328,265.5588,120.8111,231.6979,142.2842,213.00624,151.46828,141.64131,122.37578,147.7664,150.97227
474.47833,196.68115,484.38678,192.21483,479.242,184.27687,0.0,0.0,459.02942,150.08392,421.06946,149.95158,398.75525,155.84961,408.56067,209.67471,394.54712,258.21066,455.41522,225.60104,456.0432,253.83032,277.63107,122.35622,264.0611,119.21913,228.46597,143.42412,210.07535,156.17592,139.5322,120.56462,145.38525,152.4123
478.7469,198.2026,488.5149,192.46379,482.41382,186.23087,0.0,0.0,460.88232,152.50215,425.01862,147.35394,400.13113,157.57193,411.79343,206.91222,394.5656,259.79736,455.41464,226.7266,454.4151,252.94183,277.98572,119.17578,262.648,118.17972,225.1676,140.65543,208.42947,157.92825,141.66794,116.73633,147.57887,152.80864
469.48535,194.98486,478.54718,192.39206,476.52304,183.52927,0.0,0.0,460.96417,148.32697,417.66446,150.20728,402.1689,150.97061,400.41132,212.23692,394.0701,251.66214,450.33038,225.74387,455.2307,256.604,279.66083,124.591064,270.3936,118.897064,227.0094,149.29471,209.85635,158.19669,136.75203,120.016235,142.50381,149.33304
469.5902,195.23213,478.6052,193.03183,477.25665,183.86508,0.0,0.0,462.57767,148.44176,417.05203,150.5738,403.7184,151.09619,399.7119,211.93134,393.81943,251.3193,450.19717,225.34744,455.0654,257.17688,280.18726,125.73404,272.23602,120.16879,229.3318,149.90858,212.74512,159.73856,137.99376,118.78276,144.0664,149.79721
481.38965,204.017,490.73132,199.54126,486.50836,192.05696,0.0,0.0,466.4807,156.38235,423.60016,152.65955,404.31842,158.82341,405.5745,208.74065,390.4655,256.73904,456.355,226.00206,454.28433,258.26038,278.12387,126.26291,266.2482,123.5058,225.10727,151.14914,208.66345,165.93849,133.74158,121.97702,139.14317,156.48921
474.173,195.94283,483.0229,192.11125,479.828,184.06985,0.0,0.0,462.13092,150.18231,422.95502,151.12129,402.7637,155.28076,410.9595,207.75627,392.11417,253.48126,459.27112,225.90538,453.7699,256.96637,281.19952,128.77415,269.25186,124.55371,231.86325,141.31071,213.56363,152.37756,137.18175,121.44708,142.84195,150.89684
471.5918,195.3591,480.488,192.10312,477.91943,183.81981,0.0,0.0,461.73315,149.5909,422.52505,150.9874,402.11432,154.4334,410.14798,208.61981,392.77716,253.4638,457.99167,226.50377,455.08102,256.68216,281.62268,130.01299,269.4915,125.26138,230.15799,146.00977,210.75671,156.00871,135.69922,123.17108,141.51323,151.9716
474.723,196.49466,483.60522,192.36348,479.80383,184.89409,0.0,0.0,461.43915,151.10677,425.02478,150.6904,401.77542,156.07997,413.65674,208.04927,393.0213,254.94214,459.98523,226.17041,454.22156,256.4068,281.8004,129.05464,267.86633,125.13295,228.17003,145.9831,208.97928,157.55789,134.77885,121.37564,140.37683,151.23015
488.34268,201.43787,0.0,0.0,490.76752,190.03061,0.0,0.0,467.766,158.26369,435.36612,151.66692,406.67474,162.6123,422.3917,208.39702,393.37122,259.07764,464.95044,230.28387,452.96912,254.4809,284.33966,125.72635,266.7219,124.55237,224.95624,143.8534,208.86484,161.6071,136.4109,119.09242,141.70877,154.08652
488.3067,206.40584,497.46674,200.9059,492.17834,194.4624,0.0,0.0,469.6059,161.66876,428.46967,157.24979,408.24695,164.78555,412.6514,211.06512,392.30402,258.06958,462.3575,229.52637,452.06708,254.76138,277.9775,124.23572,265.6209,121.56409,221.8274,148.92836,208.203,164.14851,132.4873,121.17056,136.93356,154.19987
479.72464,195.5541,489.2281,191.36612,484.98132,183.50291,0.0,0.0,466.19028,151.39673,425.9897,156.20992,409.06808,158.6424,419.43634,214.24304,399.74854,256.7542,477.77838,220.7059,462.15765,265.87146,280.0051,133.90028,269.6892,129.2416,223.31665,146.05052,210.77312,159.94923,132.76222,116.96101,138.66415,151.39493
463.3619,204.14119,474.30566,200.35344,473.21057,191.58574,0.0,0.0,463.92618,158.70518,413.78806,161.29037,406.57513,162.64383,393.98782,218.99466,393.1294,261.35104,459.38177,233.75822,454.81207,261.34964,262.47632,117.00372,259.34564,110.249275,218.10127,145.25359,204.94067,148.35123,140.37051,129.98663,142.3704,148.0638
456.0834,242.45424,0.0,0.0,460.3308,236.04745,0.0,0.0,0.0,0.0,424.91168,170.4075,415.4945,186.65524,397.71283,226.59679,404.44183,270.95544,444.77795,262.54114,458.2724,271.2489,283.91495,105.238,278.9675,104.538956,222.20987,142.78694,223.43414,155.73611,153.55263,129.6829,153.48174,150.70189
455.75027,205.83994,466.65424,205.68307,469.9944,193.4188,461.58936,185.22058,465.86188,157.29132,403.76187,168.24516,407.67377,155.7314,382.20242,238.0216,393.26416,256.31335,449.4173,253.45886,450.84625,274.27808,254.55359,118.90439,258.01846,105.79733,213.5628,155.44199,202.16606,150.7854,135.29453,138.03938,137.97597,153.36975
488.78842,200.27875,497.44067,193.31517,490.40106,188.35506,0.0,0.0,467.20013,155.87263,436.8695,151.94849,407.5531,161.71713,422.60904,211.84647,397.18948,262.49716,478.67554,227.51428,463.56418,264.58844,290.5461,132.61743,272.84827,131.30762,232.42445,145.48586,216.30862,159.86517,144.65701,123.89905,149.4593,153.81781
492.47833,205.63635,502.55872,198.04124,493.82648,193.18274,0.0,0.0,469.84906,159.34955,443.0823,153.40555,408.62976,164.25217,431.41736,212.21837,396.88013,263.50632,478.11224,232.91081,458.5595,261.9934,291.7644,128.61636,270.9116,128.15227,233.25397,140.77267,215.15788,160.46269,144.87373,115.07048,151.69464,154.05655
469.85315,204.0271,479.8279,202.371,481.41217,191.58743,0.0,0.0,471.2644,155.57854,408.9921,159.5895,409.0232,156.31442,384.25726,220.44084,395.36365,256.14264,451.8013,229.61249,459.03607,257.89575,258.0073,124.14485,258.30698,115.28268,216.62396,151.44252,204.18115,150.77914,133.468,132.78903,135.86497,148.91437
484.65643,203.96732,494.99048,200.71208,491.32993,191.39046,0.0,0.0,472.59235,154.87366,429.02377,156.31155,408.65067,157.97711,413.5072,213.71011,397.64633,257.0135,462.33173,226.40324,458.0431,260.89087,281.49615,128.85593,268.7419,123.74164,230.24638,145.55185,212.1889,156.61049,138.03671,121.14688,145.1526,154.20192
485.95056,201.73291,496.3297,197.46573,491.24197,189.63496,0.0,0.0,472.87238,155.40427,439.26904,155.50822,411.37308,160.25879,425.6829,212.61838,399.19437,258.4035,466.87372,229.28946,457.26028,259.67645,293.7311,129.83836,276.5086,125.92253,236.06796,141.96793,216.65302,155.4165,144.14665,121.24115,152.01013,155.56319
486.6344,202.008,496.6618,196.62834,490.66528,190.48529,0.0,0.0,471.8601,157.08235,443.04352,153.92598,411.60754,161.99438,430.4887,212.03723,398.86548,260.07043,468.20016,230.26749,456.68427,258.42477,296.41687,130.85107,277.04248,128.51949,234.77693,143.64513,215.99115,160.9289,144.4134,118.0005,152.47218,156.01982
488.38004,204.9982,498.00415,199.18181,492.20566,193.79263,0.0,0.0,473.9439,159.75685,445.87982,153.23215,413.99878,162.92412,431.88397,210.73303,399.9343,260.19052,469.12115,229.13434,456.58768,256.55597,297.8199,131.08626,278.26483,129.29695,236.20703,140.7294,218.5861,158.56082,145.74113,118.96002,154.05725,157.20732
489.15686,204.88904,498.5792,199.05783,492.56287,193.55191,0.0,0.0,473.04825,159.70808,444.96384,153.13635,413.1521,162.48006,431.4696,210.63808,400.81497,259.54437,469.41992,228.81145,457.57645,256.57806,297.23666,129.5694,277.69156,127.585815,237.1158,139.76598,219.74341,156.30267,147.33368,121.79753,154.94208,157.72928
489.0719,203.78998,498.2189,197.57246,492.27344,193.1656,0.0,0.0,472.75287,160.0545,444.68262,151.19196,412.87164,163.29193,432.8296,209.48486,400.97775,261.35016,470.6577,228.59215,458.52072,257.61862,294.78812,128.90706,275.15588,128.20547,228.21652,144.22446,212.18658,164.66064,142.25879,118.25003,149.51753,158.46623
490.30338,205.3429,499.97037,198.38232,492.98428,194.03969,0.0,0.0,472.169,160.53708,444.67484,151.84576,410.85516,164.65504,434.85132,210.59229,397.39673,263.73535,471.1598,230.07149,456.8072,258.24463,292.32687,130.24002,271.40945,130.5679,231.91531,141.40898,215.31055,164.98131,144.54161,112.89667,152.88528,157.4335
479.29504,198.58698,0.0,0.0,480.917,192.29694,0.0,0.0,467.1845,166.31807,424.87506,129.7811,412.91144,169.07431,394.8882,188.83069,399.76883,275.97928,444.4927,204.6759,453.22092,238.57852,257.49527,115.43706,250.19348,125.61658,207.86209,148.30722,211.068,178.37125,145.01302,121.94725,144.58412,161.06216
483.99704,200.86526,0.0,0.0,487.23438,193.52628,0.0,0.0,474.12405,166.31462,428.60623,138.37135,416.23956,169.43988,397.86426,198.7144,398.8473,274.22778,444.95898,205.22192,451.78323,236.47714,258.1475,120.14348,250.36415,126.700195,209.14337,150.51074,211.01263,176.22336,143.16357,121.16101,143.55745,158.61258
467.82916,221.70908,0.0,0.0,467.9961,214.73515,0.0,0.0,452.24518,197.06175,427.16785,200.90646,417.7071,199.34364,415.96127,246.25272,410.7203,260.97992,453.17532,253.44012,458.8473,259.61435,309.7664,209.49153,303.9077,200.00984,236.50482,225.79321,235.71094,222.81177,155.94394,220.86569,160.50018,222.03108
466.48178,222.39752,0.0,0.0,466.14374,215.81398,0.0,0.0,451.52026,197.4402,429.5974,195.31216,420.08115,198.3299,417.3142,241.72197,414.47748,263.89874,446.9529,251.58746,457.5301,260.8668,313.1819,202.10709,307.16534,194.73721,242.86888,214.39423,242.12476,215.1405,163.4719,219.05841,169.22935,225.04178
459.9548,219.81119,0.0,0.0,460.0674,212.69568,0.0,0.0,446.55743,195.06186,427.66586,201.63196,415.44043,198.15536,418.87454,248.35529,413.51358,260.71002,453.42023,253.2085,458.82883,259.25616,312.92303,207.98555,305.2908,197.76987,241.68057,226.70157,238.45813,222.90628,162.60243,221.20374,167.67172,223.59131
461.26624,219.09413,465.26086,214.58798,461.03445,211.48743,0.0,0.0,445.70398,193.15125,425.7691,200.95657,414.23624,196.34532,418.07132,249.06403,413.72858,260.40247,453.26547,252.58923,459.51025,259.3067,309.53836,205.51869,302.20404,195.08374,242.06577,221.527,239.63498,217.7935,162.1727,216.86168,168.39601,219.81975
466.61023,219.47787,0.0,0.0,466.11133,212.34637,0.0,0.0,450.42197,195.13258,427.0101,199.0042,419.28217,197.32953,417.48972,246.37589,415.0969,261.48547,450.56827,250.97049,459.64337,259.4449,309.12183,205.26451,304.34167,195.55386,240.84247,210.81001,241.89905,207.71707,154.85777,220.66187,160.56058,222.1423
455.51923,196.974,459.00623,194.36243,456.191,190.21144,0.0,0.0,445.668,182.49617,429.3163,204.25671,420.49493,191.74133,424.5733,255.64871,404.60388,245.67944,449.51038,256.82568,435.7825,253.29633,320.89194,205.07951,316.36438,192.52547,272.01163,200.4733,274.27048,199.29747,177.80078,223.24442,183.659,234.04631
459.38303,212.0171,462.15674,209.2362,460.52448,205.30612,0.0,0.0,446.0249,191.647,423.13943,205.48376,415.87988,196.3876,420.01788,256.6401,408.40063,254.03409,454.52466,253.48679,455.44064,258.1576,316.81134,199.71452,312.8816,189.1475,252.39133,214.78917,257.1535,217.1281,168.1512,226.75029,173.9905,240.92126
462.85547,220.68755,0.0,0.0,463.67938,214.3221,0.0,0.0,447.34186,197.50305,423.09686,202.14514,415.78918,197.84843,417.76877,251.79123,410.1554,255.89066,457.6797,253.36444,459.97894,257.29626,312.67215,198.45325,308.26843,190.0172,242.29562,216.83185,248.24854,222.9388,163.18878,209.97037,170.8494,226.82529
464.46616,218.04526,0.0,0.0,463.55612,211.1326,0.0,0.0,447.872,194.56653,429.77582,199.08484,417.73547,197.26411,420.46606,246.13788,414.894,260.20883,452.73172,251.73712,457.95795,259.9336,313.52795,203.43611,306.03967,193.8954,241.75911,217.16016,240.80429,214.57722,162.10434,214.74973,168.15482,216.76228
463.91315,219.64769,0.0,0.0,462.85257,212.64243,0.0,0.0,446.0713,194.59648,428.3871,197.90883,415.14273,197.1227,417.7662,243.91704,412.29202,259.9184,452.59503,251.25043,457.59833,258.666,315.16336,205.71252,306.8703,196.895,238.61827,225.30696,237.13495,223.9727,160.80965,219.42319,167.6627,222.77563
463.0547,219.11632,0.0,0.0,462.73172,211.76993,0.0,0.0,446.37524,193.3381,428.27512,200.55904,414.488,195.74228,420.1811,248.34717,412.46494,258.43753,453.6963,252.67603,457.43915,260.11374,315.4246,207.70949,306.822,197.11572,238.98642,224.68646,236.0893,221.18631,161.02417,219.02377,167.46315,221.18608
461.81262,218.5997,465.7436,214.32727,461.61432,211.06285,0.0,0.0,444.7804,192.55243,424.79355,200.9559,412.62637,196.11436,417.19186,248.06012,411.92456,258.94278,453.5119,252.45114,457.11655,259.54608,311.34998,209.89194,303.5007,199.26962,234.99786,231.76959,232.40642,228.20311,157.29616,220.80316,164.3559,223.17744
461.83173,218.44373,465.73288,214.12256,461.37912,210.87761,0.0,0.0,444.28674,192.75938,425.7787,201.76994,412.3955,196.29617,418.59152,248.04077,411.36215,257.89084,453.86774,252.31088,457.27872,259.7071,312.0751,210.41966,303.52762,199.38995,234.22903,228.36679,231.14728,224.11356,155.61308,221.67926,162.25461,222.94307
461.391,218.12732,465.3996,213.91556,460.8213,210.44894,0.0,0.0,443.24725,192.43523,425.41534,202.6622,411.54834,196.40456,418.55914,248.46439,411.14404,257.15674,454.18213,252.1437,456.92667,259.43045,312.88425,212.54323,303.94562,201.13647,233.75836,231.96567,230.24344,227.08653,154.59259,223.4876,161.23041,224.13716
460.4116,218.18967,464.4599,213.85715,459.9394,210.60521,0.0,0.0,442.74695,192.51343,424.38754,201.97165,411.13364,196.33917,417.55518,248.65814,411.6816,257.9728,453.55017,253.31787,456.98245,260.28177,310.1549,212.42305,301.5209,201.25455,230.66812,232.91626,227.46655,228.7667,152.90941,222.05383,159.54547,223.52129
460.86267,218.47925,0.0,0.0,460.6596,211.15175,0.0,0.0,444.43442,192.84656,424.9343,200.57184,412.63483,195.74069,416.99533,247.18759,411.20505,257.62012,452.13306,252.58905,457.0365,259.69568,311.54398,209.6112,303.7677,198.73843,233.53117,229.6806,231.20413,225.47491,154.03209,222.23222,160.79799,223.48294
462.2533,219.25385,0.0,0.0,461.56516,212.25859,0.0,0.0,445.92664,195.00815,428.3303,201.56204,416.2328,197.5989,418.4246,247.4455,413.07755,257.40686,452.69073,253.18323,457.71814,260.0831,316.3435,210.88838,308.83975,200.19785,234.8035,227.02718,233.22668,223.12247,154.79893,227.1463,160.485,228.28291
462.98233,219.27223,0.0,0.0,462.4702,211.85678,0.0,0.0,447.00458,194.01265,429.04126,202.43008,417.46118,195.77286,419.24002,249.39725,414.67822,255.59045,452.16336,253.34912,457.32544,261.00967,313.75348,211.59644,306.51175,199.25748,231.8829,226.0006,229.98074,219.9294,147.97807,227.15018,153.2076,226.5388
462.2619,219.95996,0.0,0.0,461.65683,212.76527,0.0,0.0,446.0384,194.27715,426.4103,199.17238,415.67206,196.23947,417.00986,246.27145,413.983,258.75735,452.95215,252.82376,458.26724,259.95013,309.93182,208.6415,303.1906,198.23149,232.92195,228.6671,231.77316,224.91554,151.47891,222.8855,156.94473,224.12791
463.1608,220.54681,0.0,0.0,462.83545,213.20049,0.0,0.0,447.76917,194.871,428.88644,201.57812,417.77673,196.13026,418.646,248.18988,414.84784,256.3745,451.35077,253.36212,457.26904,260.45355,313.28284,209.53018,306.3272,197.89957,235.34802,225.02452,233.17108,219.62286,152.84007,222.87723,157.90314,222.98187
468.6463,218.47267,0.0,0.0,468.61633,211.40445,0.0,0.0,454.8519,195.27124,434.63446,203.49292,423.96878,198.33812,421.03522,248.84134,415.8066,257.9469,451.9307,252.4419,458.2279,261.42902,317.18924,211.60645,310.6837,200.00237,241.54724,217.24258,240.39613,211.88017,154.38446,224.56012,159.43701,224.6243
464.29562,217.18349,0.0,0.0,464.26117,209.37357,0.0,0.0,450.4378,192.89282,433.10434,205.53139,422.02026,195.94255,422.19467,252.07544,416.21262,254.74225,450.36456,253.81567,454.42654,261.42538,316.8602,212.66292,310.04053,198.43256,235.76453,219.05644,232.13736,210.30096,143.96646,225.5466,148.3926,222.84073
464.7673,217.72314,0.0,0.0,464.4625,209.78638,0.0,0.0,449.0249,192.40918,429.24042,203.74448,419.5644,195.28339,420.58347,252.37393,418.56033,257.1179,452.9026,253.29926,458.29898,260.50165,308.5963,210.44626,302.31915,196.6691,229.4348,227.0428,227.17157,218.71198,140.8428,222.6859,145.05704,219.89377
462.82703,216.97006,466.9378,212.97212,462.64435,208.66562,0.0,0.0,446.91376,191.49615,427.35843,204.95996,417.44232,196.02164,421.31317,252.29376,417.67776,257.96582,452.47025,253.10889,457.4059,260.34027,308.0236,211.34341,301.47873,197.72136,234.5608,225.3636,230.79715,217.58171,144.03448,223.57439,149.25975,222.6608
463.58423,218.26624,0.0,0.0,462.98904,210.2458,0.0,0.0,447.41342,193.2155,429.50916,204.83322,418.55975,196.94739,421.44928,251.72455,417.37775,258.2167,453.60168,252.9769,459.11664,260.51245,308.56613,210.31482,301.4627,196.8155,228.49542,228.08733,225.70255,220.7089,137.63092,225.4555,142.90627,224.35022
464.1693,218.70505,0.0,0.0,464.12012,211.51624,0.0,0.0,449.72626,193.99866,426.46436,197.8148,419.33643,197.82463,417.03342,239.54883,414.1861,260.22873,451.0688,249.30914,459.60803,260.52448,303.1391,208.06232,298.09222,198.18198,223.49644,228.10086,223.6154,225.86806,137.26572,218.62894,144.52394,221.1973
463.79407,219.44594,0.0,0.0,463.68033,212.20691,0.0,0.0,448.97375,195.0247,423.32538,198.52966,418.83658,198.99112,415.70636,239.66034,414.961,260.79968,452.5783,250.7963,460.7135,260.76904,297.58585,209.54797,294.02292,199.97179,223.27676,228.73233,224.69357,227.07104,136.20866,218.38339,143.1216,221.3392
463.2291,219.8201,0.0,0.0,463.19427,212.36401,0.0,0.0,448.7334,194.13803,424.34204,198.26736,418.04755,196.91849,416.75427,243.13097,414.21445,261.00058,453.60962,251.36627,461.64798,260.91592,302.00018,209.82428,297.602,199.96506,232.71533,219.23721,233.42809,216.71777,144.30667,219.11292,151.50671,221.75806
463.79932,219.17366,0.0,0.0,463.6282,211.53479,0.0,0.0,448.41797,194.54216,424.69562,201.09453,417.72412,198.42305,417.4044,244.20258,414.08145,260.23297,454.41757,251.92313,461.38455,261.2564,301.76642,211.17554,296.80054,200.5878,230.48529,220.55061,230.05328,217.09784,141.22073,218.62999,147.90518,220.31248
461.5737,217.9155,0.0,0.0,461.96268,210.07622,0.0,0.0,447.15573,191.51048,420.97125,198.55872,415.78406,194.71605,415.77438,245.3399,413.3545,259.79654,453.73166,252.11774,462.55066,260.5438,299.7784,211.94305,295.89252,200.99611,231.6243,226.44308,231.90485,222.5704,140.36678,220.38466,147.52505,222.14607
460.79968,218.31223,0.0,0.0,461.22592,210.82336,0.0,0.0,448.0354,192.74106,424.44412,199.54382,417.13086,196.01895,416.98627,244.84042,412.95065,259.17566,454.62042,252.25351,462.50488,259.64734,302.81842,212.46104,297.82904,201.3157,229.14552,228.30467,228.8289,223.70183,139.14584,222.2117,145.87476,222.62115
460.09125,218.14474,464.0006,214.29233,460.77298,210.46936,0.0,0.0,447.46643,192.89691,426.4489,203.98378,416.64557,197.39114,418.71826,247.2059,412.7283,257.64902,455.46277,252.6015,461.7459,259.42767,309.06757,214.88034,302.61444,202.32303,229.78232,233.76578,227.38513,227.1236,138.84705,225.49657,145.99326,224.55301
458.40652,238.69627,0.0,0.0,464.55646,231.4057,0.0,0.0,459.29828,212.32945,430.25012,222.92827,425.75952,205.66582,417.63364,238.96057,406.87793,235.2801,439.4918,257.47696,435.67798,263.9919,314.49002,212.98344,311.55075,195.73883,241.39471,224.10715,232.96179,212.52364,151.24869,223.19507,156.71968,222.92723
0.0,0.0,0.0,0.0,0.0,0.0,0.0,0.0,0.0,0.0,0.0,0.0,420.97708,210.78702,0.0,0.0,0.0,0.0,0.0,0.0,0.0,0.0,320.33682,216.28056,318.01126,201.78552,246.03012,217.2374,239.34738,211.1981,161.9732,218.70023,168.46538,221.92493
454.28027,253.12628,0.0,0.0,459.56223,246.06366,0.0,0.0,454.34814,221.57356,430.62146,220.7128,425.09714,206.96458,0.0,0.0,408.18295,225.4967,0.0,0.0,423.40265,261.88083,317.20877,213.41263,313.09866,197.87952,246.1532,224.00266,236.58029,215.59949,161.35838,218.60825,169.75685,223.18033
464.2267,215.14691,469.5385,212.6771,465.69766,206.75821,0.0,0.0,451.5052,191.73639,429.32327,210.86987,416.79718,199.27313,422.7337,250.19171,412.66534,255.66089,456.3124,250.7186,461.5371,260.0023,307.9527,215.58525,299.4815,200.93811,235.83481,232.51552,229.20337,223.07156,142.24799,222.05785,147.78877,220.32881
468.72296,216.86588,0.0,0.0,469.19363,209.19191,0.0,0.0,453.49487,193.15543,431.39474,205.78961,418.65112,198.46967,422.6742,249.44571,412.02048,258.02576,455.24954,251.5411,459.711,260.57053,313.02692,217.24602,304.6224,204.53885,238.05225,237.64719,233.61589,229.98718,147.73732,224.31311,152.29193,221.51804
466.38593,216.89981,0.0,0.0,466.75305,209.66795,0.0,0.0,452.50952,194.00644,429.90256,204.39934,419.4093,198.70593,420.19235,249.25778,411.80814,258.72498,454.87234,252.02725,459.28342,259.9978,310.94412,215.82288,304.1098,203.88585,235.58157,235.351,233.70282,229.22118,146.99745,225.2408,151.73181,223.88403
464.77567,216.8763,0.0,0.0,465.42645,209.56357,0.0,0.0,451.30325,193.29388,426.55566,202.93799,417.78906,198.07211,418.07635,247.33884,412.63162,258.83292,453.86905,251.91885,459.5701,259.42212,304.74823,214.21738,298.90433,202.66756,232.11078,234.3893,230.98941,229.14133,144.61665,223.46094,150.37178,223.70302
466.02133,217.92232,0.0,0.0,466.23895,210.66466,0.0,0.0,451.65146,194.5669,429.65012,204.0485,418.07544,198.78415,419.15622,248.82095,411.73236,259.07773,454.37723,251.76471,459.53455,259.80737,308.72754,213.98482,301.17203,202.22488,232.89134,235.90471,230.51508,230.08368,145.6857,223.87238,150.61827,223.15878
465.30276,216.70335,0.0,0.0,465.7469,209.18936,0.0,0.0,451.3409,193.10779,430.1614,205.427,418.4212,198.6882,420.37994,248.61414,412.0925,257.81345,454.97333,251.78366,459.5503,259.675,311.41006,215.72714,303.7505,203.32033,233.57376,235.89662,230.388,229.56976,144.25685,224.91809,150.21402,224.50258
463.06134,217.23322,0.0,0.0,464.27814,209.23207,0.0,0.0,449.9629,191.77954,425.56696,205.84518,416.34045,197.26976,418.30835,248.82993,412.51212,256.7014,454.54742,252.03537,459.63733,259.2269,305.61102,216.00867,299.3247,202.89476,230.92514,238.91922,227.82492,232.4127,140.21172,225.11899,147.07031,226.31525
520.30145,214.9343,0.0,0.0,522.4205,204.70993,0.0,0.0,503.8998,177.49374,464.57455,182.6184,463.20804,182.57805,456.56195,242.93909,471.96924,271.1679,523.4163,270.52423,520.3147,287.0011,295.29358,185.14229,294.57605,171.495,195.84328,226.29099,197.20085,223.92316,70.037476,215.23712,77.98926,226.64638
519.8248,213.82626,0.0,0.0,522.0278,203.42447,0.0,0.0,503.349,176.29951,463.60135,182.4132,462.32172,181.8344,454.84314,242.78574,471.34308,270.5478,522.5426,271.4299,520.8064,289.1383,294.0915,185.32248,293.38422,171.39719,194.43907,226.56476,195.37175,223.15498,70.071014,216.8711,77.89038,226.85379
521.00586,214.04819,0.0,0.0,522.77954,204.09448,0.0,0.0,503.849,177.90753,466.1373,181.40712,463.57617,183.58272,458.38245,239.36395,473.1146,271.20636,525.92456,270.84036,524.4677,288.33292,298.4018,181.63539,296.9213,169.26736,200.3668,222.2082,202.1181,221.40295,75.887146,212.60884,84.388245,224.97455
519.5375,212.17601,0.0,0.0,522.5676,201.28825,0.0,0.0,503.79352,173.90807,462.53607,184.5051,461.52545,180.67273,453.2789,245.4266,470.76123,268.96924,521.007,274.20602,523.4958,292.45148,295.41498,189.69086,294.55762,174.79442,197.75641,227.25694,196.89362,223.06561,72.47833,211.57712,81.097046,222.25594
523.1342,214.2587,0.0,0.0,525.05774,202.68086,0.0,0.0,504.6792,176.25493,458.4419,190.81174,460.90442,184.9826,454.89914,260.96118,477.02704,280.4858,520.97516,275.614,520.4855,284.30878,284.59027,200.9038,286.38953,184.62245,206.54312,237.08797,208.3247,225.85866,94.74716,234.78421,100.92799,234.62543
524.0327,212.09811,0.0,0.0,525.22797,201.14523,0.0,0.0,505.0835,175.40399,463.2568,186.9994,468.0068,185.2516,459.44696,258.69427,479.68857,278.0631,520.15283,278.62277,521.24927,283.39502,305.2521,209.38206,307.8727,197.25719,228.47757,213.83006,232.30449,216.92355,99.10216,207.92337,109.698944,228.48076
526.76685,208.34695,0.0,0.0,529.1498,200.1094,0.0,0.0,514.101,175.50906,458.54803,170.3298,474.8974,185.17232,450.5049,232.04909,481.92694,279.63992,513.86554,274.8793,519.5001,285.02353,287.9316,194.79471,298.26334,187.69084,198.96692,228.89836,208.86758,234.7296,81.25595,215.78998,86.91965,229.91533
528.3264,207.59122,0.0,0.0,530.3663,198.14246,0.0,0.0,513.73285,172.55692,465.41125,175.32465,473.11935,182.62924,459.15594,245.59726,481.62222,279.5525,0.0,0.0,519.55365,282.99078,296.408,198.48622,301.36884,189.22159,216.5035,223.58882,222.89339,227.875,97.98378,211.91075,106.460526,229.4055
524.79346,209.4443,0.0,0.0,524.2923,197.36089,0.0,0.0,504.4087,177.5252,469.34277,194.80148,472.3046,183.79161,0.0,0.0,473.87677,239.3808,0.0,0.0,504.92096,256.8807,298.0593,222.0793,296.41287,203.79288,182.16876,230.21521,190.932,226.52208,61.118652,230.21042,70.681915,241.64932
523.09534,208.6535,0.0,0.0,522.96313,197.09598,0.0,0.0,503.0282,177.83434,466.5917,194.36769,469.8983,184.41234,0.0,0.0,467.2226,242.98909,0.0,0.0,498.515,260.20352,298.11517,219.80093,296.45282,202.68558,178.70074,233.1464,188.51227,232.69505,63.440277,224.59871,74.75397,240.43657
525.3028,205.8942,0.0,0.0,525.1576,194.93512,0.0,0.0,506.69287,177.48393,471.80048,195.23282,471.8761,185.24326,445.1672,243.88348,468.75006,241.3244,488.6634,278.0121,496.86526,260.41452,288.81967,222.54932,284.959,203.6501,155.68785,234.83884,164.41411,231.56245,43.543198,222.23802,52.243866,233.39195
531.2864,210.51732,0.0,0.0,534.15344,200.30557,0.0,0.0,518.58435,174.86674,464.07153,178.80626,476.07257,185.70868,465.16064,238.91478,488.7409,280.34576,540.5521,273.41245,533.26965,292.4298,272.70117,203.1529,279.64172,191.86816,188.96872,227.60742,196.19858,229.05879,59.442078,214.62035,67.77133,228.23836
518.6162,215.20862,530.17126,210.86949,519.787,202.86932,0.0,0.0,503.1286,183.9862,475.1974,207.69513,469.5204,185.74252,0.0,0.0,465.904,229.39568,0.0,0.0,504.78476,258.3132,291.1883,227.25737,283.5934,202.98883,162.83936,228.75252,167.89874,220.63448,36.84709,227.36707,46.920486,238.6563
531.13367,213.65317,0.0,0.0,534.917,203.01694,0.0,0.0,521.0675,177.80176,472.18396,188.54562,478.6644,188.13583,477.2422,249.7463,494.8501,279.96912,554.24,275.68796,542.5027,291.59262,276.50372,205.7066,279.79858,190.98006,183.98701,227.01965,187.98949,226.22511,55.083557,208.92165,64.52783,224.0843
525.7046,214.04846,539.0586,207.7323,525.89355,200.63043,0.0,0.0,507.64526,179.91965,485.87888,200.6491,471.07767,184.27557,0.0,0.0,473.11353,234.42836,0.0,0.0,0.0,0.0,289.96146,216.98854,276.5538,193.7476,155.19034,239.74438,154.36961,232.06122,34.401,225.72975,41.674835,238.52567
524.78687,209.37114,538.3539,203.45056,526.1775,195.59656,0.0,0.0,509.5412,175.28821,483.32855,200.77415,470.15256,181.33324,0.0,0.0,475.0499,231.29408,0.0,0.0,506.13232,260.11234,274.8962,220.8794,262.53406,195.47572,145.03023,238.33736,143.59453,227.08621,21.29953,226.18413,28.762085,235.81152
529.2599,214.41318,542.6841,209.06955,530.1945,199.7498,0.0,0.0,512.90753,178.87263,494.68234,206.836,472.14737,180.93112,0.0,0.0,472.66928,225.85323,0.0,0.0,0.0,0.0,279.7466,221.6202,261.58792,192.77263,167.59322,231.98466,161.58667,216.9798,22.355042,234.64444,28.91626,243.01004
531.7294,209.5503,546.5793,203.95634,531.7061,194.73328,0.0,0.0,0.0,0.0,503.07928,205.18349,477.33737,181.64153,0.0,0.0,473.2307,226.66096,0.0,0.0,0.0,0.0,300.3993,220.67532,280.2296,193.40465,176.82718,230.50787,170.8335,218.29535,33.34613,230.72926,42.380035,241.93665
534.4049,208.586,549.475,202.77162,535.142,195.02943,0.0,0.0,0.0,0.0,506.41333,204.77176,479.13,184.17444,0.0,0.0,472.1397,225.90503,0.0,0.0,0.0,0.0,293.01636,222.19206,271.62103,195.6535,156.67052,230.36517,152.83372,219.7234,23.092804,228.46161,31.746185,239.5806
533.68353,203.80765,551.316,195.88275,533.07166,188.69469,0.0,0.0,0.0,0.0,514.42957,203.65515,477.1446,186.39075,0.0,0.0,457.42242,233.05823,498.3736,276.45792,455.96436,259.28964,301.76224,220.79565,275.5487,194.75842,150.02565,233.12924,141.13712,223.14336,22.701935,221.20996,31.112518,233.49998
532.1764,204.66447,551.99963,195.70651,532.084,188.81854,0.0,0.0,0.0,0.0,516.44684,208.6983,470.60742,192.92476,471.59387,254.99585,422.33795,236.0139,434.38403,297.50317,376.9867,259.58533,289.08173,218.20349,258.13727,190.45816,131.74031,233.59013,118.40634,221.52171,6.57016,226.18309,14.550537,238.1561
530.7938,204.22684,549.81714,196.1793,530.03375,188.97383,0.0,0.0,0.0,0.0,509.1931,208.30682,471.08453,189.01242,480.24133,251.30396,441.50128,232.46436,492.97064,281.18536,433.35236,253.26822,279.78168,223.18796,253.01654,195.24231,130.90044,238.71655,122.20569,225.30298,1.3361816,226.85324,8.879669,234.41948
529.3714,204.18163,544.7387,195.22568,528.1958,190.39043,0.0,0.0,0.0,0.0,509.8018,206.50412,468.9211,193.24191,457.37137,256.19482,386.78604,233.42448,395.9288,299.17087,300.0169,248.91809,281.5131,219.68414,253.87709,192.61684,145.913,227.60657,137.80193,216.1161,0.0,0.0,9.473206,241.25522
526.4646,201.79208,547.094,191.30705,523.6547,186.1284,575.34753,186.87117,0.0,0.0,525.21436,202.94931,474.14166,189.98828,493.91617,240.66298,421.1638,223.73523,491.46515,279.80322,368.3979,248.71112,314.4781,217.05605,281.7655,191.16893,143.05144,236.31142,131.23468,225.84038,24.872131,223.40959,31.87851,233.33708
525.2887,211.20032,543.84827,201.4858,522.7389,196.75577,570.08374,195.8989,0.0,0.0,522.07947,209.44794,476.8154,194.39737,481.69263,249.06067,443.3094,225.90231,441.8426,295.0702,0.0,0.0,307.20316,217.25279,275.9537,189.76424,147.78743,233.52249,136.12941,221.81885,20.550018,230.5139,27.04956,238.69638
523.9636,209.22939,543.32965,198.36462,522.85394,194.50583,571.9297,191.86948,0.0,0.0,519.20026,205.61087,481.22003,192.82469,449.06186,249.28696,456.73962,231.51656,366.24765,292.66547,442.9983,263.76114,296.89114,215.22757,267.0668,187.48181,131.11905,234.6235,120.5482,222.73158,11.46347,227.28358,19.00116,235.63324
527.0555,201.80249,545.7787,190.59143,525.46375,187.05824,0.0,0.0,0.0,0.0,518.68835,201.0949,481.87903,191.25418,452.224,246.91281,458.80237,236.2011,371.2362,299.7018,445.201,274.8301,289.63278,212.18564,260.79642,185.06975,125.48393,232.25475,115.971344,221.94162,0.0,231.58806,0.0,0.0
524.3166,208.75087,545.3839,196.99217,522.64166,192.5267,577.90393,191.99821,0.0,0.0,524.3559,210.12505,481.2727,191.62656,410.15674,262.3766,456.10187,230.19333,238.13292,300.59357,437.90833,270.24692,296.40704,215.68544,259.95587,182.9863,126.03508,238.243,111.39925,219.91188,0.0,0.0,0.0,0.0
525.28876,202.67058,549.6163,191.13069,524.57654,183.22298,581.44775,193.4282,0.0,0.0,510.9113,215.42609,467.49936,192.24263,324.49045,263.77753,345.5377,222.40022,66.381195,266.61975,206.91208,246.38242,295.9599,212.07205,261.22018,177.217,121.83087,228.79158,111.042145,208.74413,0.0,0.0,0.0,0.0
527.6003,197.708,552.796,183.15837,0.0,0.0,593.4012,180.31183,0.0,0.0,531.5834,207.23903,488.20477,187.63086,365.54684,263.1055,418.878,221.738,127.50905,279.94293,327.50006,252.04993,309.50986,219.89107,272.1809,185.63214,121.76511,240.06223,109.40051,220.39108,0.0,0.0,0.0,0.0
525.32043,194.82854,549.3402,181.53952,0.0,0.0,586.79596,179.62338,0.0,0.0,519.76636,205.20787,490.90515,186.7797,358.66818,261.1845,451.03555,226.62003,154.89882,277.80582,411.6975,255.96368,297.31662,218.4168,267.24078,186.46718,115.131424,241.4695,108.17636,225.97133,0.0,0.0,0.0,0.0
529.1549,186.59169,554.7316,173.88715,526.6714,167.36594,589.83655,179.01538,0.0,0.0,520.2556,212.6973,474.01367,187.30716,345.61697,268.22266,372.4529,216.1745,101.92575,269.95645,251.85777,234.96666,292.44235,224.22417,254.7771,188.32016,106.94208,239.38544,96.653336,219.71318,0.0,0.0,0.0,0.0
532.90076,191.78638,561.99414,175.14111,0.0,0.0,612.81036,179.29239,0.0,0.0,548.6774,222.27731,492.90778,194.61026,341.3669,270.8753,346.91766,207.89656,60.28044,253.38907,174.81876,223.68207,323.78708,234.47768,281.56424,195.28268,130.23232,249.15588,118.01886,222.44453,0.0,0.0,0.0,0.0
559.7998,218.57079,583.31635,206.11852,560.2743,199.7542,0.0,0.0,0.0,0.0,545.5721,219.2129,516.3392,199.16331,485.0642,271.63574,503.4693,254.93243,427.16565,296.55856,482.31924,267.75446,280.9328,217.05664,255.79868,185.8405,141.76013,236.02095,137.06326,224.80481,0.0,0.0,0.0,0.0
561.28784,228.68687,586.8815,215.66092,0.0,0.0,0.0,0.0,0.0,0.0,546.13226,219.20268,519.68774,200.09848,466.2885,265.662,511.82184,250.62619,380.9757,294.2032,497.56393,261.77252,291.54803,215.49467,265.47083,185.23816,145.66638,233.96211,139.20757,225.9117,0.0,0.0,0.0,0.0
553.80066,224.49606,0.0,0.0,0.0,0.0,0.0,0.0,0.0,0.0,545.93835,218.29178,520.63947,198.32253,477.72644,266.34552,518.71313,248.85736,393.5171,287.59296,510.90762,258.53796,293.91257,221.45157,269.04343,190.63393,154.68639,232.24484,148.48378,222.62576,0.0,0.0,0.0,0.0
555.3946,229.1893,0.0,0.0,0.0,0.0,0.0,0.0,0.0,0.0,501.47693,203.66487,511.77393,194.68228,483.4677,234.1196,510.67603,251.7373,549.1926,261.4735,522.9369,266.0331,247.38184,205.67343,249.04416,189.1955,210.65887,212.89986,220.99683,217.2063,0.0,0.0,0.0,0.0
553.91614,230.39046,0.0,0.0,0.0,0.0,0.0,0.0,0.0,0.0,510.8482,202.90056,511.78873,192.81285,0.0,0.0,516.3387,251.7179,529.35645,262.50092,525.24335,259.69427,254.39804,201.0472,249.17569,182.19714,192.92819,219.70673,200.27823,222.89752,0.0,0.0,0.0,0.0
557.08563,236.77473,0.0,0.0,561.32263,214.58199,0.0,0.0,552.7564,193.15413,509.3735,212.98476,508.7777,205.11075,0.0,0.0,489.62326,260.8515,554.96924,274.44193,470.2174,279.08643,263.404,213.3396,259.9173,197.00635,228.79689,198.86708,235.82086,203.1447,0.0,0.0,0.0,0.0
558.82104,230.20625,0.0,0.0,563.87134,207.86514,0.0,0.0,556.8208,187.20981,518.06573,211.70776,504.55164,204.02415,504.43692,243.57031,457.2591,265.46097,556.0442,271.51627,396.17117,272.6531,257.68463,218.66074,247.56992,200.23044,232.17789,204.05292,229.84868,202.26602,0.0,0.0,0.0,0.0
555.39246,237.1977,0.0,0.0,561.2741,215.41843,0.0,0.0,553.7024,193.9776,509.31024,214.51852,497.7563,206.35602,489.65433,247.03085,445.78244,262.98575,537.31384,275.6675,380.5738,275.65585,254.61966,218.94069,244.99252,201.92265,223.92836,206.20296,221.3479,207.5467,0.0,0.0,0.0,0.0
479.37793,232.54613,0.0,0.0,480.76184,226.58653,0.0,0.0,467.28418,207.92464,428.21808,199.3875,432.39642,214.02892,417.4574,246.9505,431.35837,290.94565,454.78943,273.67917,460.36093,289.56204,291.9467,208.55078,295.08215,204.3832,221.95177,234.40811,226.58408,241.3013,132.08417,224.28398,135.52528,237.678
474.42416,229.30655,0.0,0.0,474.25534,223.92953,0.0,0.0,461.745,209.59341,437.62805,205.8106,432.26285,216.07832,427.93414,246.06659,424.15796,281.49353,456.90173,275.19336,449.38,294.6032,305.24777,206.2983,302.8402,200.23024,224.37943,229.93314,226.83914,236.54079,132.21729,221.4529,135.78021,235.43323
486.70648,233.77664,0.0,0.0,486.3661,227.25133,0.0,0.0,466.68164,210.02681,428.86703,206.52351,432.16028,216.36974,417.31244,253.4957,434.64737,288.2624,455.76813,270.9783,468.83392,291.9825,295.48566,211.91624,297.46545,206.35681,223.80121,235.26266,230.43646,240.90666,134.97224,226.16827,139.43518,238.91846
487.91296,231.86885,0.0,0.0,486.91248,224.5111,0.0,0.0,464.61502,206.45865,424.4004,203.8038,429.2693,214.92671,413.2676,256.38092,440.1715,292.99008,458.04868,270.38232,477.09363,287.47345,289.21017,213.57266,291.37137,209.02693,224.945,237.18163,231.143,243.45563,139.72371,224.87485,143.95158,238.58105
486.4299,233.00734,0.0,0.0,486.1424,225.7957,0.0,0.0,465.9158,206.67958,423.54236,203.20876,431.29776,214.02791,412.61115,256.74625,440.08984,292.61417,457.61526,271.68506,477.73608,288.64584,290.42053,215.35622,294.57986,210.6987,227.07382,237.55399,234.45557,243.83955,139.74835,225.23567,143.99197,238.8865
480.496,233.66754,0.0,0.0,480.65247,227.96968,0.0,0.0,466.16907,208.5558,425.1968,195.10591,435.4319,209.6908,412.5908,241.96768,433.57596,283.1006,452.4675,269.6672,470.51184,296.9038,293.43076,205.03802,300.04752,201.70084,226.76425,237.4468,239.17816,246.26389,139.27975,233.33821,143.50858,248.06293
481.96152,235.28735,0.0,0.0,480.78384,229.7824,0.0,0.0,463.55017,212.1451,426.6364,198.81987,432.08496,213.02988,413.20975,245.04083,431.3421,284.83798,456.77985,263.5546,472.21225,292.1926,293.8454,203.34192,297.3195,200.05449,226.23022,235.9046,238.19211,244.10144,140.82417,232.24957,144.42152,245.74582
480.13458,236.4477,0.0,0.0,480.08298,230.72054,0.0,0.0,464.45215,210.81154,425.16055,197.7594,431.8209,210.66615,410.58337,245.8088,430.4436,283.43118,453.53482,267.83838,471.31964,292.4825,292.4936,204.56218,296.65457,200.93399,225.94452,236.18105,236.80762,244.89029,140.50328,229.15318,144.56319,244.96228
480.67368,236.63896,0.0,0.0,480.3992,230.9762,0.0,0.0,464.58234,211.36505,426.10803,197.27158,432.38757,211.30728,411.20584,244.17337,429.77643,283.5853,453.2033,267.91238,470.9423,293.1591,294.12375,202.75508,298.12018,199.65515,227.65465,233.75996,238.63705,243.2274,141.78036,228.6417,145.70755,244.87451
482.39856,236.53352,0.0,0.0,481.28827,231.30904,0.0,0.0,465.6729,213.52315,430.0963,197.51907,436.4309,214.39418,414.31223,243.13922,432.42877,287.05676,456.26062,264.68665,472.43863,292.11856,299.80933,197.92644,304.2843,195.80984,230.6395,227.32985,243.44981,238.12878,141.43953,228.81038,145.35178,245.48932
484.15717,236.04044,0.0,0.0,482.4143,230.88617,0.0,0.0,465.86908,213.66898,431.50137,196.75217,437.01874,214.68535,416.2539,242.92818,433.1972,288.6433,459.5147,263.45218,472.82712,290.84326,300.80826,194.82037,304.9829,192.95677,231.93495,225.07251,245.32843,235.25165,141.08795,226.96568,144.69336,241.58519
483.2702,236.57489,0.0,0.0,482.00824,231.87349,0.0,0.0,467.03598,215.4182,431.6276,197.5748,438.52017,216.29826,419.12854,241.59946,433.75537,288.75537,461.9107,262.8362,470.3918,292.1919,299.82095,194.82047,305.08026,193.20892,230.07129,227.0554,244.65663,238.39276,140.95998,229.3144,144.80086,245.50186
482.62805,236.86047,0.0,0.0,481.90674,231.6707,0.0,0.0,467.0695,213.86256,430.18854,196.88972,437.3569,215.16922,416.80823,241.69423,433.7323,289.30365,459.6245,264.0812,470.3708,292.30096,298.50015,195.28697,303.71402,193.73685,233.58133,226.37975,246.1401,237.54076,145.18085,227.54727,149.22832,244.69617
482.38943,237.05524,0.0,0.0,481.75882,231.89645,0.0,0.0,467.15985,213.8977,429.42413,196.65479,437.67078,214.86914,416.31122,241.9193,434.031,289.2931,459.74957,264.30713,470.45215,292.48892,297.45306,195.05342,303.3868,193.40384,232.03442,226.92082,245.21826,238.0764,143.232,227.95358,147.19644,245.05453
481.19,238.02269,0.0,0.0,480.6949,232.84761,0.0,0.0,466.51605,214.05331,428.38013,195.6614,437.0429,214.3823,415.22827,241.38454,433.9879,289.59784,457.99774,265.84537,469.30096,293.16205,295.84662,194.98695,302.05136,193.40094,231.32133,229.1754,244.14386,240.05376,142.31323,229.28845,146.1142,245.85449
481.286,238.12628,0.0,0.0,480.7205,232.89433,0.0,0.0,466.42883,213.79968,428.1521,195.15416,437.20807,213.8992,415.78378,241.8017,434.7828,289.87134,457.20654,267.35052,469.3355,293.62656,295.45334,193.8215,301.95847,192.21478,231.5789,228.36401,244.69748,239.37082,141.97017,229.48497,145.78355,246.28305
481.38684,237.59856,0.0,0.0,480.745,232.45508,0.0,0.0,466.48575,214.38266,428.86426,196.93011,437.4752,214.9014,416.57153,242.14424,433.76785,288.89355,458.41107,266.90475,468.09128,293.8664,296.5136,194.34535,302.7991,192.39761,232.26685,229.1121,245.32143,239.56964,142.33931,230.1443,145.86671,246.24411
481.964,236.99815,0.0,0.0,480.93323,231.56496,0.0,0.0,465.26056,213.68073,427.69733,197.5785,436.05408,214.86021,413.9309,244.50595,433.05548,289.73053,457.533,267.06073,470.36328,292.5589,295.39105,195.536,301.25418,193.42511,231.26738,230.2368,244.45384,240.32141,140.74362,230.16377,144.74905,245.65268
482.44724,237.07298,0.0,0.0,481.258,231.76944,0.0,0.0,465.53064,214.07513,427.7122,197.04279,436.77728,214.99763,414.12494,244.01248,433.47397,289.90747,457.8459,266.39975,469.91504,292.0513,295.3446,194.49394,301.7512,192.63173,230.58365,229.72226,244.64648,240.22574,140.69147,230.75864,144.28757,246.29944
482.5078,237.30933,0.0,0.0,481.5866,231.9284,0.0,0.0,466.8952,214.29698,430.00137,198.02858,438.13144,215.29065,417.12943,244.25916,433.2826,289.8128,460.33377,265.50513,468.95938,292.4933,297.34265,194.13516,303.27042,192.00568,233.29103,227.6195,246.39969,238.16556,142.70871,228.98424,145.83748,245.43658
481.84225,237.43494,0.0,0.0,480.89563,232.30281,0.0,0.0,466.0575,215.06552,428.78247,198.0329,437.09875,216.06265,416.3623,243.98683,433.3081,290.2829,460.59802,264.96274,470.91498,291.41913,295.9195,194.16193,301.9153,192.39955,230.9213,227.74919,244.69153,238.90923,141.3913,229.16827,144.69812,245.94736
481.20538,237.29008,0.0,0.0,480.49542,232.09473,0.0,0.0,466.1042,214.4469,428.31442,197.54868,437.46533,215.2977,416.0848,243.14304,433.32367,289.38452,460.11197,265.1391,470.14575,292.25262,296.5598,194.31627,303.1039,192.45164,231.56291,227.90256,245.32011,239.02498,141.74033,229.51854,145.1961,246.51816
482.6501,237.26877,0.0,0.0,481.58844,232.08426,0.0,0.0,466.89816,215.12378,431.80188,198.68623,438.48108,216.22942,419.06085,243.12643,433.54187,288.98694,460.661,266.32428,468.86066,293.51868,299.8303,193.52473,304.88422,191.47118,234.0354,226.47421,246.40237,237.17447,143.41652,228.80931,146.23305,245.2864
481.51212,237.37996,0.0,0.0,480.49335,232.09029,0.0,0.0,465.53662,214.52957,429.38712,197.94263,437.0378,215.76758,415.89316,244.75543,433.21417,290.92856,459.51138,264.67673,472.16406,290.84164,298.96765,194.04395,304.38696,192.54564,235.2893,227.81798,248.60022,239.8755,144.15662,227.51143,148.46758,246.13239
482.3027,236.88342,0.0,0.0,481.10175,231.70125,0.0,0.0,465.91455,214.76581,430.6206,197.74608,436.78223,216.24338,418.65924,241.87697,433.18457,289.93152,463.07986,263.2005,470.3311,291.78928,297.11725,193.97797,301.76294,192.28076,231.40393,226.68094,243.62158,237.63208,140.97533,228.18549,143.5992,244.62015
481.44147,236.05821,0.0,0.0,480.60413,230.92088,0.0,0.0,466.73752,214.75023,432.01157,199.18155,438.25998,216.24074,420.95554,241.51277,432.07147,287.5206,463.2821,264.94745,466.04092,293.7762,298.96503,193.49727,303.8116,191.0773,233.93704,226.18796,244.97516,236.55481,141.87001,227.84676,142.97601,244.20764
481.69122,237.00978,0.0,0.0,480.58182,231.86163,0.0,0.0,465.5597,215.07996,430.17297,198.39494,436.68707,216.76912,419.37064,241.73796,433.5737,290.18192,464.8144,261.7681,470.87686,291.2582,297.211,193.8722,302.12653,192.12335,231.50436,227.15413,243.90704,238.01819,141.00072,228.6329,143.7737,245.0209
481.9913,237.37831,0.0,0.0,481.04813,232.26717,0.0,0.0,466.81595,215.38795,432.13333,198.4681,438.30478,216.62775,422.12686,240.81354,433.16412,288.86942,464.73788,263.3789,467.17026,293.2948,298.93027,192.84897,303.75052,191.05731,233.61633,225.4606,245.12971,237.30789,142.29694,226.63882,144.09395,245.08478
481.2945,237.99217,0.0,0.0,480.55383,233.05734,0.0,0.0,467.15472,216.08348,431.83044,197.95177,438.93185,216.85733,422.34677,239.70334,433.13553,289.28622,466.66443,261.67807,467.45343,292.78647,298.58926,192.13663,304.0913,190.61523,233.19406,225.61917,245.26163,237.89597,141.54286,227.23764,142.85942,245.9625
481.8036,239.0364,0.0,0.0,481.35455,233.83635,0.0,0.0,468.47028,214.72131,430.9101,195.50488,440.4698,214.07446,418.67816,240.5913,433.27267,289.8608,463.17062,263.51697,466.28287,293.11526,298.14655,189.29213,305.35712,187.53543,233.6487,228.83517,247.21844,240.24036,140.73381,229.26949,143.25728,246.80609
480.01202,239.8451,0.0,0.0,479.944,234.59273,0.0,0.0,466.69952,215.00104,429.5709,197.42596,437.2319,214.56343,418.32053,242.98477,433.76678,290.19073,461.37204,263.14755,470.2248,291.69412,298.72205,193.1982,304.48022,191.06142,233.20029,228.82031,245.70499,239.74606,141.6893,229.28502,146.19669,247.40314
481.15945,239.59953,0.0,0.0,480.73175,234.32909,0.0,0.0,466.09644,215.38908,429.16293,197.98349,435.4608,216.02092,418.40536,243.53459,434.50858,291.77634,463.1917,262.5613,472.34055,290.50693,296.29202,195.86154,300.9801,194.08847,229.77051,228.32825,241.48343,239.48567,140.5476,227.67464,144.40392,245.49481
481.34543,240.2908,0.0,0.0,480.7177,234.87866,0.0,0.0,465.68433,215.28238,429.78317,197.8557,435.34393,215.20317,418.55304,243.71909,435.1061,291.2856,462.503,262.813,471.5771,290.91428,297.5751,194.10379,301.8548,191.96027,231.73334,228.9432,243.00076,238.96573,141.74986,227.78265,145.93959,244.35867
480.17572,240.1764,0.0,0.0,479.7646,234.88892,0.0,0.0,465.67737,214.53172,428.9238,195.32367,435.5752,213.82504,417.33405,241.15024,434.41873,290.66525,461.3803,262.71768,469.89267,291.16837,295.68314,193.051,300.73456,191.38611,230.14574,229.47464,242.05002,240.66463,139.99098,227.52863,144.46143,245.5888
479.99792,240.05583,0.0,0.0,479.68555,234.82858,0.0,0.0,465.88214,214.31796,429.79657,194.9815,436.01562,213.59647,417.7322,239.7717,433.4992,290.0367,461.53784,261.52097,469.62625,290.94873,298.59616,191.94974,303.41095,190.56084,233.64017,230.76338,245.4093,242.94052,141.24191,226.41449,146.44778,246.3306
480.07483,240.33722,0.0,0.0,479.2208,235.31401,0.0,0.0,464.3742,216.67427,429.08954,198.41829,433.42838,216.64757,416.29773,244.88751,432.5554,291.7347,457.52545,265.53937,468.0108,289.9285,293.48816,196.96057,296.91824,194.93651,224.75809,231.2036,236.19373,241.51622,136.71498,227.03386,140.34396,242.9337
479.9098,240.95409,0.0,0.0,479.2572,235.92479,0.0,0.0,464.73355,216.69366,428.5739,198.48749,434.26163,216.5144,417.68842,245.31082,433.59753,290.991,457.63382,267.3994,468.64395,290.05057,294.70197,201.31989,298.84906,199.54205,225.98845,234.4847,238.55582,246.5383,138.17601,227.72018,142.85347,246.23465
474.85477,241.23535,0.0,0.0,474.95407,236.26416,0.0,0.0,462.20956,216.34784,424.67328,198.51424,432.0481,215.17621,413.78473,246.67532,431.24973,289.87375,454.91498,268.9172,469.15836,289.80722,293.88647,201.23932,299.14618,199.03543,226.63388,231.858,239.10225,242.97093,138.98416,225.88383,143.40724,243.51761
476.6418,238.58276,0.0,0.0,477.55444,232.52565,0.0,0.0,464.8552,211.7897,421.44498,197.7578,435.30908,213.71655,411.3588,247.37329,435.71973,291.96387,457.07153,268.68958,472.53394,288.66602,291.04077,204.56134,299.78186,202.32516,230.3868,234.03374,242.45563,246.06042,139.19272,222.8136,144.46967,243.36546
470.9984,238.22102,473.33267,232.33054,471.98822,232.41208,0.0,0.0,467.55243,215.80635,444.6034,210.9382,444.73004,214.86871,431.81393,253.5227,428.81964,275.9454,448.3546,285.8975,438.77332,297.31516,311.23453,195.25186,312.7896,186.09215,243.08286,228.32547,246.00497,231.19649,147.99553,231.22804,146.45624,243.71799
475.33673,245.62936,0.0,0.0,477.0141,241.50891,0.0,0.0,470.8915,222.2359,433.97604,200.37866,444.85437,217.7122,422.11652,240.28262,429.79675,283.5324,451.10425,276.66895,448.94424,296.69736,306.68945,194.21292,314.66818,192.24382,239.30298,228.39365,249.57703,243.55435,149.86098,223.21452,148.01282,247.7692
481.76367,236.25087,0.0,0.0,481.14316,230.54039,0.0,0.0,465.85516,213.22142,427.43988,199.47476,435.9585,217.48688,416.02826,246.34598,435.2428,294.11493,462.69028,263.633,475.42197,287.72214,294.3292,202.81891,299.73334,201.22247,229.54523,232.74933,241.1264,245.09778,137.98042,223.24292,141.98141,242.57822
478.0572,237.96016,0.0,0.0,477.89682,232.71768,0.0,0.0,464.42792,214.05676,426.3984,197.52478,434.87122,215.20433,415.1149,242.59666,432.27753,289.31165,458.2657,265.123,468.67883,291.31375,293.69223,200.40005,299.53687,198.53378,228.33376,231.84671,240.25066,244.06119,136.90013,224.1002,140.59602,243.59714
477.84494,239.54326,0.0,0.0,478.00592,234.45282,0.0,0.0,464.6907,214.43674,425.44946,195.99362,433.8973,214.77802,414.57498,243.25989,433.82397,291.79877,457.01025,264.72327,469.99066,289.52115,292.98553,200.33928,298.9113,198.80363,226.13142,232.12267,238.11877,243.90462,137.87428,226.1481,141.85612,244.54016
481.17133,239.90744,0.0,0.0,480.76904,234.45355,0.0,0.0,465.43146,214.45595,427.4651,197.35786,433.51172,215.00879,415.44073,245.6531,433.54263,292.3248,457.7806,264.74323,470.15097,289.125,294.25012,201.28748,298.5323,199.293,228.099,231.68562,239.14307,242.17183,138.71646,225.64905,142.62312,242.34225
479.23547,239.14961,0.0,0.0,480.7243,233.63768,0.0,0.0,469.51956,213.4849,429.06723,198.57652,438.21222,213.83557,416.77646,243.43939,431.68185,287.38834,454.30933,269.47162,464.82758,293.53223,297.22833,199.40901,303.60617,196.47894,232.04184,229.87245,241.57343,241.52792,138.99757,222.461,141.74664,243.2844
477.01706,236.00131,0.0,0.0,478.45587,230.23618,0.0,0.0,467.59406,211.1022,429.76398,200.24295,437.19537,212.37787,418.1005,243.35887,429.22943,282.6693,453.21255,272.01422,460.16736,295.44806,298.32465,200.02222,303.6326,195.53119,231.56323,231.05556,239.50624,240.51207,137.01405,224.7713,139.64499,243.52393
475.4404,233.65508,0.0,0.0,476.77106,227.63237,0.0,0.0,465.92526,209.42065,428.57797,200.74101,436.09473,213.21886,417.87726,244.3742,432.59247,285.93323,456.08948,270.2403,465.59265,294.21063,295.60544,200.3494,300.7571,195.8102,230.57416,231.48166,237.37245,239.99722,135.09848,224.72089,137.9144,242.3815
479.0606,238.3922,0.0,0.0,480.00092,232.34155,0.0,0.0,467.36377,213.93034,430.54184,204.25923,437.23245,215.93346,419.05304,245.20795,429.97635,285.22864,453.0931,268.86758,456.8738,292.92328,298.5932,202.39404,303.30188,197.42384,231.28062,229.68236,237.93188,238.0285,133.75447,219.68138,136.95448,236.90602
478.48413,239.63266,0.0,0.0,479.32028,234.00006,0.0,0.0,467.03357,215.64966,430.77408,203.59456,437.1195,216.84793,419.32037,243.46751,429.96027,285.51843,453.61395,267.3013,457.56323,292.9171,299.43698,201.89075,303.9957,197.7055,231.0104,229.4206,238.41818,239.02736,135.35454,219.28732,138.4919,237.5757
478.4244,240.65375,0.0,0.0,479.0447,235.14099,0.0,0.0,465.9915,216.70029,429.62656,203.64523,435.4665,218.20026,419.3849,244.85284,431.9987,289.20932,456.88788,264.66318,463.6735,291.37503,298.56088,201.91849,302.7608,198.48553,230.77274,230.0141,238.68866,240.39775,136.14249,219.13206,139.88072,238.19727
487.74573,188.22134,0.0,0.0,489.55316,181.08379,0.0,0.0,476.99548,156.30083,442.7423,146.7233,440.5932,158.03311,426.1432,202.66916,439.46103,244.87442,474.19394,219.31451,485.06082,242.08472,299.7547,145.31734,298.24695,140.76447,232.41034,187.15009,235.14223,198.47426,122.41664,158.85388,130.611,184.73503
485.8357,189.96579,0.0,0.0,487.18176,183.39511,0.0,0.0,475.16437,158.79991,442.25818,145.11508,439.85388,159.29265,423.8115,200.59917,440.12427,246.05014,472.2902,221.04323,486.797,242.72562,298.24493,144.48624,296.57608,140.85748,229.8191,186.22849,233.09164,197.41422,122.01868,160.3022,129.49692,183.8507
485.6967,190.051,0.0,0.0,487.04266,182.79749,0.0,0.0,473.75577,159.09161,439.42975,152.83844,438.75723,160.18538,421.3404,211.17128,439.27542,244.19162,473.37518,222.27069,489.9367,241.32596,298.80978,151.5748,297.91312,145.48824,231.59724,191.08888,235.69717,198.87103,125.970856,164.49063,133.47188,185.25908
487.82538,190.186,0.0,0.0,489.90845,183.40378,0.0,0.0,477.55914,158.46916,440.55072,147.16772,440.84967,159.26642,423.466,203.66762,440.36166,245.58408,474.0803,221.15048,490.1631,240.59824,298.19095,148.03389,297.9658,144.01749,231.48755,189.20636,235.79651,201.32591,123.362015,160.95241,131.77232,187.20796
487.32416,189.77214,0.0,0.0,489.44662,183.08873,0.0,0.0,477.5347,158.81229,439.8906,147.9314,441.5779,160.23651,423.74414,203.99503,439.23547,246.02637,472.76004,220.0402,488.46185,240.40474,298.7303,150.60684,299.2739,146.89935,233.26625,189.65002,238.57603,203.26938,123.17621,158.74243,131.86475,186.93608
487.04114,189.25214,0.0,0.0,489.15857,182.1348,0.0,0.0,476.82993,157.78137,439.1899,150.23894,441.06357,159.41747,423.18158,208.52449,438.61435,245.39761,473.64874,221.30307,488.61813,240.83621,299.73672,152.06944,300.4221,147.11433,235.4156,190.99542,240.4704,202.30832,125.72415,161.39615,134.0001,187.22498
487.7002,188.90797,0.0,0.0,489.486,181.5081,0.0,0.0,475.94702,157.00893,438.77048,150.26831,439.95798,159.0153,422.15582,208.29845,439.8967,245.319,472.9058,220.19547,491.5489,241.23883,299.27588,152.04175,299.39514,146.73933,235.19841,191.47437,239.32782,201.17973,124.78241,161.86221,133.00244,185.52849
488.055,188.51595,0.0,0.0,489.6114,181.34969,0.0,0.0,476.16385,157.24153,439.5027,149.02695,440.33694,159.40417,423.1254,206.74397,439.18265,245.88895,473.83182,221.09871,489.95694,242.10922,298.63983,151.23718,298.57993,146.64134,233.56172,191.29733,238.19556,202.57875,123.010345,160.9331,131.16425,186.07457
489.6849,188.34738,0.0,0.0,491.58496,180.98892,0.0,0.0,477.3217,156.04094,438.9301,147.08597,440.6324,159.32466,423.11945,202.60231,442.22806,246.70538,474.15427,218.9664,495.4134,240.02306,296.2485,154.46126,296.2289,150.35788,226.56482,192.4291,229.88892,205.42851,113.37967,158.48137,122.75865,186.05875
495.0351,186.97292,0.0,0.0,497.44855,180.07942,0.0,0.0,484.5798,154.11853,447.93143,140.37288,446.67413,158.17133,430.37463,196.56122,445.87692,250.86224,475.69333,216.10126,495.0814,238.08598,306.8385,150.60544,305.3607,148.88104,233.11641,184.77457,235.62704,201.82993,118.05455,150.78009,129.46393,183.00125
493.72046,188.37848,0.0,0.0,496.33047,180.60507,0.0,0.0,482.32977,154.0308,445.52176,147.61409,444.8426,157.25679,428.44348,205.98416,445.92975,246.78995,476.78058,219.57831,498.42676,238.13857,307.3234,154.3787,305.91998,149.40617,233.92503,188.12352,235.04439,200.741,117.955215,150.5176,128.61996,179.45007
493.99872,188.45348,0.0,0.0,496.96936,180.95845,0.0,0.0,483.60925,154.10611,445.84564,146.2514,445.1855,156.5296,428.25394,205.80925,445.50012,246.86841,475.32922,220.95645,497.36304,238.31795,305.8689,151.36404,304.6312,146.5625,230.47845,185.49286,231.87613,198.84662,116.02728,148.59727,126.32782,178.59016
494.36823,188.14536,0.0,0.0,497.16608,180.9061,0.0,0.0,484.03754,155.20242,447.40497,148.0609,446.47037,158.24858,429.81027,206.16675,445.96237,246.79138,476.04395,220.13708,497.44986,237.86264,311.8208,153.63293,310.66528,148.68155,237.01845,185.55386,238.58505,196.94391,122.22861,154.25105,132.00677,180.6039
492.9695,188.32573,0.0,0.0,495.93845,180.7371,0.0,0.0,482.7157,154.03825,444.32733,147.14679,445.0924,156.70755,426.6087,208.16713,445.17822,247.96848,474.62585,220.81273,497.58264,238.57019,306.7222,153.05565,306.42987,147.92851,232.30084,186.07454,234.3449,198.24829,117.187485,151.35265,127.05687,179.3628
493.5207,188.02873,0.0,0.0,496.0677,180.74448,0.0,0.0,482.47186,155.52039,445.13208,148.83228,445.28387,158.88016,428.3228,207.56264,445.4266,247.78369,475.9881,220.72339,496.77448,240.54749,307.05228,152.63742,306.51343,147.74736,232.8793,188.30905,235.69696,201.00809,117.438736,156.24626,127.359085,185.14323
495.56982,188.9487,0.0,0.0,497.9304,181.81172,0.0,0.0,483.4229,156.6364,446.64557,149.21384,445.56857,159.61014,429.29065,207.06659,446.57593,246.94754,476.44293,221.80527,498.53125,239.72223,308.93344,153.68733,307.46686,149.01112,231.41113,186.88596,233.67868,200.16896,117.683,154.7268,127.69571,184.23735
491.27142,184.64793,0.0,0.0,494.4309,175.42009,0.0,0.0,479.0116,150.63527,449.4903,163.58322,443.82654,156.16225,441.367,226.68532,447.26813,235.307,508.20605,235.33012,504.00073,245.39703,319.3511,167.96188,315.86813,156.02383,227.26906,193.93874,230.29636,198.36215,118.36902,167.8512,132.33763,191.8069
491.1369,187.16144,0.0,0.0,494.4841,178.21303,0.0,0.0,479.4101,152.14407,447.1821,161.2177,443.97354,156.29149,439.1328,223.80505,446.79013,236.37312,505.39944,236.75372,501.8033,245.9303,317.5592,165.25623,315.77472,154.4687,228.10236,194.0028,232.03777,200.33498,117.452866,168.01389,131.53186,194.16843
491.0091,187.0867,0.0,0.0,494.62387,178.16331,0.0,0.0,479.81598,152.43971,446.82886,162.65111,444.27356,156.81413,437.9767,224.55954,446.35956,236.06386,503.4193,235.36067,501.23495,245.23846,317.60126,167.6579,316.10205,156.29132,226.47012,194.14838,230.31837,199.2963,115.71181,168.26505,129.56615,192.63564
491.35052,185.34431,0.0,0.0,494.1785,176.15417,0.0,0.0,477.95905,151.88017,448.66974,164.74605,442.8368,157.495,441.06494,226.43678,447.36984,235.72153,507.99054,234.63988,503.2591,245.90271,317.53842,168.15918,313.9411,156.01274,224.09326,193.17087,226.8034,196.93022,114.1102,168.46207,127.8826,191.37675
489.64233,187.43002,0.0,0.0,493.04926,178.71057,0.0,0.0,478.38174,153.88144,447.43085,164.27519,443.2431,158.05762,439.32135,226.01047,446.2359,235.97092,504.24487,234.71793,502.12488,245.58325,318.54016,167.01413,316.08414,155.71002,227.28003,193.27293,231.25975,198.7918,119.75784,167.32278,133.54207,192.35338
490.0221,185.6103,0.0,0.0,493.5055,177.6538,0.0,0.0,481.37976,154.08084,445.03912,157.78581,445.2253,159.05232,428.19244,218.7743,445.3495,244.37994,477.80753,221.99617,501.71567,239.85757,310.07523,157.85509,309.30215,149.57686,233.79391,188.72913,235.44464,197.83087,120.47539,153.78766,130.29382,181.18387
489.60913,185.66669,0.0,0.0,493.10565,177.88261,0.0,0.0,481.4417,154.69849,444.9918,157.75803,445.88635,159.52335,429.07422,218.60622,445.01834,244.44638,478.5081,222.86531,501.4472,240.52376,311.09674,155.423,310.93658,147.62491,237.13272,187.45082,239.73529,197.85371,123.6248,153.24318,133.34357,182.36267
488.51917,192.43752,0.0,0.0,493.31827,185.47227,0.0,0.0,484.77966,161.44356,445.20654,159.82854,448.80197,162.9821,427.5125,217.24431,444.32602,244.08612,477.61774,225.64377,498.95813,240.79623,311.22772,155.73863,313.1752,148.17395,235.36368,186.29868,238.86504,196.30254,124.861084,154.3456,132.57628,181.58525
479.9001,194.52797,0.0,0.0,481.65277,188.13316,0.0,0.0,476.8006,168.99577,452.2986,166.36069,454.60098,165.65855,442.4705,208.86018,432.34537,221.83708,0.0,0.0,419.25995,210.19061,319.4491,145.6272,323.98074,133.52797,237.53688,184.04008,240.18999,186.17653,130.77321,178.34274,134.17418,192.82123
493.44324,195.55252,0.0,0.0,496.9206,188.6573,0.0,0.0,484.70776,164.26315,444.28308,158.45956,449.05426,165.29265,428.4655,213.00557,444.71497,245.69894,475.82025,224.0775,494.63568,240.58397,312.837,158.15105,315.0253,152.51477,237.93274,191.3277,243.27979,205.27448,123.06094,159.67162,132.8457,191.5497
495.0901,187.53998,0.0,0.0,497.01685,178.97017,0.0,0.0,479.29248,155.66142,448.11505,163.41652,445.5213,160.29701,442.20627,222.31644,448.10052,236.08287,509.4443,235.25372,504.16824,244.17413,321.1574,167.52454,319.30508,157.94891,233.58221,194.77206,239.40594,203.96991,119.8235,171.46988,133.76018,200.33824
492.97754,185.9406,0.0,0.0,495.50183,177.45358,0.0,0.0,479.2953,154.97675,446.0939,166.975,446.15872,160.32553,439.86694,225.10002,448.52484,233.37698,504.75916,236.29903,505.54016,243.52454,318.325,172.29099,318.29633,160.38184,227.89774,199.56111,233.73804,205.23814,107.06596,177.50351,120.5074,202.82095
493.07288,185.57684,0.0,0.0,495.67712,176.89613,0.0,0.0,478.8401,154.56213,444.7588,168.197,444.9994,160.2376,438.16278,226.40662,447.65335,232.93666,503.27155,236.33794,503.77863,243.90657,316.74182,174.22215,316.54083,161.8285,225.99069,199.32007,231.37787,204.25473,106.48509,174.09344,120.20143,198.88057
492.76898,185.778,0.0,0.0,495.18298,177.3797,0.0,0.0,478.8648,154.44855,446.8705,165.7306,444.94153,160.00797,440.20068,223.71907,447.7468,233.73553,504.2958,235.52127,503.68997,244.20868,317.5707,172.13945,316.29675,160.61276,224.09628,200.18155,229.1622,206.82993,104.772125,177.52637,118.40181,204.56868
493.98083,185.48985,0.0,0.0,496.55545,176.89952,0.0,0.0,481.15076,154.09259,449.2138,164.9943,447.77206,159.77008,441.56653,222.84665,449.94382,234.28596,507.40906,237.2059,507.3131,245.28107,321.0935,167.9183,320.33102,156.6539,233.46698,197.85635,238.64432,203.09227,114.3107,177.80254,127.69516,202.03781
493.3627,184.86003,0.0,0.0,496.32867,175.7995,0.0,0.0,480.3358,152.71597,446.87543,168.50497,446.29996,158.50676,439.02954,229.00508,447.75378,232.5368,503.9772,236.58989,505.14728,243.68903,320.20056,174.38557,319.71063,161.2638,232.88116,199.3327,237.75113,202.78212,111.90933,177.87016,125.64378,201.81467
493.64282,185.29698,0.0,0.0,496.62573,176.3209,0.0,0.0,480.96432,153.06534,447.68884,168.02309,446.73315,158.29456,439.0866,228.62335,447.7167,232.49052,502.58685,236.02438,504.09265,242.60503,321.27255,171.82346,320.80774,158.71599,234.79901,198.14664,239.89862,200.77612,114.54881,179.77031,128.0661,202.31071
494.11658,184.94968,0.0,0.0,497.13437,175.63443,0.0,0.0,480.40564,152.2442,444.81668,167.42795,445.80804,158.4081,438.33167,227.8639,448.1181,233.61989,504.46777,237.87112,505.15192,243.90657,317.3443,173.54639,317.53937,161.22784,233.76031,202.15128,238.96085,207.60347,112.78549,174.87148,126.841705,201.37985
491.06186,184.65985,0.0,0.0,494.81274,175.91829,0.0,0.0,481.1412,152.50694,446.07883,167.24144,447.31216,157.91599,436.7203,228.4329,445.5368,232.4779,497.73236,236.36505,500.74786,243.17189,317.92682,171.91907,318.88773,159.10516,228.97491,197.46944,235.3394,202.37547,111.39754,176.52065,124.68625,202.0263
492.8335,184.7257,0.0,0.0,495.64667,175.86447,0.0,0.0,480.8413,152.98256,447.65088,166.65508,448.59967,158.15125,438.77734,228.0148,447.3425,232.5557,499.11768,237.2954,500.96655,242.75644,319.79565,169.63109,320.56683,157.22632,232.74072,196.01881,239.64444,201.72711,112.786606,177.05457,125.92992,203.24257
494.10733,185.26952,0.0,0.0,496.28735,175.68948,0.0,0.0,480.3625,152.92685,448.39,169.24748,448.55234,157.64737,438.88834,230.81064,447.88986,231.56403,499.7633,236.5277,499.2583,242.54092,321.577,172.34068,321.78842,158.16347,240.40027,198.42368,246.10022,198.71729,115.05751,182.57088,127.65135,201.7205
493.6824,186.08315,0.0,0.0,495.9442,176.85219,0.0,0.0,480.46417,153.64218,448.21075,166.89307,448.77124,158.0832,439.09192,228.04037,448.02756,232.7657,499.64093,236.68515,499.78632,243.56409,320.26236,170.49907,320.7365,157.6694,236.86136,197.60138,243.27283,201.04585,113.85861,179.39378,126.70502,202.17558
489.28583,188.89532,0.0,0.0,491.92236,180.5317,0.0,0.0,479.6808,158.24576,448.34204,167.2317,451.14133,161.08247,438.50165,225.06052,447.43677,232.55026,496.98315,237.18927,498.67505,244.33716,322.7099,164.77539,324.96017,153.3866,237.94385,194.42029,246.64986,201.35326,119.11922,177.34393,130.82788,203.21288
0.0,0.0,0.0,0.0,0.0,0.0,0.0,0.0,0.0,0.0,0.0,0.0,0.0,0.0,0.0,0.0,0.0,0.0,0.0,0.0,0.0,0.0,360.09344,139.18204,353.37177,131.08699,266.5488,188.47708,264.7272,202.21487,140.0752,191.17076,133.46848,216.25153
0.0,0.0,0.0,0.0,0.0,0.0,0.0,0.0,0.0,0.0,0.0,0.0,462.04297,170.02576,0.0,0.0,0.0,0.0,0.0,0.0,0.0,0.0,344.17725,135.36105,345.68927,126.685165,253.68811,181.65318,253.67532,193.9592,133.06343,185.55637,127.0742,211.65652
496.35706,189.28917,0.0,0.0,499.37738,181.09052,0.0,0.0,485.29108,155.12395,448.33765,154.65807,447.91837,158.65846,430.44446,214.11478,446.18652,245.21191,476.97104,222.43349,501.4567,240.3303,314.534,160.23123,313.22116,152.98145,238.58687,192.35635,240.29501,202.43573,118.589005,156.3348,129.98315,183.94681
498.08966,191.58594,0.0,0.0,499.3922,184.32407,0.0,0.0,483.4279,159.37662,449.36743,150.89879,447.36685,161.55856,432.62408,208.14903,447.64777,247.28583,477.13458,223.01172,498.50436,240.7716,313.955,156.4314,311.85663,151.91942,237.71957,190.1626,241.24478,203.64845,120.578186,159.62979,130.9135,188.55008
497.9489,191.45074,0.0,0.0,499.5148,184.49104,0.0,0.0,484.34097,160.15341,450.00082,152.13007,448.34644,162.31483,433.68198,209.46158,447.57373,246.982,477.9491,224.1518,497.455,240.43777,314.94666,156.24115,313.30713,151.47934,237.46243,189.57367,241.41963,203.11485,120.18976,159.96481,130.23941,189.31763
498.59448,190.84982,0.0,0.0,500.5145,183.30798,0.0,0.0,485.14435,159.81154,450.30103,157.758,449.37592,162.72305,432.80075,215.451,446.96136,244.95374,478.33008,223.90765,498.9632,240.27673,318.15436,158.5528,316.85907,151.69624,240.08752,190.13425,243.85197,200.73343,121.94203,161.00426,132.2709,188.27937
494.7486,194.87553,0.0,0.0,498.60974,187.35168,0.0,0.0,486.10724,161.47969,445.75165,158.93939,449.17676,162.07947,428.06985,217.48338,446.13574,245.0328,476.46957,225.65529,500.54742,240.05698,314.4726,158.49753,315.85336,150.98798,239.15692,191.3188,242.98416,201.52615,120.08498,157.22566,130.50685,185.49866
493.04245,195.46706,0.0,0.0,497.9076,187.9108,0.0,0.0,487.0291,161.43864,445.20154,161.00238,449.87714,161.67043,427.73364,218.61702,446.11108,242.93335,474.78586,225.65092,500.43924,241.48969,315.50168,159.29494,317.6812,150.84526,239.61102,191.2661,243.06696,200.9376,121.2504,157.17546,131.61127,186.46582
494.99863,195.34557,0.0,0.0,499.62054,187.57726,0.0,0.0,487.41037,161.82582,444.733,163.28595,449.22366,162.78511,428.46063,219.09526,445.15427,241.78415,474.97284,227.21771,498.6469,242.77298,313.41058,159.53326,315.5535,150.49275,239.75331,193.66531,242.9633,202.24117,119.80234,160.65915,129.71053,188.94287
496.79816,197.00716,0.0,0.0,499.28568,190.20114,0.0,0.0,485.00964,164.88934,442.93625,152.63638,446.7389,165.19305,426.7417,205.32878,445.14023,248.65723,474.45987,224.48114,494.58704,240.71089,302.74878,156.24762,304.31424,151.98523,232.19041,197.24837,237.9292,209.32112,113.49046,166.54294,122.64943,192.1412
489.6947,187.69824,0.0,0.0,492.77728,179.20108,0.0,0.0,477.76727,155.87274,443.84106,167.21133,443.86774,160.59233,433.18713,226.59644,445.03723,234.962,487.58313,238.30211,496.74652,247.93488,314.22723,172.57394,313.84924,160.51096,221.95209,199.6894,226.77118,205.37999,104.56287,172.68408,118.20123,198.58961
491.34308,193.35394,0.0,0.0,493.7849,185.86078,0.0,0.0,481.4677,161.56366,449.88947,162.89905,449.56052,162.0079,438.22913,224.61044,446.16748,237.82565,491.92664,241.41406,494.72473,246.38342,314.89047,164.91875,315.25754,154.83836,218.57184,193.5226,227.6844,201.96744,106.96776,175.80867,118.16318,201.44215
471.99487,232.85739,0.0,0.0,473.14197,224.31656,0.0,0.0,454.55023,198.31854,413.12518,192.90668,414.60022,201.5557,400.32736,260.25677,422.15598,295.78967,454.9024,270.93643,471.95813,285.179,269.84207,202.29498,269.87823,197.35883,208.51303,246.26733,214.7088,256.14432,111.979965,218.70387,120.24074,242.52599
475.49387,234.00534,0.0,0.0,476.27924,225.13774,0.0,0.0,456.1623,199.04666,413.9863,194.63622,417.37976,202.62927,402.46454,260.45312,422.78635,294.83255,458.24774,271.87808,469.5246,287.4236,274.40436,205.52843,275.50256,200.67146,213.08932,243.79704,220.22385,254.83658,113.94168,213.86475,122.95387,239.52325
474.2359,235.59714,0.0,0.0,475.56873,226.51245,0.0,0.0,455.49866,199.09598,411.57205,194.4834,415.99466,202.54712,398.58557,261.8728,423.3551,296.743,455.2011,273.16638,473.20593,287.30353,271.32336,206.4373,272.8822,201.47409,206.83559,246.05353,213.12901,257.5917,108.09709,216.01761,117.53946,243.12932
476.4489,236.4906,0.0,0.0,477.94562,227.92656,0.0,0.0,458.5318,201.99612,415.0517,197.16315,417.04895,204.70807,401.31158,262.32504,422.48218,295.3661,455.61044,273.26038,471.19104,284.64078,270.88745,204.30106,271.3139,198.61037,205.98672,243.2912,212.13422,252.08008,110.14934,221.54546,118.10835,244.18268
477.06018,236.62459,0.0,0.0,477.78363,228.7852,0.0,0.0,458.81332,203.92476,418.71082,194.25526,418.25003,206.06741,404.75302,257.1134,422.39005,295.8251,457.0105,272.58353,470.86078,284.3933,271.9131,201.43776,270.97433,197.33405,205.44604,242.84958,212.56796,253.47281,111.319855,221.64629,118.53171,243.95505
477.15253,236.07045,0.0,0.0,477.7052,227.73291,0.0,0.0,457.85645,202.49593,418.25665,195.80612,417.1803,204.5393,404.76816,261.56406,421.435,295.1815,457.03137,273.69754,468.61276,284.6873,271.45697,201.71735,270.2328,196.35205,205.94301,242.6443,212.57124,251.68466,110.454865,222.27968,117.55121,243.86166
476.77402,236.97893,0.0,0.0,477.17804,228.93239,0.0,0.0,457.10944,204.03731,417.90692,195.87778,415.9569,206.16275,404.5923,260.16238,421.22708,296.09814,457.24564,273.64484,469.85776,284.64197,269.4559,202.39102,267.55408,197.59482,201.5041,244.12866,208.1006,254.05798,107.038895,221.89484,114.38295,244.06766
476.93964,234.13426,0.0,0.0,478.24228,225.04745,0.0,0.0,457.868,198.76366,415.53683,197.38977,418.17422,202.20314,401.9964,264.37476,421.7547,293.1034,455.52448,273.78464,470.2371,286.6397,279.33868,206.18639,279.99985,200.16682,217.4911,240.82858,223.27855,250.0658,119.4189,214.07588,128.10063,238.30627
478.64252,232.54533,0.0,0.0,479.54053,223.75764,0.0,0.0,458.64108,199.48795,418.36246,198.91183,419.1853,204.1117,405.42923,262.97754,421.90634,292.565,458.3188,272.60504,471.0641,286.88925,283.07553,206.59412,282.65097,200.54657,219.20262,242.68095,224.75635,251.1022,119.68802,217.01819,128.09232,239.18515
478.2706,233.2616,0.0,0.0,479.53638,224.35957,0.0,0.0,458.51392,200.07394,417.30637,200.7544,417.172,204.91623,404.2072,263.34448,420.3047,292.03217,455.75363,272.93024,469.52982,286.3266,278.72556,207.61803,277.6619,200.8818,214.96227,244.93857,219.44507,252.37067,114.93787,220.47493,123.27763,242.1651
478.12112,235.15065,0.0,0.0,479.8484,225.9518,0.0,0.0,459.57886,201.0376,418.08978,204.05157,418.2906,204.97226,403.61307,266.92737,419.84616,290.5374,454.05994,273.58786,468.21765,287.09723,281.11084,209.20485,280.31027,201.14066,218.66,244.6127,222.52899,250.22693,117.606,221.0957,125.62666,242.00407
477.7395,234.81529,0.0,0.0,479.41974,225.7135,0.0,0.0,459.2996,200.4862,417.4733,201.34352,418.19568,204.13303,402.48544,263.46207,419.4565,290.38712,453.74973,272.70935,467.95914,287.4466,279.64108,207.0961,279.14062,199.76053,216.40472,244.73611,220.61801,251.33887,116.31412,220.72646,124.435455,242.1789
479.51917,232.7441,0.0,0.0,481.24258,223.3538,0.0,0.0,461.09372,198.77011,418.8195,202.98448,420.3136,203.28056,404.20636,267.15643,420.5147,289.5429,455.25018,274.78778,468.3166,287.74103,281.23914,207.69423,281.29526,199.40274,220.69693,241.61613,225.24908,247.34152,117.382355,218.24072,125.46535,239.58669
479.5317,236.40355,0.0,0.0,482.01825,226.25415,0.0,0.0,461.64886,202.17201,419.3028,213.7505,420.17163,207.10014,406.0244,275.57016,422.8632,288.46634,455.59583,277.08926,469.67923,287.9555,281.34525,210.6759,280.75204,199.21126,217.80872,241.64151,220.3222,243.8404,111.69365,218.32108,120.253006,238.73296
478.15356,234.5939,0.0,0.0,480.44287,224.77252,0.0,0.0,459.92957,201.52138,415.69598,214.85307,418.86346,208.04451,401.5197,278.43863,421.72998,288.63782,451.16492,278.18915,467.6958,287.59152,275.18063,219.1483,275.6688,207.39471,204.8663,248.15497,208.76987,251.03958,102.99736,213.34677,111.445206,234.31165
477.06897,232.84932,0.0,0.0,479.4782,224.17894,0.0,0.0,459.963,199.4646,412.6275,202.61086,418.213,205.16914,400.13055,266.2796,421.7366,291.2916,452.83554,274.76178,467.38544,286.73813,271.78,215.54048,273.8345,207.97879,199.60385,247.94672,205.1289,257.2375,101.69356,210.73904,109.59715,236.75726
477.9981,234.52393,0.0,0.0,480.31055,226.23813,0.0,0.0,461.3166,202.55359,413.37088,203.19182,420.45197,208.65375,402.9308,261.9016,423.4114,292.64737,456.08032,273.24045,468.4949,285.9314,270.191,218.90671,273.06067,211.99399,196.74207,254.04376,203.46875,263.76913,94.31702,214.45822,102.334915,238.7909
475.59558,231.54126,0.0,0.0,477.94666,220.4983,0.0,0.0,457.67557,193.51854,411.76343,204.68628,410.85815,199.87541,400.57785,271.49216,420.99277,292.8908,452.94662,272.39407,467.07538,287.64072,258.77197,217.7129,257.28867,204.52594,203.11534,263.2017,203.2214,251.48108,111.98775,242.0322,115.85347,237.99272
478.07397,222.16972,0.0,0.0,478.4312,212.39636,0.0,0.0,456.44525,190.49213,414.9309,200.54013,418.1258,201.07076,402.04816,267.2815,421.66595,289.163,457.7581,274.80762,469.7293,287.08777,274.45297,217.5315,274.6611,208.97998,203.53528,252.8472,209.54,259.15176,101.380875,210.97789,109.35562,231.33916
476.2043,228.52531,0.0,0.0,478.09366,219.56331,0.0,0.0,457.989,195.66592,411.7916,200.63297,417.7427,203.1417,400.82034,264.93564,422.06845,290.2528,454.10364,274.6354,468.83362,287.5811,273.3922,216.72571,275.54636,209.19492,203.54947,251.54999,209.62767,259.7822,104.66652,210.9253,112.78331,234.15288
475.47577,233.70189,0.0,0.0,476.88483,223.35307,0.0,0.0,455.50812,197.82007,410.99088,205.29926,410.27026,203.41623,401.31335,270.4208,422.56708,294.71054,454.93652,270.99084,468.2677,288.0843,259.7312,215.42072,258.31488,203.91641,204.24992,261.16376,205.93018,252.21973,118.202484,239.91544,121.77951,238.3204
477.71655,230.33179,0.0,0.0,478.01532,222.33867,0.0,0.0,456.33856,199.77872,412.37997,197.1828,416.0771,206.13104,404.6481,261.75516,423.96515,295.08542,460.2588,274.26498,468.33914,286.75812,268.86447,210.04709,270.24634,205.03731,201.13068,246.2352,209.19855,256.4967,106.977036,213.92204,113.49663,236.4282
475.23883,231.07278,0.0,0.0,476.54578,222.67215,0.0,0.0,456.54184,199.6482,411.31726,200.64047,416.37238,206.41556,402.24088,264.1799,423.32465,294.1043,457.83304,274.14374,469.259,286.98282,269.66714,213.13455,271.62122,206.88414,204.56834,248.88135,211.35248,257.51578,108.84328,213.06071,116.29689,235.33063
477.0735,231.5708,0.0,0.0,477.3921,221.87955,0.0,0.0,455.37756,199.42166,413.48425,205.33835,411.73523,206.83365,403.68555,269.24948,423.5408,297.25568,457.3842,270.35757,468.89398,288.47263,262.15033,214.30046,260.1755,204.40353,206.0361,258.9561,209.09111,252.53116,122.831604,240.32623,126.36876,240.54466
477.51074,229.4835,0.0,0.0,477.83582,221.08064,0.0,0.0,455.6599,199.82565,412.432,202.42123,415.9847,207.50436,402.87164,266.22232,423.0827,293.22086,458.56616,273.88916,470.3437,287.83392,272.0869,215.9209,272.82208,209.7401,205.22693,249.6395,212.6659,258.6307,112.428986,211.8775,119.87465,234.09384
476.5301,231.37997,0.0,0.0,477.21597,223.15024,0.0,0.0,456.1799,200.46292,412.977,200.86082,416.1824,206.59662,403.49915,265.4588,422.76303,293.87164,456.93127,274.9795,468.61792,287.89935,269.91953,213.45476,270.83063,207.0004,201.00018,247.68088,207.93515,256.74677,103.41832,214.49046,110.30415,237.30396
477.5579,231.36555,0.0,0.0,478.14926,223.21826,0.0,0.0,456.91302,200.71826,413.9169,201.59248,416.50922,206.62073,404.41183,266.38284,422.75616,293.37543,457.8014,275.2652,468.3556,287.63086,269.40527,213.81558,270.0377,206.78575,198.91077,248.10803,205.77094,256.2502,99.62544,215.50148,105.983444,237.12761
478.4394,231.39487,0.0,0.0,479.12415,223.4372,0.0,0.0,457.58765,201.55423,413.68845,202.36612,416.57242,207.55545,404.49426,266.31918,422.41257,293.13623,457.44037,275.21317,467.50842,287.33145,269.235,214.29533,270.04166,207.34753,197.60965,248.28583,204.77806,256.67072,99.771866,215.26611,106.01285,236.95001
479.38156,230.13486,0.0,0.0,479.98907,221.70895,0.0,0.0,457.67453,200.51312,414.45612,204.59818,416.24454,207.76349,404.56296,268.35416,422.03638,292.80603,458.95398,274.98944,468.2516,286.8192,269.8144,214.74397,269.69492,207.0393,198.72208,248.91211,204.9758,256.12112,100.09889,214.75662,106.54071,235.7323
478.43802,231.48793,0.0,0.0,479.09277,223.05215,0.0,0.0,456.9602,201.2265,413.57138,203.81364,415.3443,208.19446,403.96628,268.10516,422.09357,294.5906,458.36194,275.27896,468.1761,286.762,267.41656,213.56215,267.31653,206.43402,197.96255,248.6604,204.08917,256.83823,101.32852,213.97751,107.971725,236.22209
479.5025,231.39624,0.0,0.0,480.12543,223.14438,0.0,0.0,457.73828,201.70474,414.07034,204.36562,415.47147,208.41098,405.3758,268.71503,421.60565,294.02197,459.94965,275.40512,468.6109,285.61868,268.2609,214.07722,267.9584,206.84015,199.95877,249.05542,206.15164,256.81274,101.919266,213.65689,107.77573,234.83214
478.6884,231.86665,0.0,0.0,479.51642,223.61295,0.0,0.0,457.47937,202.26266,413.76584,205.73337,415.1328,208.93494,404.5378,269.22577,421.25983,293.3128,459.30682,274.90952,468.65808,284.90543,268.1458,216.47595,267.7189,208.79236,198.89246,250.16626,204.55566,257.0602,101.35498,213.90807,107.40326,234.23059
478.86908,231.96227,0.0,0.0,479.6718,223.99248,0.0,0.0,457.8472,202.64375,413.2038,204.26463,415.35678,209.1654,404.6173,267.68515,421.73822,294.16718,458.97028,275.07065,468.4592,284.4254,266.78152,216.2385,266.9312,209.17303,198.43695,250.66656,204.7464,258.1597,100.66217,215.28021,106.31288,235.46474
480.1685,232.23276,0.0,0.0,480.7749,224.56398,0.0,0.0,458.86053,203.23839,414.3346,201.92123,416.09436,209.5794,405.76578,264.6412,421.7339,295.32117,459.93384,275.16525,468.28702,284.6813,267.41183,213.12738,267.48267,207.3205,200.42104,248.58902,207.04538,257.69098,102.86726,213.76067,108.171295,234.984
480.11005,231.88911,0.0,0.0,480.7826,223.9227,0.0,0.0,458.3194,202.51971,413.24695,204.03491,415.33295,209.31453,404.84302,268.6238,422.1209,295.34906,458.93756,275.20755,468.67673,283.7494,266.58966,216.22003,266.81042,209.29889,199.02338,248.27216,205.25175,255.52255,100.81442,213.4501,105.97269,232.90147
478.93646,234.14108,0.0,0.0,480.023,224.78804,0.0,0.0,458.00775,201.65054,414.02496,208.42007,410.27734,207.65738,404.20425,273.69687,421.81104,297.34164,457.4534,272.22357,469.36774,286.90125,258.17166,217.65677,255.15178,206.32137,200.8599,258.33374,202.2286,249.4267,113.53723,238.83495,115.962524,236.49176
479.24402,231.8266,0.0,0.0,480.7295,223.3961,0.0,0.0,459.2116,201.4924,414.1153,207.27464,415.82123,208.33499,404.4428,270.8816,421.52237,292.5146,458.39694,275.2079,470.11093,285.49207,268.6065,217.67198,268.43246,208.9429,199.19766,249.71219,204.07944,255.01419,99.23201,214.57219,105.15799,233.91049
479.51,231.22064,0.0,0.0,480.73407,222.87102,0.0,0.0,458.4522,200.94312,412.2245,204.55351,414.95947,208.21803,403.71036,268.05948,422.7143,294.1181,459.17078,275.32877,470.50787,285.85083,265.12473,216.23204,265.49774,208.56696,196.33942,250.9715,201.47272,257.75967,96.637024,213.68199,102.37401,234.0256
477.6823,235.1847,0.0,0.0,479.41327,224.9874,0.0,0.0,457.45966,200.66217,412.86176,211.99265,409.2259,207.07498,403.17267,277.00967,421.19534,295.93442,457.6016,272.6093,469.14343,287.0727,258.1924,220.23239,255.10242,207.21547,202.23935,259.9298,201.87479,248.88544,112.85196,238.13931,115.94467,235.2673
479.55212,231.80927,0.0,0.0,480.62195,223.17032,0.0,0.0,458.31726,201.50322,414.20447,208.46094,415.7425,208.87064,404.47897,273.40698,420.82245,293.4781,457.87103,275.17545,468.11493,285.02573,271.28452,219.83594,270.9176,211.11864,203.32458,251.61478,208.33408,257.08066,102.52841,214.30113,108.64842,233.85497
478.66833,232.56992,0.0,0.0,480.19418,223.80385,0.0,0.0,458.57812,201.15999,413.39508,207.77206,416.00027,208.32272,402.98483,273.0671,420.42023,293.36737,457.04514,276.2978,467.92786,284.6587,271.89862,219.23956,272.2598,210.69664,203.8681,251.60583,208.55179,257.63284,104.23534,213.00603,110.51167,233.73315
477.2636,232.89746,0.0,0.0,478.98642,224.05508,0.0,0.0,457.80115,201.13315,412.8994,208.12593,416.22522,207.99995,402.69177,272.77942,420.7566,292.39645,455.07367,275.9425,467.57193,285.47278,273.90256,218.31503,274.65277,209.78279,207.05856,250.2648,211.65497,257.1961,107.312546,212.25897,114.37904,235.16911
477.90607,232.31761,0.0,0.0,479.56866,223.595,0.0,0.0,458.5545,201.48207,414.73843,209.23631,417.2475,208.71136,404.33435,273.5588,421.0086,292.26672,455.36682,276.0602,467.4931,285.594,275.95877,218.43646,276.33575,209.58188,207.19083,248.23682,211.73808,254.69485,106.984406,213.0469,114.03465,235.38571
478.52185,231.79135,0.0,0.0,480.80417,222.82042,0.0,0.0,460.06946,200.59595,413.46484,210.38013,416.88632,208.60634,403.12042,275.68167,420.23972,293.2244,455.4107,276.15738,467.73224,285.045,273.9038,219.59235,274.73395,210.3967,210.56262,249.86755,214.55328,255.1177,110.99283,212.12622,117.52142,233.2913
478.55518,232.23357,0.0,0.0,480.78708,223.31796,0.0,0.0,459.864,200.79971,412.84552,209.66177,416.73584,208.27821,403.08307,275.52963,420.4553,293.3314,455.58722,276.56662,468.3377,285.1988,273.45593,218.80286,274.63367,209.82564,210.30563,249.78232,214.79753,255.61401,110.43175,212.3987,116.96382,234.24837
478.72296,232.20534,0.0,0.0,480.29944,223.42972,0.0,0.0,458.8631,201.56628,413.75757,209.77625,417.06714,208.96277,403.50656,274.85138,421.44662,293.01166,455.66467,275.88977,468.70135,285.94724,274.99844,219.5213,275.73697,210.82155,211.24371,249.03735,216.3093,255.05786,111.535995,213.59465,118.29884,235.09003
470.7924,271.47064,0.0,0.0,475.25262,262.26877,0.0,0.0,462.24326,232.10439,399.69614,225.50604,414.23367,236.20337,396.10406,291.12314,419.1008,339.65298,463.67163,327.52972,467.93396,338.1273,226.00482,253.6206,235.79712,244.73157,174.63342,316.27054,183.92291,308.91272,0.0,0.0,77.06392,306.79593
475.60388,268.76685,0.0,0.0,479.41855,259.50452,0.0,0.0,464.51886,230.85544,399.4673,225.48859,416.3864,236.63782,397.08563,295.26218,420.5355,341.93628,467.78735,330.9383,470.88538,337.65384,224.31305,255.84705,235.49934,247.46878,175.18867,316.45502,186.77647,310.33487,0.0,0.0,77.600296,308.01697
474.08823,272.37012,0.0,0.0,479.47327,262.27002,0.0,0.0,465.74432,230.9076,401.15857,230.19968,416.38913,236.46349,397.3634,298.54828,420.878,341.99646,467.78778,327.88812,470.89258,338.8526,233.39272,260.78656,243.51376,250.14099,180.01064,316.581,186.76756,306.34933,0.0,0.0,80.10327,302.40097
476.11826,271.90607,0.0,0.0,481.61234,261.50247,0.0,0.0,467.7727,231.43355,404.6065,231.35812,417.30405,238.95045,401.54077,295.15536,421.36014,343.6668,471.01935,327.59146,471.2913,339.4862,233.77637,258.6497,242.09311,248.27655,184.80197,315.76202,188.61864,305.01416,0.0,0.0,80.706894,299.65814
476.29202,273.44305,0.0,0.0,482.04742,263.291,0.0,0.0,469.3055,233.995,410.49042,235.07794,419.4077,241.56146,403.97253,297.09503,421.61047,344.70984,472.23877,325.05585,473.04266,339.33615,243.48758,256.73773,249.37946,245.86426,188.26099,317.46378,190.02007,305.93024,0.0,0.0,84.34082,294.92303
478.38147,272.8447,0.0,0.0,483.95984,262.4653,0.0,0.0,470.46948,234.70258,413.0374,239.07587,421.4104,243.48476,405.16177,299.8084,421.3463,344.3596,472.87897,325.97833,472.12946,339.9803,248.82356,258.3383,254.30621,246.36566,190.5832,316.44943,191.53595,302.90866,0.0,0.0,84.12506,292.73514
479.75745,272.8274,0.0,0.0,485.08786,262.53662,0.0,0.0,471.2633,235.33783,414.62134,239.39984,422.35934,244.12802,405.41693,299.00366,422.6975,343.79865,473.19196,325.30023,472.51416,339.42273,250.29758,256.2108,255.35342,244.45477,191.7748,313.59668,192.53989,300.5781,83.245605,301.88718,85.692856,290.8775
478.09528,272.91605,0.0,0.0,483.6537,262.86075,0.0,0.0,470.73102,235.49445,412.12796,238.02805,421.85815,244.2536,404.49396,297.99515,422.25598,345.09537,472.84653,325.09814,471.94113,339.78375,246.07397,256.62076,252.49,245.4614,189.73865,312.84842,191.6682,300.6942,0.0,0.0,84.06465,289.98178
475.0818,272.52386,0.0,0.0,479.68616,263.9697,0.0,0.0,466.28918,239.50633,411.81848,236.0354,422.34628,248.02649,402.25742,288.9262,425.30222,340.06375,0.0,0.0,480.4901,339.6997,252.67877,250.19675,259.00446,242.2526,179.98822,296.2953,182.68683,294.87875,56.31888,277.7883,57.246124,281.12683
477.08255,274.13577,0.0,0.0,482.7558,264.39136,0.0,0.0,470.41064,236.099,410.96838,235.95474,421.4161,243.05537,403.02087,295.87384,420.81015,343.5472,470.2864,325.29114,469.49203,339.7649,245.93771,256.54843,253.05093,245.56873,187.38875,314.60977,190.35913,301.98337,0.0,0.0,82.93182,292.3134
474.43872,273.91742,0.0,0.0,479.27554,265.22464,0.0,0.0,465.81003,239.37885,409.9242,234.22638,420.84885,246.85858,400.40393,287.8796,424.65396,340.69165,0.0,0.0,482.14935,340.3708,251.0049,250.95096,257.4981,243.19083,179.19713,300.06693,182.06624,297.68948,0.0,0.0,57.403442,282.2431
476.88202,274.3206,0.0,0.0,482.60864,264.7865,0.0,0.0,470.86847,236.22922,409.95844,233.56985,422.55438,242.73317,402.86465,293.51825,421.44226,344.20834,471.38336,325.05322,471.15265,340.34473,245.60544,256.3659,254.13535,246.36084,188.3394,314.7629,193.21667,303.3923,0.0,0.0,85.146515,294.45212
474.5232,273.93567,0.0,0.0,479.1554,265.57156,0.0,0.0,465.98917,239.71147,409.6282,232.00165,421.3385,246.95782,400.75336,285.58643,424.63214,341.41632,0.0,0.0,480.54974,339.46304,249.80319,249.39853,257.04636,242.61551,177.82753,298.99802,182.1745,298.18375,0.0,0.0,57.318176,285.29553
476.5713,274.27008,0.0,0.0,481.99207,264.68127,0.0,0.0,469.7167,235.99515,409.9532,233.52512,421.50104,242.50093,402.79507,294.8505,421.65945,344.84976,470.75977,325.1785,470.50427,339.6711,244.78503,255.0882,252.71805,245.01685,186.78462,314.71207,191.4155,303.52396,0.0,0.0,84.43718,296.96512
476.21588,273.00076,0.0,0.0,481.3462,263.45358,0.0,0.0,468.91376,234.99283,410.3939,232.51892,421.22092,242.06491,403.22253,294.4019,422.42834,345.14658,470.9505,324.58676,471.396,339.42334,245.60551,254.99213,253.04135,245.24313,187.42336,314.94373,191.95824,304.1704,0.0,0.0,85.783035,296.27722
476.50574,273.5015,0.0,0.0,481.81342,263.91397,0.0,0.0,469.739,235.60535,410.67188,233.68082,421.99588,242.65732,403.15674,295.07925,422.7856,345.21985,470.34146,325.0341,471.67386,340.18118,245.39784,256.1673,253.06038,246.07547,187.1341,316.4958,191.78873,305.2805,0.0,0.0,84.40102,297.04868
476.58862,273.88226,0.0,0.0,482.40015,264.10938,0.0,0.0,470.54263,235.3819,409.8323,234.49997,422.01694,242.5588,402.98285,296.0056,422.30655,345.45325,470.9884,325.72266,472.62292,340.2931,244.67955,257.7045,252.89673,247.09229,186.72539,317.7066,190.98628,305.59244,0.0,0.0,81.8139,297.24036
476.75693,273.4044,0.0,0.0,482.46625,263.30353,0.0,0.0,470.00586,234.43658,409.65082,235.39342,421.41214,241.80705,403.0105,298.20178,422.50357,345.26642,471.21918,326.03723,472.697,340.00613,244.33362,258.1127,252.2471,246.79318,187.38243,317.7811,191.0349,304.6797,0.0,0.0,80.95192,297.05725
476.03238,273.81006,0.0,0.0,482.08362,263.68835,0.0,0.0,470.27435,234.40189,409.14432,236.23521,421.6962,241.22635,402.3863,300.03622,422.03937,344.76093,470.50888,326.21988,472.94128,340.36145,243.83249,259.13675,252.26704,247.17157,186.11647,319.94095,190.1863,306.359,0.0,0.0,78.99588,297.68643
476.27075,274.2378,0.0,0.0,481.85712,263.9358,0.0,0.0,468.79764,234.36475,409.34998,236.33615,420.30545,241.00156,403.34106,300.5284,422.8581,344.68915,471.13995,326.21542,473.51395,339.9693,245.71338,259.82022,253.03647,247.81046,188.6545,319.69055,191.84064,305.31824,0.0,0.0,82.45332,296.10138
476.66492,273.62985,0.0,0.0,482.00525,263.70322,0.0,0.0,468.97736,234.56403,409.7492,234.26106,420.56476,241.12907,402.7249,297.7053,422.2599,344.35577,470.17374,326.88617,472.70392,340.0147,245.71088,257.68906,253.05,246.67343,188.00215,316.63837,191.92055,303.7746,0.0,0.0,82.82872,296.425
476.7257,273.11453,0.0,0.0,482.13217,262.96518,0.0,0.0,468.5657,233.61003,408.07938,234.78192,420.25955,240.57349,402.41406,299.90662,422.3413,344.9928,470.45337,327.44315,473.58755,340.1651,245.10779,258.91107,253.32173,247.39142,187.15828,317.42313,191.4124,303.79886,0.0,0.0,80.82973,296.85324
476.65536,273.33908,0.0,0.0,482.07623,262.98004,0.0,0.0,468.2237,233.62967,408.33868,235.99673,419.9156,240.72574,402.97885,300.54916,422.8532,344.8272,471.55945,326.6221,474.99243,340.53195,246.0737,259.43674,253.73892,247.53696,189.55998,316.6907,192.86722,302.3352,0.0,0.0,82.48164,294.00427
476.93805,273.9075,0.0,0.0,482.59323,263.8972,0.0,0.0,469.72925,234.76959,409.4477,234.9016,421.40027,241.47327,402.52832,297.4051,422.10495,344.32986,470.23883,326.86127,474.1652,341.16953,246.63474,257.03137,254.61029,245.9997,190.00914,314.37543,193.89708,301.71494,0.0,0.0,84.115555,294.97543
476.3483,274.1536,0.0,0.0,482.20297,264.48615,0.0,0.0,470.25323,235.19301,410.18872,233.08493,422.14807,241.31488,402.48364,294.69427,421.0473,344.10242,468.85376,325.565,472.3329,340.86737,248.27216,253.86255,256.4245,243.6784,190.8684,311.97867,195.15506,301.12305,0.0,0.0,86.09779,295.4938
476.5885,273.84247,0.0,0.0,482.55872,264.19763,0.0,0.0,471.05792,234.90784,410.17078,233.15422,423.0592,241.01218,402.03378,294.96225,421.0951,343.57327,467.6947,325.67035,471.15646,341.01172,247.42737,254.4661,256.24454,244.02023,189.32274,313.76486,194.4255,302.81717,0.0,0.0,84.433304,298.5885
477.33322,274.35986,0.0,0.0,483.2982,264.80545,0.0,0.0,471.9095,235.39215,410.26724,232.75308,423.68018,241.16731,402.38324,295.1253,421.09866,344.2132,467.91794,325.6311,470.6844,340.5791,246.38896,254.30252,255.57153,244.10754,188.35889,314.33307,194.42981,303.924,0.0,0.0,84.29773,300.93378
477.05344,274.81476,0.0,0.0,482.96594,265.25394,0.0,0.0,471.61594,235.9826,410.33945,233.0266,423.29587,241.92494,402.46503,294.5958,421.51276,344.6082,468.82367,325.673,471.46875,340.47043,245.56084,255.13943,254.38977,245.07343,187.75208,314.21683,193.40036,303.61166,0.0,0.0,84.3405,300.70963
476.37238,274.78937,0.0,0.0,482.21747,265.2634,0.0,0.0,470.96008,236.21935,410.20575,233.205,422.9378,242.19598,402.69226,294.13138,421.4656,344.59067,469.08472,324.2382,471.46948,340.55548,245.35986,255.14099,253.99823,245.15732,187.58496,314.71472,193.24487,304.39835,0.0,0.0,84.88431,301.42633
476.9326,274.68945,0.0,0.0,482.56415,265.23996,0.0,0.0,470.774,236.26823,410.91565,232.5513,422.9253,242.24544,402.91467,292.8269,421.32233,343.99814,468.06293,325.80136,470.97458,341.40768,247.35666,254.47949,255.54611,244.84247,188.57343,313.61353,193.97018,303.78436,0.0,0.0,85.95062,300.48532
476.52747,274.55704,0.0,0.0,482.5155,265.31915,0.0,0.0,471.50934,236.36723,409.18304,231.06339,423.29468,242.15463,401.5751,290.16617,420.88538,343.5687,466.94135,325.66962,470.3774,341.6799,243.42152,253.44958,252.97545,244.36292,186.4518,312.36307,192.81029,303.6127,0.0,0.0,84.41034,300.45544
476.65173,274.7181,0.0,0.0,482.463,265.62555,0.0,0.0,471.30994,236.67009,408.9656,230.33151,423.39948,242.02475,401.6822,289.41776,420.76584,343.23987,466.4624,325.6066,469.46558,341.4796,243.91779,252.89905,253.79576,244.07172,186.73569,311.76077,193.71593,303.27896,0.0,0.0,84.640976,300.405
476.41217,274.9819,0.0,0.0,482.3565,265.5644,0.0,0.0,470.82065,236.38399,408.61536,232.1339,422.64157,242.08206,401.63712,291.77902,421.15427,343.478,467.1187,326.1403,470.7162,341.42477,244.2367,254.45993,253.7669,244.84204,187.53548,312.68558,193.39221,302.77435,0.0,0.0,84.2659,299.22083
476.34436,275.24066,0.0,0.0,482.30676,266.0636,0.0,0.0,471.17838,237.12645,408.4743,231.32565,423.211,242.71274,401.62292,290.35632,421.40503,344.1297,467.51874,325.97128,471.19257,341.31558,243.58057,253.61444,253.58325,244.60196,187.10448,311.7367,193.63113,302.69543,0.0,0.0,84.08438,298.96365
476.69086,275.28842,0.0,0.0,482.84885,265.88446,0.0,0.0,471.4237,236.72372,408.17017,232.69144,422.97324,242.40076,401.68036,292.39072,420.78058,343.53592,467.73438,327.27988,471.01538,341.45752,243.53105,254.94305,253.55731,245.1911,186.39418,312.94406,192.52379,303.02167,0.0,0.0,82.33856,298.75717
476.59988,275.32214,0.0,0.0,482.65112,265.84528,0.0,0.0,471.06915,236.71046,408.36664,233.09247,423.04987,242.34375,401.4567,292.73373,420.8459,343.1949,467.08173,327.28394,470.40082,341.71558,244.28827,254.69275,254.21361,244.71219,186.49606,313.3132,192.51807,303.05176,0.0,0.0,82.57138,298.72638
476.99588,275.48828,0.0,0.0,482.8509,265.9066,0.0,0.0,470.69708,236.95988,408.48132,233.84889,422.68274,242.7078,401.7501,293.30902,421.30203,343.24133,467.6919,327.46466,471.08844,341.7899,244.22961,255.01746,253.7692,244.86801,186.91895,314.1233,192.65166,303.51364,0.0,0.0,82.28949,298.73737
477.5898,275.33636,0.0,0.0,483.37958,265.4168,0.0,0.0,470.49585,236.5521,408.77606,235.80182,422.43085,242.87772,402.4519,296.20883,422.18323,343.8355,469.5429,327.5534,473.04413,341.15308,245.71924,255.93909,254.79854,245.06613,189.45923,315.0192,194.44608,302.88135,0.0,0.0,83.824814,297.66974
477.2005,275.50092,0.0,0.0,483.00452,265.59348,0.0,0.0,470.20496,236.68999,409.559,235.87305,422.16528,243.049,403.07416,295.68668,422.164,343.82172,469.82208,327.46854,472.9583,341.084,246.67851,255.42352,255.10297,244.55673,189.82562,314.32184,194.00461,302.2156,0.0,0.0,83.69232,296.43176
477.52887,275.7606,0.0,0.0,483.2979,265.63214,0.0,0.0,470.14728,236.41231,410.00818,236.87679,421.4178,242.24265,403.04147,297.55316,421.07864,342.72986,468.76166,327.9432,471.25742,341.4673,246.51196,256.2098,254.2197,244.48181,189.73203,313.518,193.2663,299.7111,81.00639,308.339,83.64418,294.71027
477.153,275.67157,0.0,0.0,483.00082,265.58344,0.0,0.0,470.1959,236.16525,409.7403,236.32184,421.64493,241.78949,402.49298,296.93878,420.66217,342.24506,468.07227,327.44772,470.93704,341.59705,246.39111,256.1356,254.43799,244.49908,189.91487,313.2646,193.81021,299.72684,0.0,0.0,84.039536,295.3422
476.98566,275.60077,0.0,0.0,482.95688,265.16345,0.0,0.0,469.7186,235.56653,409.20923,237.93866,420.9701,241.79259,402.58633,299.05453,421.29184,342.66022,468.88724,327.50858,471.79636,341.5874,246.63129,257.7607,254.45119,245.4353,190.80472,315.85214,193.68741,301.0849,0.0,0.0,84.613235,295.21893
476.13446,275.69952,0.0,0.0,482.21124,265.4069,0.0,0.0,469.52844,235.75082,408.45264,237.06236,420.95236,241.93195,402.1048,297.31705,421.56982,342.8352,468.87616,326.59552,471.95142,341.5947,245.56992,257.7382,253.86316,245.78906,190.1054,315.7618,193.23596,301.23798,0.0,0.0,84.69264,295.2324
476.47025,275.64282,0.0,0.0,482.47675,265.31174,0.0,0.0,469.67963,235.36713,409.02228,236.66104,420.88492,241.37045,402.22333,297.5924,421.489,342.6808,468.55457,326.769,471.60748,341.3227,245.80104,257.52332,253.74838,245.50443,190.15828,316.63223,193.23108,302.0475,0.0,0.0,84.691666,296.56314
477.1833,275.58286,0.0,0.0,483.0746,265.04254,0.0,0.0,469.90594,235.04463,409.56992,237.84435,421.44153,241.14824,402.32764,300.43298,422.83743,343.18134,469.45453,327.21225,472.6173,340.94635,246.39505,258.10327,254.29944,245.36746,189.31181,317.9484,192.2099,302.27863,0.0,0.0,82.53296,294.41656
476.94348,276.5411,0.0,0.0,482.79236,266.2063,0.0,0.0,469.82233,235.61748,409.17453,236.72055,421.06323,240.56332,401.61063,300.27228,421.5036,342.79825,467.59006,327.625,470.64594,341.20648,246.34761,258.1029,254.40793,245.71869,189.03099,318.03427,192.79442,303.00018,0.0,0.0,83.808655,295.91586
477.13608,276.6063,0.0,0.0,482.95496,266.365,0.0,0.0,469.89362,235.7857,409.41275,236.30899,421.60394,240.72015,401.67334,299.78848,421.46295,343.03055,467.31012,328.0985,470.0788,341.73062,247.86087,257.43115,256.1028,245.37457,188.76773,317.49417,192.64255,303.6606,0.0,0.0,83.095566,296.07254
477.448,276.29495,0.0,0.0,483.06876,266.0397,0.0,0.0,469.56616,235.89769,410.8612,236.96245,421.21704,241.21613,402.87274,299.91418,420.6488,343.09985,468.48697,327.18396,468.96225,341.1412,250.11182,256.8766,257.2139,244.78989,189.77982,317.00012,192.87207,303.05847,0.0,0.0,84.54831,295.5957
477.83878,276.18246,0.0,0.0,483.36713,266.14685,0.0,0.0,470.34134,236.31723,412.7122,236.1813,422.4523,241.54352,403.852,297.81406,420.24237,342.87848,468.93536,325.21786,467.52823,340.89786,252.17105,255.53052,258.93192,243.98328,190.30214,316.07587,193.80405,303.42416,0.0,0.0,85.631836,297.2066
477.9965,276.277,0.0,0.0,483.72717,265.90366,0.0,0.0,470.15216,235.13184,411.56946,236.23392,421.51614,240.29749,403.16217,299.8843,420.1679,343.1534,468.8689,326.37292,468.99142,340.7248,251.70027,256.4044,258.5688,244.33328,191.06827,316.85608,193.96628,303.17062,0.0,0.0,85.32347,296.53183
481.2914,273.30038,0.0,0.0,484.91022,264.5252,0.0,0.0,473.09152,239.93938,411.83392,233.54187,429.85794,247.75708,396.38022,299.7543,422.50455,351.2093,457.12064,317.91544,480.20883,334.13373,247.75006,249.83383,258.71457,243.99554,196.93417,303.9205,205.71553,307.7997,0.0,0.0,0.0,0.0
481.15005,273.29605,0.0,0.0,484.89062,264.3181,0.0,0.0,472.81097,239.6605,412.1784,234.96469,429.2097,247.75537,396.63922,300.93048,422.61993,350.7564,457.5049,317.8078,480.70404,333.9034,248.95956,250.61435,259.2128,244.12488,198.102,305.06802,205.64536,307.5435,0.0,0.0,0.0,0.0
481.25754,273.18378,0.0,0.0,485.06857,264.10522,0.0,0.0,472.9076,239.53201,412.86087,236.0328,429.1353,247.92987,397.5734,301.95383,422.71454,350.63806,457.7563,318.14005,481.05948,334.67075,250.41248,251.06882,260.14987,244.29626,199.51608,305.80762,206.47734,308.01758,0.0,0.0,0.0,0.0
477.11798,275.3709,0.0,0.0,483.3995,264.34088,0.0,0.0,470.85657,234.83348,411.52237,242.06575,423.66196,242.305,405.62372,304.96338,424.08932,344.62146,472.38928,324.04822,472.92822,338.82697,248.70224,257.9915,256.53278,244.28436,190.93709,316.02036,193.21729,302.7498,74.141205,305.49066,78.397446,297.28552
475.94238,276.09537,0.0,0.0,482.4621,265.1674,0.0,0.0,470.21603,234.9086,410.26962,241.48953,422.20886,241.24942,404.3736,303.57346,421.4914,342.15308,468.78516,325.35052,468.70444,340.87253,247.95012,259.03473,255.83667,245.08417,190.81888,316.34177,192.5545,302.0624,75.97386,305.07013,79.79401,295.25266
476.03534,276.1428,0.0,0.0,482.1488,265.30093,0.0,0.0,469.21228,235.23405,410.41965,241.24483,421.05777,241.46588,404.79895,303.85947,421.11838,342.34695,468.86493,326.35135,468.60892,340.71597,248.50592,258.9016,255.65926,245.19025,191.76614,314.85153,193.21542,300.2709,78.06865,305.16226,81.492676,294.25778
476.15198,275.03088,0.0,0.0,482.0973,263.92038,0.0,0.0,467.84485,234.81363,409.34265,243.04706,419.41956,242.92685,405.3216,304.46838,422.09753,343.61957,471.31815,325.93304,471.41174,340.71512,248.15494,259.4398,254.6904,245.72253,192.3901,316.0215,192.70465,301.45047,77.53287,304.60892,81.54915,294.19824
472.8787,273.94397,0.0,0.0,478.4994,264.17816,0.0,0.0,464.14737,237.5785,408.5381,240.55621,417.193,246.1134,0.0,0.0,420.66736,338.91928,0.0,0.0,476.70474,341.86026,249.91338,254.91013,254.6632,244.67691,183.3331,302.6861,182.71414,298.90753,56.868958,277.19943,59.87317,281.24744
476.75903,274.27362,0.0,0.0,482.60052,262.99448,0.0,0.0,467.13647,233.18636,406.60013,242.21152,415.83038,241.14996,402.52942,306.927,419.49472,342.55835,468.30835,329.1363,469.37598,340.94604,240.82971,264.3479,246.71054,250.2811,185.81999,321.22037,186.13538,305.68518,0.0,0.0,79.81099,295.92828
476.62274,274.6733,0.0,0.0,482.48694,263.70096,0.0,0.0,467.6134,233.97496,406.89444,241.30675,416.6842,241.64487,402.3376,305.25635,418.8244,342.6351,468.06485,328.34933,468.64728,340.80682,242.0257,264.9525,248.32196,251.52908,185.77632,321.18594,186.83353,306.76025,0.0,0.0,80.31445,297.37756
477.80237,273.07318,0.0,0.0,483.62167,261.53458,0.0,0.0,467.43295,232.47845,407.0935,245.27191,415.18814,241.87627,402.7004,309.69092,418.9615,341.80765,469.0205,328.8972,468.61523,340.9526,239.80553,268.68362,244.80518,253.61246,183.06595,324.30286,182.75488,307.721,0.0,0.0,77.58046,299.31134
478.4306,272.83392,0.0,0.0,484.14905,261.82977,0.0,0.0,468.32544,232.75916,407.57257,242.37183,415.1547,241.55081,403.53903,307.8187,418.41748,341.8238,467.6777,330.91174,467.0999,341.18884,237.13647,266.59958,241.99611,252.92108,181.04369,319.55573,181.86711,306.19714,0.0,0.0,79.49031,302.17197
477.72406,272.4535,0.0,0.0,483.23477,261.48068,0.0,0.0,467.86746,233.51471,409.23367,244.11163,416.36752,243.50685,404.8305,309.2186,420.12558,343.69342,468.45032,329.45483,467.1513,341.1615,242.05638,266.12387,246.45554,253.03845,187.48491,319.728,188.25645,307.79922,0.0,0.0,89.600525,303.04395
477.47015,272.6073,0.0,0.0,483.05048,261.6419,0.0,0.0,468.1391,233.50067,407.7607,243.4144,416.65778,243.30525,402.4214,308.15152,419.8059,343.39703,466.30508,329.20926,465.36707,341.432,237.58731,266.22906,243.10803,253.17328,184.21036,321.16483,185.9657,309.19806,0.0,0.0,86.50664,303.38895
476.98004,272.87677,0.0,0.0,482.7359,261.95126,0.0,0.0,468.33167,233.44101,408.2448,243.16928,417.3025,242.89621,401.57614,307.0209,419.05518,342.4693,463.9477,328.60693,463.70898,341.89105,239.21463,266.2508,244.96866,252.82874,182.20016,321.39838,183.62502,308.89874,0.0,0.0,82.274704,302.84064
476.84647,273.98404,0.0,0.0,482.85742,263.33865,0.0,0.0,469.31134,234.60753,407.76572,242.42633,418.28143,243.28436,400.79126,305.38965,418.2037,342.3759,462.66217,328.2427,462.3155,341.8368,239.04337,266.1769,245.83841,253.17899,182.18881,320.97098,184.58267,308.93732,0.0,0.0,82.26938,303.20117
477.2064,274.1596,0.0,0.0,483.1859,263.45642,0.0,0.0,468.9847,234.86789,406.35858,243.07428,417.0257,243.61572,400.71136,306.97644,418.71158,343.26492,463.44894,329.12918,463.57507,341.5599,235.00705,266.08273,241.85016,252.86261,178.96786,321.55057,181.42424,309.09772,0.0,0.0,79.86577,302.75162
475.47156,274.8689,0.0,0.0,481.58585,263.7694,0.0,0.0,466.8988,234.16727,403.123,244.4802,413.86316,241.88962,399.6632,311.31012,417.971,342.18317,464.7799,331.44608,466.3664,342.66394,229.49834,269.38678,236.2474,254.96027,176.83871,325.1404,179.3096,310.89615,0.0,0.0,0.0,0.0
475.50745,274.8725,0.0,0.0,481.9297,263.91263,0.0,0.0,468.67932,235.17618,405.99466,245.90375,417.07114,243.32352,400.96945,310.0733,418.35925,341.87762,465.10486,330.16727,466.1327,342.85263,235.53554,267.30884,242.53914,252.87207,181.47087,323.7916,183.92291,309.70328,0.0,0.0,0.0,0.0
472.3421,278.15973,0.0,0.0,478.84888,267.52695,0.0,0.0,466.10596,238.6625,402.8272,248.02234,414.72583,245.32166,401.97556,314.54797,420.2942,344.20294,467.00836,332.61862,470.4234,341.19138,233.09082,269.41934,240.68463,255.2767,184.92552,323.5195,188.28783,309.69193,0.0,0.0,85.81625,304.26358
470.10696,279.55673,0.0,0.0,476.5163,268.93274,0.0,0.0,464.25845,240.46957,404.00085,249.76544,415.0806,247.51593,403.07648,313.86462,422.08878,345.0285,468.52234,331.25003,471.8028,340.55496,237.29675,266.63748,244.35706,252.82562,186.6749,320.42987,189.03503,308.24026,0.0,0.0,87.03331,304.46655
467.74713,281.80737,0.0,0.0,474.14313,271.91373,0.0,0.0,463.44202,244.78308,404.4739,250.96463,416.64798,251.06372,403.6812,310.78192,423.859,345.2597,469.42755,329.53012,473.44458,340.7268,239.76907,263.24185,247.70529,250.35544,185.3917,317.29855,188.76286,306.91324,0.0,0.0,87.212265,303.13193
465.59387,282.39722,0.0,0.0,472.722,271.74585,0.0,0.0,462.2695,243.26205,402.62427,253.43115,415.37482,249.89694,402.0937,314.04697,424.21304,345.13098,469.00357,328.08408,474.2306,340.53735,239.95592,265.0333,248.08249,250.58209,184.84589,319.97577,186.40494,307.7882,0.0,0.0,85.02629,303.1953
465.82776,282.2599,0.0,0.0,473.0445,270.8764,0.0,0.0,461.6416,241.78255,400.31,255.47812,414.8335,249.31497,401.07727,317.8233,426.10315,345.91965,470.03992,328.24362,476.99426,340.30087,237.57124,268.01538,246.49559,252.4845,185.19244,323.63336,186.27155,310.05292,0.0,0.0,0.0,0.0
465.4378,280.69547,0.0,0.0,472.75327,269.56775,0.0,0.0,461.69574,240.99886,399.8598,254.32071,414.61935,249.19556,402.2724,317.9669,426.5921,347.30515,471.67117,328.4468,478.67117,339.4742,236.51079,267.33032,245.62602,252.41516,186.34187,321.28415,187.76291,309.06104,0.0,0.0,0.0,0.0
465.95825,281.1006,0.0,0.0,473.00336,270.41348,0.0,0.0,462.2091,241.20038,398.34326,249.99332,414.85513,247.62888,401.23602,315.14124,425.39114,347.3638,469.78555,328.26483,475.72165,339.12585,232.64886,265.92343,243.09715,252.08075,184.1942,320.29153,188.02084,309.09256,0.0,0.0,0.0,0.0
465.48276,280.74963,0.0,0.0,472.3379,269.9224,0.0,0.0,461.7912,239.95622,396.31522,247.13748,416.18814,246.00647,399.5256,312.1228,427.37784,346.8215,468.67624,326.81317,476.18936,339.58197,230.01675,264.50522,242.54987,251.24228,185.31139,318.64395,190.23155,308.71884,0.0,0.0,81.62413,304.63892
465.23068,280.0077,0.0,0.0,472.4222,269.2069,0.0,0.0,462.34753,239.4534,394.84064,247.67819,416.50726,245.89148,399.08466,313.13358,427.1397,346.8948,469.92084,327.03906,476.27527,338.85773,228.48465,267.0215,242.24173,253.17453,182.91129,320.31686,188.34311,308.75296,0.0,0.0,0.0,0.0
465.6433,281.1502,0.0,0.0,472.46558,270.8315,0.0,0.0,462.35504,241.50726,394.09323,246.6011,416.7042,247.1641,398.8804,311.74213,427.05685,347.57608,469.58514,327.9538,475.65775,339.2879,226.43187,266.69653,240.90578,253.85135,180.74487,320.15958,187.92657,309.86777,0.0,0.0,0.0,0.0
466.97858,281.0562,0.0,0.0,473.69153,271.0607,0.0,0.0,464.0008,242.24652,396.71155,246.2479,417.358,247.87909,400.91003,311.91486,426.9963,348.28918,471.23447,329.43365,476.16827,339.45557,227.52914,267.3579,240.725,255.10574,182.98491,323.69727,190.36835,313.59732,0.0,0.0,0.0,0.0
468.15704,280.35385,0.0,0.0,474.8034,270.2315,0.0,0.0,464.6281,241.91324,398.8381,247.70026,417.5771,248.19992,402.22556,313.09473,427.04337,347.692,471.85004,330.36267,476.12988,339.2487,229.83282,267.1621,241.78397,254.40533,183.56435,324.08466,189.89326,313.38168,0.0,0.0,0.0,0.0
467.59955,280.161,0.0,0.0,474.22244,270.32443,0.0,0.0,464.6616,242.74643,397.01166,247.30951,418.52606,248.91315,400.77893,311.45715,427.79785,347.16605,471.1911,330.34857,476.77716,339.88596,227.0345,266.5115,240.77203,254.18982,181.5113,324.4478,189.56245,314.45517,0.0,0.0,0.0,0.0
467.59576,280.52072,0.0,0.0,474.1455,270.6561,0.0,0.0,464.45178,243.1395,397.7755,247.30368,418.52673,249.14563,400.81778,309.91275,427.1322,346.63153,470.10345,330.33817,475.98016,340.95386,228.64983,265.437,241.85791,253.16907,184.09172,323.9484,191.53279,313.4831,0.0,0.0,0.0,0.0
467.58102,280.4767,0.0,0.0,473.91284,270.49167,0.0,0.0,463.57446,242.82213,396.1864,247.10876,417.97076,248.81699,399.83795,310.5975,427.1602,346.90878,469.7846,329.76294,475.58307,340.44116,227.25049,265.3144,241.11218,253.05093,183.29314,323.5686,191.31102,313.28232,0.0,0.0,0.0,0.0
468.0617,280.5258,0.0,0.0,474.5578,270.36627,0.0,0.0,464.00568,241.79971,396.83554,246.86496,417.0948,247.2128,399.76114,311.20203,426.12296,345.72156,467.57623,329.62305,473.34793,341.0785,226.66537,266.00995,239.54243,253.09064,182.07843,324.51782,189.28195,313.06787,0.0,0.0,0.0,0.0
468.48602,280.5081,0.0,0.0,474.87097,270.34424,0.0,0.0,463.90753,241.58896,397.10852,246.26599,416.82132,246.96945,400.14212,311.07318,426.3994,345.87375,467.88733,330.424,473.73743,340.99927,227.03343,265.71915,239.56145,253.00458,181.9892,323.16504,189.08006,312.17603,0.0,0.0,0.0,0.0
468.25266,279.9467,0.0,0.0,474.6295,270.1126,0.0,0.0,464.5413,242.02267,397.90088,245.00867,418.10632,247.52435,400.06482,307.65906,426.17505,345.21805,467.96167,329.284,472.98206,341.2855,227.25313,263.5857,240.20975,251.66278,181.8988,321.53778,189.7549,311.9051,0.0,0.0,0.0,0.0
468.5492,279.44992,0.0,0.0,475.02142,269.47452,0.0,0.0,464.69006,241.47566,398.75174,246.3443,417.84106,247.18842,400.17825,309.98492,425.50085,344.56802,467.50378,330.81778,473.044,341.12134,230.00397,264.2339,242.2196,251.72144,184.68658,320.98212,191.75647,310.3671,0.0,0.0,88.10817,305.9749
468.52585,279.6502,0.0,0.0,474.9156,269.59,0.0,0.0,464.18396,241.55635,397.81537,246.71976,417.40894,247.51526,399.7766,310.3219,426.36026,344.92642,467.88803,330.66275,473.92133,340.8099,228.56279,264.69458,241.07355,252.14478,183.23244,320.69943,190.37457,310.1547,0.0,0.0,86.75046,306.7255
468.39075,280.58392,0.0,0.0,474.67377,270.69415,0.0,0.0,464.21283,242.36972,399.07693,245.99533,417.61227,247.4448,399.7696,308.72073,425.34637,344.28946,466.87683,329.4681,472.9647,340.66577,230.74637,263.3197,242.68173,251.07202,185.07408,320.09464,192.21072,309.8576,0.0,0.0,88.00685,306.19244
467.97504,280.81723,0.0,0.0,474.49017,270.897,0.0,0.0,464.39056,242.43994,398.40363,246.0043,417.61505,247.44424,399.3638,308.6623,424.91617,344.41013,466.2031,330.17303,472.32996,341.24976,229.28717,263.27057,241.703,250.92188,183.62718,319.57828,190.84639,309.24472,0.0,0.0,86.54607,306.89853
467.79538,280.63324,0.0,0.0,474.32074,270.80313,0.0,0.0,464.38388,242.71445,398.78696,246.54865,417.94217,247.87561,399.57477,309.0352,424.99786,344.3446,466.57413,330.21295,472.4319,341.06958,230.70773,262.85754,243.16223,250.45569,183.64069,319.1161,190.90956,308.65903,0.0,0.0,87.12514,306.03778
467.93433,280.35254,0.0,0.0,474.27686,270.47552,0.0,0.0,463.9271,242.58385,399.27957,246.69235,417.89294,248.12402,399.7739,308.51648,425.3127,344.236,466.972,329.54135,472.8338,340.86795,232.24219,262.25232,244.32446,249.94296,184.30951,318.13443,191.21216,307.93045,0.0,0.0,87.46039,305.55356
468.3454,280.62946,0.0,0.0,474.62354,270.57455,0.0,0.0,463.60657,242.13394,399.0033,246.33664,416.90485,247.57812,400.05975,309.08835,425.1499,344.56903,467.51297,330.3536,472.93365,340.7274,231.42952,262.60968,243.0141,250.28323,184.7107,317.64404,191.09976,307.35968,0.0,0.0,87.82414,305.7277
467.58676,280.16965,0.0,0.0,473.8219,270.3504,0.0,0.0,463.41336,242.30138,400.0111,245.2443,417.4861,248.02087,400.1359,306.5478,424.78845,344.70044,467.06055,329.2339,472.56818,340.6551,233.6123,261.0757,244.98874,249.43182,186.37936,315.54938,192.72333,306.33743,0.0,0.0,89.278366,305.313
467.92517,279.91965,0.0,0.0,474.18234,270.1093,0.0,0.0,463.51443,241.7136,399.17838,244.31424,417.18558,247.24298,399.19806,306.55707,424.43378,344.5209,465.79712,330.03482,471.9999,340.9145,232.47498,261.22214,244.19531,249.66653,184.84843,316.24136,191.50076,307.41287,0.0,0.0,87.85004,306.38766
467.58606,279.77274,0.0,0.0,473.84528,270.10495,0.0,0.0,463.5058,241.82614,398.853,243.49118,417.19168,247.25287,398.78284,305.18015,423.57526,344.496,465.19708,329.8441,471.18234,341.6973,231.16144,261.2868,243.14299,250.02222,183.93193,317.27356,191.02127,308.89282,0.0,0.0,86.33565,307.05743
467.77362,279.64835,0.0,0.0,473.95096,269.93164,0.0,0.0,463.3375,241.48512,397.88086,243.24396,417.18597,246.73358,398.26044,306.01636,423.2258,344.53055,465.3876,329.54196,471.4731,341.3734,230.88637,262.61032,243.4384,251.33456,184.60443,317.00415,192.38416,308.66415,0.0,0.0,86.17546,306.22787
468.17282,279.44348,0.0,0.0,474.1777,269.79758,0.0,0.0,463.10773,241.78117,398.05124,243.03563,416.6813,247.13516,398.6499,304.66577,423.03503,344.14056,465.81265,329.65228,471.5589,341.63916,230.07458,261.6162,242.14748,250.6417,184.67633,315.2694,192.15866,307.40884,0.0,0.0,86.39075,305.65833
468.6231,279.91898,0.0,0.0,474.39948,270.2203,0.0,0.0,462.73785,241.85873,398.08798,242.39694,416.3673,247.07858,398.4823,303.74097,423.13068,344.43057,465.2896,328.9646,470.82343,341.52612,229.35248,260.92157,241.1464,250.12668,183.09286,314.7486,190.49548,307.2578,0.0,0.0,85.1136,305.9531
468.97186,279.90298,0.0,0.0,474.5141,270.18915,0.0,0.0,462.40582,242.07886,399.8897,242.79544,416.2998,247.52094,399.708,303.26602,423.1945,344.30725,465.8658,328.71567,471.4442,341.32312,233.00119,260.41837,243.57574,249.63882,185.50673,313.86377,191.93694,306.12643,0.0,0.0,86.39862,305.09836
468.9909,280.02725,0.0,0.0,474.66748,270.21188,0.0,0.0,462.60272,241.72377,398.45828,242.41054,416.15723,247.09174,398.74988,303.5881,423.13013,344.81378,465.57025,328.7451,471.13644,341.4679,229.89447,260.98953,241.22446,250.10397,183.13593,316.51227,190.10765,308.6257,0.0,0.0,84.19171,306.43335
468.88232,279.9278,0.0,0.0,474.42023,270.25708,0.0,0.0,462.41785,241.94637,398.0381,241.66348,416.223,247.32779,398.66183,303.26724,423.82098,345.70105,465.87357,328.2598,472.13272,340.77127,229.03201,260.174,240.66733,249.75912,182.93932,316.1326,190.45825,309.04562,0.0,0.0,84.1178,306.7374
466.90524,279.54816,0.0,0.0,474.33972,269.10693,0.0,0.0,464.65973,238.80356,397.49304,242.31102,416.45328,244.00168,395.63635,302.50742,419.5361,341.9483,460.87585,329.75653,465.27863,342.71817,228.4426,262.04327,240.73506,249.7597,186.56725,311.6007,190.78049,302.00623,0.0,0.0,81.13803,300.30432
467.20068,278.36487,0.0,0.0,474.6152,267.99762,0.0,0.0,465.1618,237.9744,397.2843,241.63387,417.2233,243.06177,395.75946,302.54144,419.01743,340.94373,459.88025,329.1467,463.14282,342.83286,227.37494,261.7223,240.3988,249.45801,186.2393,309.69034,191.3842,301.16876,0.0,0.0,80.07088,300.87122
467.28876,278.0043,0.0,0.0,474.28223,267.8485,0.0,0.0,464.28265,238.79556,399.5533,242.08868,417.33243,244.40073,397.19824,301.38974,418.50943,340.88928,461.07684,328.6743,463.19202,342.7458,232.84636,260.6427,244.53697,248.75745,186.9628,308.13074,191.45808,300.1199,0.0,0.0,81.48302,299.74652
468.23132,278.05554,0.0,0.0,475.2818,267.78638,0.0,0.0,464.94522,238.84525,399.4762,243.1011,417.68097,244.83298,397.60736,303.2536,418.89703,341.88147,461.53012,329.03503,464.13358,342.7152,233.17967,261.5447,245.0997,249.47778,187.94878,307.13858,192.6018,298.90292,0.0,0.0,81.86951,299.48087
466.56293,276.841,0.0,0.0,472.79523,267.59888,0.0,0.0,461.21237,242.52933,399.88657,244.44016,418.15964,250.11511,396.40164,296.43018,420.72702,337.6969,0.0,0.0,470.7549,345.5562,238.56918,257.5327,249.48425,247.9372,178.17659,291.04846,182.3547,292.96344,52.93347,274.68152,55.438263,287.36987
468.33002,277.81967,0.0,0.0,475.71814,267.31384,0.0,0.0,465.1114,237.94684,398.30737,242.91742,416.72144,244.47781,396.664,302.23032,419.01947,341.6665,461.0243,329.58884,463.8367,343.21313,230.28166,262.21283,242.17572,249.97672,185.31082,308.84875,188.92899,300.36093,0.0,0.0,80.17087,301.16827
468.02325,278.26428,0.0,0.0,475.71536,267.44052,0.0,0.0,465.22958,237.41672,398.71597,244.90451,415.9167,243.58405,396.8069,305.74103,418.6227,340.93317,460.27264,329.92508,464.1344,343.22522,230.29955,263.76163,241.30634,250.34583,185.77374,311.43652,188.38507,301.4808,0.0,0.0,79.94287,300.79327
469.38934,278.2832,0.0,0.0,476.30234,267.12448,0.0,0.0,463.64178,237.8334,399.51053,248.36893,414.8227,244.97964,397.7567,310.8487,419.9049,342.58057,461.93243,329.06155,466.0467,341.92154,233.5903,265.47156,243.2909,251.12274,186.46243,312.42203,188.21683,300.4545,0.0,0.0,79.847336,299.27686
468.9255,278.41342,0.0,0.0,476.0465,267.30267,0.0,0.0,464.15503,237.91873,399.626,248.88516,415.41742,244.7615,397.71634,312.08798,419.8775,342.44955,461.8003,329.04047,465.95685,341.79138,233.40149,265.80847,243.49918,251.0657,185.9092,314.06552,188.10362,301.51572,0.0,0.0,79.14407,299.03647
468.94296,278.43903,0.0,0.0,476.22382,267.3143,0.0,0.0,464.45682,237.9748,399.38806,249.02036,415.5832,244.92719,397.52008,311.58438,419.72247,342.31415,462.0653,329.29453,466.04825,341.86072,232.9606,265.66833,243.31865,250.84265,185.02884,313.64957,187.15167,300.8137,0.0,0.0,78.2182,298.48267
469.51883,277.9174,0.0,0.0,476.44867,267.02042,0.0,0.0,464.40823,238.33548,400.42474,248.22205,415.79776,245.66995,398.3349,309.93405,419.84515,342.64365,462.3357,328.78064,465.8033,341.82642,233.52145,264.9319,243.31557,250.85797,184.7548,313.26535,187.12701,301.88147,0.0,0.0,79.50073,299.35773
469.14618,278.9147,0.0,0.0,476.12686,268.4072,0.0,0.0,464.5525,239.46309,399.47308,245.4491,416.33127,246.35504,397.3766,305.5761,419.92493,343.44403,461.711,328.7331,465.70294,341.61264,232.139,262.58588,242.99643,249.94775,182.6843,311.8159,185.84285,302.76492,0.0,0.0,78.2841,301.46854
469.04376,279.00125,0.0,0.0,475.74823,268.74615,0.0,0.0,464.34573,240.2366,401.1488,244.85266,416.571,246.94394,398.5346,303.64044,420.12094,343.15842,462.01788,328.23117,465.68817,341.4244,233.98132,261.19193,243.99295,248.99704,183.59964,310.2338,186.66621,301.49585,0.0,0.0,79.769226,300.53314
468.72144,278.85803,0.0,0.0,475.503,268.68286,0.0,0.0,464.25214,240.02545,400.56293,243.45743,416.59177,246.63818,398.15704,301.3612,420.15085,342.8407,461.83774,328.8195,465.32147,341.85336,232.7807,259.37656,243.2079,247.59097,182.40579,308.86194,185.53622,300.78348,0.0,0.0,78.92511,300.0559
469.3775,278.44073,0.0,0.0,476.05652,268.2777,0.0,0.0,464.7249,240.11133,401.25885,244.24924,417.4461,246.88977,398.5141,301.95325,420.47083,342.30676,461.81528,328.8878,464.79224,342.00507,233.9302,259.0179,244.47939,246.9852,182.6188,308.52777,186.09578,300.14886,0.0,0.0,79.40459,299.8703
469.9626,278.54892,0.0,0.0,476.4254,268.28635,0.0,0.0,464.51218,240.10039,402.33774,245.53162,417.12753,246.67468,398.88885,304.44073,420.07578,341.98215,461.21466,329.07092,464.52972,341.9188,236.1898,259.6654,245.92087,246.923,182.84848,309.69324,185.92995,299.8879,0.0,0.0,79.26662,299.60098
470.14545,278.19727,0.0,0.0,476.6478,268.14822,0.0,0.0,465.20377,240.39972,401.84274,245.46967,417.43884,246.6597,398.34985,304.404,419.1093,341.19452,459.9303,329.35352,462.292,342.048,234.04703,259.33917,244.4349,246.59677,182.09099,311.32455,186.33058,301.4723,0.0,0.0,79.439575,302.16443
470.6339,278.19247,0.0,0.0,477.00873,268.3186,0.0,0.0,465.4993,240.73462,402.1407,244.08386,417.8142,247.11084,398.31204,302.215,419.90118,341.66025,459.9756,329.0221,462.77643,341.71423,234.74327,258.08655,245.1824,246.31918,185.05652,308.65622,189.46407,299.85748,81.161194,304.1542,84.30281,301.72845
470.82785,277.76706,0.0,0.0,477.0288,267.99353,0.0,0.0,465.59686,240.04256,402.76962,242.4704,417.81958,246.40216,397.73297,301.60953,419.16315,342.1961,459.66394,328.2688,461.40686,341.3626,235.0312,258.49863,245.12854,246.99515,182.68312,311.40482,187.21405,302.86612,79.50337,306.10303,82.39958,303.65536
472.01367,279.013,0.0,0.0,477.2851,269.89154,0.0,0.0,465.22833,241.52411,403.69397,238.11093,417.9888,246.16061,397.67136,297.34354,418.067,342.18735,458.01202,328.4417,458.60687,340.94894,235.86285,255.39496,245.76227,245.67627,181.87347,308.39297,188.21729,301.99997,81.80696,305.94525,83.823715,303.88522
473.49664,278.73273,0.0,0.0,478.87543,269.0897,0.0,0.0,465.40213,239.62314,401.04428,238.38667,417.29672,244.40866,397.8412,301.997,419.9563,343.39984,460.07965,331.02753,462.11823,341.12012,233.92123,257.77026,244.88336,247.35526,182.01244,309.56555,188.58214,302.46887,80.64819,305.27472,82.61174,302.8294
474.25696,277.66714,0.0,0.0,479.19482,268.3085,0.0,0.0,465.4201,239.67853,400.4455,237.36513,418.09622,244.59442,397.65936,300.98907,420.28275,343.12964,460.49094,331.51862,463.10437,340.84766,233.08182,257.7261,245.05072,247.7044,181.45328,308.99445,189.5645,301.99213,78.84337,306.11688,79.9758,302.28564
474.66953,275.629,0.0,0.0,479.70483,266.10538,0.0,0.0,466.37933,237.60051,403.5893,236.2503,418.8292,243.7417,398.8321,298.55505,420.68137,342.77634,461.79004,329.1367,463.5812,340.0747,236.24603,256.9403,246.54926,246.9555,182.85097,308.57883,189.1776,301.36264,79.40544,304.5472,81.16806,301.01788
476.62048,274.26218,0.0,0.0,480.90515,263.98547,0.0,0.0,464.92896,235.7584,405.60886,238.0893,416.9923,243.4317,399.88458,301.70276,421.1275,343.59894,463.59906,328.45294,465.5048,339.40424,238.0241,257.4036,245.39648,246.70831,184.27962,310.49344,188.17741,302.6509,78.132935,303.86624,80.817795,301.03787
477.15457,276.10687,0.0,0.0,481.38284,266.00757,0.0,0.0,464.92404,237.50592,406.267,238.24272,415.4404,244.02008,401.55582,301.2741,419.44287,343.5913,463.682,329.85287,463.94763,340.04276,236.74188,257.60135,242.76428,246.90692,182.95299,312.52393,186.40993,304.24954,77.06239,306.65054,79.69168,302.63824
474.3971,272.2145,0.0,0.0,477.75504,264.1962,0.0,0.0,461.70074,240.62698,406.9937,234.48515,417.08838,248.54004,0.0,0.0,422.28262,339.7981,0.0,0.0,471.28522,339.1475,243.19275,249.21512,249.16199,242.75116,172.2299,292.2352,177.07559,295.89587,54.088776,279.1914,55.305573,289.3653
474.7717,272.46762,0.0,0.0,478.87274,263.5272,0.0,0.0,465.5105,237.50177,406.67102,233.77328,418.82184,244.80936,400.00058,293.57596,421.46036,342.7143,462.3235,327.006,464.48395,338.70752,236.37714,252.94727,244.62155,244.38263,182.02254,308.566,188.50105,302.98157,80.263016,305.0885,81.7843,302.29105
475.56635,272.60553,0.0,0.0,479.31854,263.52625,0.0,0.0,464.7967,237.1081,405.78943,232.86288,417.82104,244.24695,400.16632,294.22556,422.15076,343.47333,462.8599,328.03555,465.90308,339.22073,234.42807,254.1724,242.42758,245.82959,181.08896,308.87247,187.60123,303.67276,79.660736,304.1516,81.01842,301.4293
475.55365,272.50653,0.0,0.0,479.34296,263.06696,0.0,0.0,464.20316,236.28273,404.7758,234.29974,416.67792,243.69135,399.94263,296.67087,422.48538,343.18338,463.07153,327.92017,466.4461,338.64526,233.2309,255.61676,241.03058,246.46866,181.2369,309.02283,187.10089,302.6175,78.77023,303.33008,80.37274,299.93463
475.96503,272.7104,0.0,0.0,479.65454,263.3966,0.0,0.0,464.50272,237.19759,405.52713,234.84009,417.1466,245.01123,401.00827,296.5106,423.67435,344.36685,464.52856,327.5178,468.24475,337.9964,233.94801,255.18835,241.52083,246.36221,182.0047,308.8051,187.93604,302.69308,79.51811,303.75836,81.28583,300.4624
475.91278,272.34564,0.0,0.0,479.79327,262.86093,0.0,0.0,464.43115,236.80243,405.6979,236.77896,416.4312,245.08896,401.44672,299.47763,423.88937,344.53146,465.48138,327.88696,470.39462,337.78302,234.4419,256.49,241.34842,246.93591,181.80927,309.25055,186.98654,302.16306,79.32172,303.11212,81.353226,299.34335
476.18542,272.2653,0.0,0.0,480.0267,263.073,0.0,0.0,465.00525,237.40228,404.07318,235.62498,417.40646,245.37589,400.70087,297.7893,423.3604,344.36182,465.12494,326.92117,468.91745,337.81348,232.99725,257.4968,241.66008,248.59851,181.52826,312.3794,189.08583,306.12677,80.86284,307.20636,82.59625,303.24405
476.29028,272.05975,0.0,0.0,480.28687,262.85135,0.0,0.0,465.67822,236.91705,402.49622,234.28049,418.32733,245.10095,399.35132,296.70496,423.59976,345.14923,465.09818,326.63727,468.0882,337.42743,230.4798,257.55133,240.70886,249.14676,180.93394,313.1435,189.59209,307.76544,80.429306,307.53314,82.28891,304.34436
476.45892,272.44064,0.0,0.0,480.29736,263.23666,0.0,0.0,465.4787,237.17963,404.7915,234.08264,418.1839,245.38574,400.71,295.23798,423.69046,345.03577,464.54175,326.28088,467.82135,337.69183,234.44061,256.6334,243.17482,248.29965,183.07878,311.72113,190.29605,305.66797,82.39911,307.05334,84.332184,302.65186
475.9321,272.03094,0.0,0.0,480.0372,262.63528,0.0,0.0,465.58673,236.5531,404.24518,234.96085,417.84265,245.33487,400.5364,296.44666,423.84073,345.53717,464.73834,326.11557,468.1632,337.67914,232.56424,258.05475,241.35489,249.24567,182.6058,314.16577,189.43588,307.30814,0.0,0.0,83.46123,302.9936
475.1155,272.0083,0.0,0.0,479.26343,262.33786,0.0,0.0,464.58252,235.95386,403.87817,235.9581,417.2321,245.2616,400.60614,298.39325,424.79367,346.3897,465.7904,326.03882,470.11823,337.28564,233.96152,259.09714,242.49902,249.86469,183.3145,315.61908,189.40956,308.05652,0.0,0.0,84.00488,302.54932
474.7472,271.85718,0.0,0.0,479.0042,261.68658,0.0,0.0,463.7984,234.4538,403.352,237.09988,416.1761,244.11203,400.03906,301.6694,425.29706,346.56357,466.09576,326.2805,470.7091,336.87836,233.85349,261.25275,241.88776,251.07562,181.984,317.71567,186.81975,309.1172,0.0,0.0,82.11365,302.26822
475.80362,271.1638,0.0,0.0,479.8466,260.65118,0.0,0.0,463.7008,233.08301,403.35577,237.59573,415.71945,242.96783,400.21957,304.13654,424.88824,346.42978,466.23395,327.0606,469.74283,337.3413,233.4945,262.84293,241.16377,251.98172,181.85092,319.89044,186.61473,310.2636,0.0,0.0,81.72992,303.02658
475.70712,271.6996,0.0,0.0,479.7217,261.28174,0.0,0.0,463.31824,233.97891,402.84073,238.05911,415.37317,243.59274,400.65222,303.5692,424.3546,345.84567,465.48816,328.42886,469.05835,338.68002,234.00745,262.47357,241.8226,251.72217,183.22864,317.57922,188.1948,307.96918,0.0,0.0,83.54961,301.7866
475.85352,271.61926,0.0,0.0,479.75848,261.34143,0.0,0.0,463.4454,234.2215,403.10788,236.86171,416.05182,243.98659,400.66373,301.1267,424.70844,345.96783,465.83752,328.10538,468.4236,338.67584,234.22543,260.62906,242.32062,250.56573,182.71562,315.6086,187.90817,307.22284,0.0,0.0,83.85365,301.59036
475.9715,271.50183,0.0,0.0,479.87054,261.35507,0.0,0.0,463.6521,234.19434,403.13705,235.98323,416.35788,243.92935,400.99954,300.41833,424.9668,346.20197,466.0927,328.74234,468.52332,338.65213,234.50616,260.26797,242.83707,250.5683,182.49937,315.16312,187.98625,307.34607,0.0,0.0,84.18802,302.11105
507.12415,219.61525,0.0,0.0,509.63123,211.53767,0.0,0.0,495.0364,182.70517,453.51202,169.92696,450.1762,181.4649,432.82202,238.94373,452.76196,280.8788,477.98883,253.05594,497.70337,275.46506,287.9155,169.5042,285.79156,163.5554,220.32301,202.75896,222.6189,210.85545,113.562256,189.56363,118.06036,212.25714
501.27332,208.33984,0.0,0.0,503.7021,197.56927,0.0,0.0,489.31335,170.88414,457.3735,182.14667,452.41315,174.06868,438.86414,256.2285,450.34503,263.81598,488.49347,273.11218,492.375,281.24,298.44562,186.84344,295.58398,171.491,210.55968,219.22836,213.18106,217.41603,87.83217,212.16623,96.85411,228.87234
500.00513,211.82631,0.0,0.0,501.84778,201.90337,0.0,0.0,486.27728,173.73117,450.4666,176.58705,448.70203,174.16757,437.1115,244.87097,447.6291,262.20023,484.70825,273.9993,484.89728,285.67358,288.77817,182.95857,287.90656,169.54544,201.83606,215.87302,206.07568,216.21637,76.79309,210.96187,84.85634,227.16345
500.63666,212.12704,0.0,0.0,502.20895,202.23009,0.0,0.0,486.86353,173.90347,452.74927,174.7726,449.27875,174.21358,439.99695,242.77122,448.25125,263.0375,482.66656,273.33105,482.0836,284.3328,288.81686,180.62906,286.8088,167.82939,201.60434,215.20447,205.83249,216.64041,78.146194,207.87604,86.38934,225.03941
501.3695,210.54895,0.0,0.0,502.95667,200.83707,0.0,0.0,487.32593,173.72662,453.17194,178.52768,451.08844,175.77747,439.11597,246.66449,450.15616,263.07852,484.84357,272.3949,486.32806,283.11273,295.5874,187.94731,294.38864,174.06638,200.25479,219.25064,204.39175,218.68282,74.6646,212.59547,82.86467,227.29126
501.2174,210.20584,0.0,0.0,503.29132,200.09846,0.0,0.0,487.51398,172.01675,451.5022,177.07904,450.13333,174.5394,439.06558,245.43008,450.21765,263.77844,486.68088,271.75427,487.3191,283.63208,291.3762,185.87784,290.5882,172.15842,196.2797,219.12878,200.0817,219.9443,70.439545,213.12912,79.36868,230.84183
500.93274,210.49336,0.0,0.0,502.8509,200.47806,0.0,0.0,487.25433,172.46927,450.1388,176.04364,450.27115,174.76692,438.79956,243.6296,450.58368,264.30447,485.30054,270.4242,485.982,284.351,287.87698,186.59026,288.01224,173.24493,194.92528,219.0569,199.76134,220.12851,68.69336,213.87704,77.66475,230.98807
500.73145,210.3464,0.0,0.0,502.57727,199.9292,0.0,0.0,486.6755,172.09094,449.60553,179.0631,450.04016,174.38994,438.51776,248.80646,449.8407,263.74658,483.0282,272.70572,484.0915,285.3086,288.7454,191.07646,289.1255,176.1927,200.91872,215.77989,205.15935,214.07149,68.975204,218.99101,77.65517,233.36005
496.15054,214.63916,0.0,0.0,498.1795,205.28589,0.0,0.0,484.24805,178.66208,451.0961,181.06085,449.36755,179.75519,440.94193,244.8966,450.58276,263.94278,489.16632,272.66736,490.7768,282.36987,292.40878,188.33273,291.31702,175.09758,197.76807,217.8503,202.02777,219.65706,71.05092,215.42915,80.08417,233.34734
499.9579,209.35011,0.0,0.0,501.46027,200.61002,0.0,0.0,486.56232,176.539,449.22607,182.29527,453.35638,180.79518,439.8099,247.17761,452.79083,263.0814,482.37915,275.17377,486.8127,283.18832,295.2826,196.66864,297.8013,183.6154,196.48358,222.06847,203.29047,225.96329,69.06369,214.06839,78.08574,234.34238
510.48343,207.18074,0.0,0.0,511.42075,198.1307,0.0,0.0,492.9345,174.4412,445.30457,175.19092,452.93018,181.90785,425.2495,240.32745,455.88605,275.54468,463.66562,256.7978,486.51068,280.83832,280.50073,190.90643,284.3058,181.38998,199.61047,226.1145,205.56117,230.17642,78.25687,209.64882,83.701385,226.97096
502.2911,204.27144,0.0,0.0,503.52567,194.42555,0.0,0.0,487.81708,171.83228,451.87503,185.49112,455.72485,180.054,438.9559,255.50262,457.1281,265.41583,0.0,0.0,488.08432,283.24457,298.39014,204.53113,300.41052,189.48546,199.8209,223.18329,203.93954,222.85043,71.83302,212.48965,78.59889,227.66652
500.38562,208.0006,0.0,0.0,502.46136,198.21664,0.0,0.0,488.05542,173.15887,450.3911,183.05894,454.43896,178.21552,437.5488,249.63388,454.16895,262.31207,0.0,0.0,483.8757,284.02206,294.0522,201.9367,296.32816,186.65703,196.18918,223.91835,199.64677,222.70828,66.55495,217.64993,73.208984,231.63136
510.083,209.30963,0.0,0.0,511.85846,199.95164,0.0,0.0,493.9948,174.20595,444.9508,176.12686,452.74466,180.23607,425.65823,242.69284,454.71783,274.89667,466.02252,255.69138,487.7849,280.1128,285.6789,191.0284,289.81277,180.85754,211.04015,226.5877,216.20305,228.5746,88.044495,210.86993,92.9465,226.2964
510.1763,208.59233,0.0,0.0,511.4335,199.69684,0.0,0.0,493.53992,174.93904,445.4029,174.29938,453.32004,180.98901,426.8384,238.84026,455.33878,274.58936,465.53433,256.17786,486.18304,280.95944,285.029,187.68163,289.35898,178.46245,209.9255,226.01459,215.81177,229.26016,87.960785,209.96948,92.59564,225.76108
504.16135,222.25584,0.0,0.0,508.61127,213.3417,0.0,0.0,496.55475,184.89702,446.6192,184.4402,455.0998,185.10027,426.80002,245.57819,454.02576,273.42352,467.94824,255.82486,492.96765,279.4254,286.0382,188.1916,290.63885,176.59184,208.71344,227.62808,213.56763,230.75777,84.42667,207.69887,90.84903,228.68124
496.6145,218.29822,0.0,0.0,499.34778,208.52625,0.0,0.0,484.79932,180.6498,445.45422,186.4956,450.39886,181.91139,0.0,0.0,454.68408,264.6149,0.0,0.0,487.2796,284.4909,289.38214,196.8671,292.22354,182.1518,195.5734,223.82253,199.0789,225.37953,65.12424,216.68753,74.196014,236.77953
507.50296,212.39386,0.0,0.0,509.28143,204.1946,0.0,0.0,493.2486,178.23724,445.60757,172.31213,452.15134,182.1187,428.20044,235.9642,454.67624,276.1195,467.31824,254.84274,488.9029,279.57196,283.60803,182.80151,287.31027,175.31853,209.81956,222.13394,216.58008,228.85463,92.09976,206.64825,97.56058,227.07872
506.73633,213.956,0.0,0.0,508.64923,205.82185,0.0,0.0,493.02545,179.98312,445.47003,174.6791,452.70892,183.13069,428.31012,238.53549,454.6147,275.98068,467.44797,254.98196,490.28314,279.03497,285.53546,184.73907,289.68427,176.61812,210.67639,221.6117,217.84734,227.56456,90.92639,206.04097,96.295715,225.56677
506.66724,214.00967,0.0,0.0,508.68146,205.73888,0.0,0.0,492.91516,179.4855,444.35065,174.52785,452.31543,182.38771,427.48526,238.87267,454.4347,275.5346,466.48187,255.58585,489.21024,279.58502,283.60428,185.37158,288.15225,176.95087,208.96133,221.8522,216.12827,227.53462,88.70975,205.15619,93.99432,224.4944
505.87427,214.02525,0.0,0.0,508.30713,205.70114,0.0,0.0,493.39984,179.31186,443.4777,175.03029,452.23022,182.56189,426.43945,240.91881,454.89584,277.58936,466.96823,255.24908,491.92853,279.0912,282.6678,187.19868,287.73514,178.57289,210.92474,223.49251,217.98743,227.98486,89.665375,207.67836,94.78897,225.46532
497.43488,211.4234,0.0,0.0,500.1129,201.92981,0.0,0.0,486.63336,175.73985,446.4427,184.72853,452.88464,178.78928,437.2305,251.22076,454.79202,263.02148,0.0,0.0,490.45197,283.66174,293.80283,197.55032,297.8493,182.47604,202.66989,223.31613,207.80493,223.26018,68.301636,218.50081,76.705765,235.75168
506.05984,213.37712,0.0,0.0,508.46802,204.72717,0.0,0.0,492.8664,177.64441,442.52634,174.3028,452.09155,180.63644,425.55972,240.99501,455.42548,276.23865,465.95187,256.01355,491.9145,279.73154,285.6364,184.98492,291.20264,176.29256,218.15643,223.22206,225.09607,227.44896,96.400314,208.80643,102.0641,226.90558
506.29968,213.16975,0.0,0.0,508.40506,204.66483,0.0,0.0,492.56763,178.22717,443.61053,174.34816,452.01312,181.3095,427.0244,240.3046,455.18298,276.086,466.13135,255.88214,491.26953,280.16983,286.5236,184.26237,291.411,175.9762,220.46758,219.73079,227.54749,224.6173,99.4427,208.20123,105.26796,226.9658
505.4348,213.36238,0.0,0.0,507.76022,204.67575,0.0,0.0,492.06232,177.72195,441.91058,174.12894,451.23297,180.77338,425.58212,241.16049,455.5967,276.83853,465.38815,255.61884,492.62192,279.93607,285.33847,185.40353,290.7175,177.20924,224.01682,217.74449,230.97803,222.5218,102.32411,207.6782,108.31279,226.64833
496.3117,211.83636,0.0,0.0,498.55743,202.44861,0.0,0.0,483.9275,175.73799,444.4938,181.53297,450.63422,178.52788,436.4674,245.4078,454.58893,262.42212,474.67987,273.57083,487.83862,285.22467,291.6263,194.8625,295.2886,180.98172,198.02014,224.41599,202.88145,226.32996,66.06009,218.13434,74.95952,236.79172
496.12787,211.86588,0.0,0.0,498.82867,202.16057,0.0,0.0,484.6742,174.8118,444.07248,182.57727,450.97864,177.48741,435.7858,247.11163,454.22003,261.82352,477.51007,273.91107,488.9996,285.54108,291.4193,195.49168,295.65625,180.61923,198.6685,224.746,203.20035,224.68372,64.217606,219.24466,73.184845,236.01695
496.47583,211.12216,0.0,0.0,498.69354,201.44789,0.0,0.0,484.22217,175.1864,445.40106,184.13841,451.63116,178.33095,438.4869,249.74994,455.28275,262.12952,478.7702,273.71783,490.10883,284.72736,294.14044,196.72525,298.00116,181.83556,204.27711,221.68114,209.36493,222.15216,68.408554,218.80222,77.64267,236.65536
506.44913,213.24828,0.0,0.0,508.33594,204.29433,0.0,0.0,491.12964,177.61731,442.65607,175.92839,450.2343,181.66206,426.16666,242.81538,456.40366,277.3155,467.16324,255.66876,493.21045,279.04303,284.3708,187.08223,288.42694,178.01682,215.00064,223.78757,220.81749,227.3708,93.618835,207.34383,99.695404,224.88852
507.28436,213.1217,0.0,0.0,509.12384,204.26282,0.0,0.0,491.65857,177.36453,442.1344,174.38998,450.15784,181.3951,425.8734,241.36243,456.28702,277.76282,467.142,255.50903,492.16855,278.4776,283.1646,185.97957,287.55316,177.52765,214.13191,224.91481,220.47578,229.35059,94.330505,208.58008,100.23488,226.81363
506.70416,212.68445,0.0,0.0,508.63434,203.91397,0.0,0.0,491.69647,177.2147,442.75894,174.46513,450.23224,181.4274,425.77048,241.83447,455.55298,278.25055,467.15482,255.29181,491.76416,277.71475,283.507,186.15779,287.64508,177.35172,212.11443,225.98146,217.96051,229.42203,91.32156,209.53818,96.78932,226.15038
507.67572,212.27635,0.0,0.0,509.47534,203.27562,0.0,0.0,491.8043,176.41095,442.5605,174.15332,449.86014,180.68958,426.32565,242.05643,456.0476,278.05536,468.5569,255.41547,492.67963,278.4141,282.14642,186.00737,286.1003,177.11154,212.86255,224.23529,218.53537,227.51904,91.41586,208.13031,96.54332,224.6349
508.06274,212.56253,0.0,0.0,509.7005,203.71687,0.0,0.0,491.9714,177.50713,444.19653,175.68942,450.5077,181.61736,427.30255,241.96422,456.23306,276.72516,467.66895,255.8913,492.43335,279.26715,284.26266,185.29906,287.63184,176.01027,211.83429,224.5949,217.58464,227.44235,90.38867,209.67365,95.89398,225.82928
508.14508,212.96515,0.0,0.0,509.65668,204.25972,0.0,0.0,491.92773,177.96564,444.74115,174.91551,450.41492,181.8961,427.36273,241.2294,455.80048,277.57684,467.54135,255.56729,491.81616,279.0272,284.81467,184.99991,287.79294,176.09763,211.82915,224.28712,217.36418,227.37816,90.37286,209.1592,95.65765,225.08206
509.35785,210.99927,0.0,0.0,510.688,202.40472,0.0,0.0,492.61774,177.61957,445.82266,176.3485,451.36438,182.96597,428.23315,240.61984,455.40012,275.37924,467.55765,256.3446,489.18594,279.66202,284.33932,187.25737,287.04703,178.28522,205.80258,226.34421,211.86243,231.08954,87.5336,206.18521,93.43387,224.76703
509.2373,211.14246,0.0,0.0,510.4014,202.72255,0.0,0.0,492.4896,178.36414,445.19818,175.49838,451.72842,184.03346,427.7397,239.74954,455.51688,277.2276,466.36176,256.1482,487.60617,279.62506,283.64902,187.30043,286.969,179.2043,206.01004,225.30338,212.85588,231.36044,88.65567,205.31247,94.62543,224.78442
510.05347,211.5671,0.0,0.0,511.10406,202.47104,0.0,0.0,491.74048,176.99754,445.30493,176.16235,450.19452,183.20679,428.1858,242.69621,456.21988,279.195,468.65775,255.9195,490.8553,280.19586,284.63434,188.43492,286.6963,179.7442,207.7467,226.3818,212.79057,231.22676,87.50116,204.6356,93.37381,223.33388
509.85767,212.19775,0.0,0.0,511.08197,203.65956,0.0,0.0,492.55927,178.85927,444.97916,175.68523,450.47083,184.85246,427.95883,239.45467,455.86844,279.35468,469.1259,255.55173,490.29242,279.51837,281.45908,186.85052,284.06403,178.78886,204.21086,227.20071,209.81186,232.4613,85.411835,206.44118,90.85599,224.68744
509.27673,212.5943,0.0,0.0,510.73154,204.08932,0.0,0.0,492.4594,178.89413,444.10648,175.24193,450.62854,184.32735,426.992,239.15654,455.72266,278.7571,468.0103,255.7898,490.2137,279.9807,283.46844,186.45808,286.71146,178.67188,208.27293,226.30048,214.1617,232.01476,90.51599,206.25233,96.295044,225.27402
509.37537,212.95409,0.0,0.0,510.74945,204.38615,0.0,0.0,492.2973,178.9643,443.78967,174.77687,450.56293,184.16908,426.55975,237.54604,455.8266,278.0144,467.14627,256.07034,489.68988,281.3193,281.80096,186.07158,285.14978,178.26898,206.35873,227.19612,212.10173,232.94472,87.76312,206.89786,93.193146,225.84029
510.10193,213.51611,0.0,0.0,511.19598,204.59735,0.0,0.0,491.8689,178.3609,444.58487,174.74173,450.19638,182.68074,427.55914,239.79611,456.27557,277.51144,466.78522,256.13892,490.08008,280.7688,284.9833,185.20522,287.52826,177.38226,214.33688,225.43567,220.26297,231.4699,96.3038,206.79564,102.91008,227.10652
510.11398,213.68881,0.0,0.0,511.25397,204.85573,0.0,0.0,492.04242,178.38354,443.7757,172.90805,449.81784,182.52507,427.27524,237.42264,456.13788,278.03027,465.70053,256.2163,489.12823,281.08966,282.02005,184.21991,284.85007,177.10956,214.46611,223.69075,220.5154,230.57942,97.133865,207.11719,103.40419,227.93532
509.54895,214.18329,0.0,0.0,510.7413,205.28412,0.0,0.0,491.4926,178.61139,442.85812,172.9506,449.39145,183.18709,426.20865,237.84418,457.00385,280.06763,466.73752,255.94037,491.19702,280.62958,281.286,182.75589,284.46793,175.7503,212.18513,226.64955,218.08917,233.3185,94.87326,209.23749,101.10242,229.69234
498.90005,210.97095,0.0,0.0,499.86536,201.73692,0.0,0.0,483.57944,177.94818,448.8968,185.57631,450.5353,182.24173,441.64667,250.65189,456.6294,265.26566,0.0,0.0,491.1397,284.5423,292.04654,195.69112,292.93643,181.5477,199.22217,219.96765,203.62538,221.3095,67.05292,219.70355,75.383194,237.6419
499.34717,211.36737,0.0,0.0,500.5664,202.0651,0.0,0.0,484.03027,177.51993,447.72928,184.79521,449.8011,182.2252,440.88953,250.03928,457.3355,266.64407,0.0,0.0,492.49762,284.38617,289.57797,196.44272,290.58667,182.58284,194.90723,223.0415,199.13538,224.75063,64.63751,219.7443,73.33334,238.20929
499.92627,208.1753,0.0,0.0,500.6487,198.84747,0.0,0.0,483.61353,175.94666,449.66763,184.93607,449.8004,182.44814,0.0,0.0,458.72076,267.17612,0.0,0.0,491.4029,283.7926,288.2861,198.88092,287.97742,184.8126,188.24973,224.97412,191.67676,226.74266,63.14557,220.18074,71.57794,238.58495
501.40088,208.13234,0.0,0.0,502.46588,199.37228,0.0,0.0,485.7058,176.3468,446.69577,182.94928,450.38226,182.35033,439.54703,250.20432,457.08417,268.08374,0.0,0.0,490.34348,283.56818,284.3615,198.31349,286.48996,185.33066,186.09012,224.91455,192.13722,228.36273,63.363495,219.31267,71.39989,238.76099
509.81168,213.92073,0.0,0.0,510.9746,206.1691,0.0,0.0,492.73904,181.62228,444.05457,173.11772,449.23254,186.37192,429.54837,238.8507,455.87674,282.6803,468.7315,256.5562,489.5329,278.13797,279.72894,181.94008,282.51642,176.51898,211.63637,219.76756,218.97069,229.08762,102.76474,208.98044,108.23668,231.62239
493.54962,218.33588,0.0,0.0,496.3569,208.40242,0.0,0.0,481.2343,181.52946,441.9685,189.4025,446.21204,184.39915,434.60202,254.04337,456.67487,268.9495,481.30804,270.9294,498.64044,282.04272,285.0872,197.88095,287.19177,183.53073,195.14021,220.77022,198.98454,222.53288,66.57413,219.64476,77.23541,240.97687
0.0,0.0,0.0,0.0,504.09308,214.3856,0.0,0.0,494.82568,189.0089,445.69434,172.43939,452.19943,190.43443,0.0,0.0,455.1587,282.56494,0.0,0.0,492.18353,276.54852,276.18076,176.99344,279.87634,173.1002,205.5304,217.85126,212.42769,231.81593,97.79968,202.7417,104.09953,231.80917
496.4076,215.22679,0.0,0.0,499.33774,205.59412,0.0,0.0,486.25116,181.07463,452.4678,189.6165,451.6933,184.48029,0.0,0.0,458.7937,267.29608,0.0,0.0,502.25198,280.00394,292.6689,196.42044,292.00705,180.74155,197.11334,219.22748,198.13617,216.71532,66.97357,221.72554,73.13074,235.54602
500.05228,214.3323,0.0,0.0,502.14215,204.66422,0.0,0.0,487.73328,181.59883,453.4583,195.96004,452.9026,186.79369,0.0,0.0,458.40747,268.5546,0.0,0.0,498.6524,279.13477,295.23596,204.84439,294.6498,187.97348,204.46442,219.6416,206.68991,215.43211,71.78479,220.13431,79.32741,233.39136
509.10986,220.95029,0.0,0.0,512.41077,212.3352,0.0,0.0,497.9739,187.25081,450.17456,187.27737,456.09332,190.7152,432.28168,250.34882,455.72498,280.0226,476.01526,257.1878,498.91373,275.6024,292.04297,190.47362,294.9041,181.09952,222.85606,215.57239,228.45471,221.8761,99.98329,201.67558,106.76361,225.42819
501.53564,226.30687,0.0,0.0,508.0398,217.84741,0.0,0.0,499.51965,189.27052,449.45728,189.30017,456.51456,189.7551,431.12924,248.63977,456.02957,276.31195,474.24097,256.9937,501.65967,275.20404,293.95355,190.12183,298.0257,179.23601,224.62714,218.34544,227.2506,222.06117,106.44716,204.66048,113.41533,227.41576
501.73572,225.75827,0.0,0.0,507.82867,216.97606,0.0,0.0,497.6037,188.20224,446.58258,188.86021,452.5761,189.43553,428.6324,249.2142,455.62646,278.54755,473.25098,258.22034,500.89218,276.83636,285.1801,191.10223,288.4543,179.55063,215.16817,220.29196,216.59373,221.27217,95.7612,208.8322,102.581024,227.59103
501.94794,217.31862,0.0,0.0,507.3637,207.3928,0.0,0.0,494.16797,180.98796,444.35175,189.79945,448.24792,185.84113,429.27762,254.9643,454.69446,277.63962,477.78165,258.00058,505.4696,275.52908,281.45108,188.38669,283.3063,175.35779,218.74738,214.25371,218.63647,213.14586,97.4435,208.60892,103.89159,226.27133
514.0508,207.53769,0.0,0.0,514.2498,199.60686,0.0,0.0,494.5338,179.09622,448.9704,175.4785,453.78796,188.9478,0.0,0.0,456.82355,285.49954,0.0,0.0,494.2104,273.94952,289.29303,184.75319,291.69666,179.83533,219.65924,217.72093,226.79785,229.58522,104.58655,201.06294,109.72154,227.04259
501.9493,212.15187,0.0,0.0,501.5853,203.96513,0.0,0.0,484.00586,182.77559,451.17914,185.40134,450.44724,189.15662,0.0,0.0,460.50198,274.03693,0.0,0.0,494.09015,280.26645,289.54373,198.42934,289.0334,187.08179,192.39664,223.10991,197.4486,227.41098,67.52432,221.13997,74.4706,239.50226
510.2245,195.61456,0.0,0.0,513.9806,185.88477,0.0,0.0,497.99054,160.1366,458.02136,171.13788,454.55255,164.75885,445.0186,233.83669,461.35922,250.7279,501.081,236.86467,507.84387,250.93002,311.24478,173.87526,309.19028,160.38248,237.07721,206.89722,235.75198,200.9444,137.89415,187.87529,145.39462,196.09386
508.75806,198.68816,0.0,0.0,511.1601,189.80116,0.0,0.0,493.66345,162.96991,451.9934,160.93016,451.79257,165.88095,440.86377,221.87512,462.51538,255.89941,500.73248,236.95343,505.57385,250.87354,302.3163,167.55118,302.4854,158.40604,226.2904,211.56532,228.23778,210.33879,130.5442,194.44882,137.89499,203.75977
492.68774,193.32417,0.0,0.0,497.10678,185.67467,0.0,0.0,487.28165,163.73663,448.85443,163.16136,450.9226,170.58417,445.37463,213.04352,460.3952,251.20752,500.67853,231.61151,517.30066,249.70242,319.2661,155.81021,319.83295,152.85738,291.6866,217.78958,295.27316,232.15407,184.15399,183.72888,196.78693,217.79355
0.0,0.0,0.0,0.0,0.0,0.0,0.0,0.0,383.2803,4.904312,363.72815,45.240646,341.3998,30.333542,324.25244,94.70799,272.87277,69.80883,327.5727,128.56076,297.8984,127.33426,301.00577,159.8552,278.21945,154.70674,321.78012,244.4036,283.8187,247.97803,267.16672,224.38814,212.62946,230.50024
0.0,0.0,0.0,0.0,0.0,0.0,0.0,0.0,0.0,0.0,0.0,0.0,0.0,0.0,240.2221,54.24733,0.0,0.0,269.63794,103.69462,0.0,0.0,297.6264,121.620514,313.68616,119.00986,285.3067,201.11781,314.4966,189.00414,250.46869,247.60516,294.9424,230.53642
0.0,0.0,0.0,0.0,0.0,0.0,0.0,0.0,0.0,0.0,330.55176,14.58963,308.2739,18.1678,328.46243,79.59698,286.5453,95.14864,350.67783,114.447525,343.5231,133.75136,300.72644,142.54056,279.61493,145.71504,327.2835,229.67743,283.79373,242.16444,282.9449,227.07742,210.0509,239.16327
471.0971,166.43152,0.0,0.0,471.2335,158.7542,0.0,0.0,466.25937,134.73929,441.39038,136.62128,437.61227,129.04587,433.2158,192.54196,439.75037,192.71786,441.69537,246.66013,450.65216,243.76332,297.74454,151.55206,295.07056,140.93028,280.53778,237.80916,284.7192,240.34842,196.41557,219.11026,202.79968,237.99893
482.00598,165.29945,0.0,0.0,486.58075,157.03162,0.0,0.0,483.1231,129.28258,444.35245,129.50854,446.3614,129.72743,438.88562,180.49757,447.96783,206.14247,455.62164,245.04495,466.50262,257.71234,300.29993,142.32014,301.4159,134.33522,286.38446,229.5211,284.9915,234.09692,190.45886,207.04848,196.9091,229.11185
507.28735,174.7839,0.0,0.0,508.21878,165.17508,0.0,0.0,488.7037,144.99936,446.8659,154.21042,446.2377,153.51797,433.07092,209.74396,435.43924,232.2134,475.0279,238.29848,481.98578,251.07831,302.26852,159.11734,300.45532,150.85909,259.6208,207.49438,258.96066,212.96121,154.5541,184.43204,160.58423,203.33812
519.6284,186.36992,0.0,0.0,518.59595,178.72852,0.0,0.0,499.0116,160.45638,464.46643,156.63486,463.38916,168.30968,446.98276,212.18515,459.61926,253.69391,484.22726,237.6126,493.77356,256.8391,321.41492,154.52448,320.89832,148.74872,252.23497,192.5604,254.57906,196.37506,153.3149,191.34155,154.79141,201.4913
511.733,192.5301,0.0,0.0,511.80438,183.94998,0.0,0.0,491.10577,159.34686,450.55356,156.80896,452.35846,163.86464,437.59253,219.38545,460.1045,254.8404,491.12152,234.64577,504.78766,258.6927,305.5953,171.0885,306.50552,163.60168,235.1181,198.64943,241.21335,200.42665,129.70093,186.15546,134.54854,196.3667
510.24316,191.65317,0.0,0.0,511.82434,183.01212,0.0,0.0,492.34058,159.04816,447.38797,158.5571,450.2091,165.29295,434.92697,217.05984,458.41608,253.78589,489.91168,237.11911,501.9845,259.078,292.2556,166.77335,293.62238,158.55772,212.4786,202.16551,217.41612,204.60678,115.17827,184.2149,120.05725,196.62956
503.81467,197.572,0.0,0.0,507.31262,188.54361,0.0,0.0,492.60028,161.8762,451.31497,163.41046,452.9226,165.24765,438.18414,222.67555,458.38757,252.52829,490.13446,238.47849,505.30505,257.5853,309.48712,169.35658,310.35605,159.70053,234.73233,200.14842,236.24883,200.97359,134.75104,184.77402,141.69254,198.58763
499.73407,194.98999,0.0,0.0,505.13055,185.34296,0.0,0.0,493.87735,157.48708,451.49667,164.06694,452.72296,161.34232,439.1067,224.47337,458.61386,249.28705,492.26645,240.83801,505.8461,256.6085,307.74042,171.67177,308.6136,159.76096,237.17389,201.44742,235.56316,198.12735,137.1122,185.11632,144.85779,195.70842
499.01227,196.10704,0.0,0.0,504.0861,186.90213,0.0,0.0,492.46222,160.21585,452.16013,167.18228,452.16678,164.2551,438.9716,226.59216,458.31122,250.06082,490.73206,240.59854,507.55215,257.43155,312.05634,170.75568,312.1616,158.93396,236.99113,201.4634,235.18045,198.84601,137.71022,187.26392,144.93091,199.23872
500.61633,198.8201,0.0,0.0,505.9646,190.7734,0.0,0.0,496.42566,164.38113,454.149,163.38766,455.6197,166.75238,440.7498,219.67397,457.3395,251.82382,489.90237,241.54248,499.1593,256.53076,309.34482,167.50287,310.87552,157.74646,231.57404,200.70865,231.34781,200.57195,135.9741,187.2538,141.04575,199.1748
505.26926,198.14496,0.0,0.0,509.55063,189.14621,0.0,0.0,496.6736,162.49146,456.38272,167.30104,456.45935,165.64151,441.5999,229.08861,458.7675,252.22287,492.827,241.58273,504.48697,255.55774,315.9809,171.11203,316.3395,159.8899,239.69925,201.04605,239.81078,199.68604,138.57268,184.96475,144.77084,197.37846
506.56253,203.10574,0.0,0.0,510.49213,195.93483,0.0,0.0,499.51367,169.80008,458.37894,162.81532,459.69598,168.9275,440.98624,213.92197,446.7707,247.48618,484.9372,238.13196,479.01086,256.29446,319.2236,167.22395,321.1034,159.31276,241.57092,197.79715,245.8164,201.29396,143.4295,185.34036,148.43127,199.92017
509.4126,203.28336,0.0,0.0,512.93054,195.0285,0.0,0.0,499.24002,167.36615,459.01532,163.9247,457.85324,167.30112,441.77274,220.80205,451.24045,250.98679,484.7057,239.81259,485.08167,258.26382,317.80408,170.37799,317.578,161.38457,243.83041,199.90921,244.84207,201.96349,141.43242,181.22284,147.36469,196.3625
503.30328,200.96938,0.0,0.0,507.61484,191.36967,0.0,0.0,493.80984,163.9437,451.93295,169.22713,454.37415,166.48929,438.86182,224.71246,454.99796,249.60583,483.4018,238.46843,494.5824,260.3722,315.96426,171.93011,317.33362,160.73672,250.84393,200.51176,250.17305,199.42978,143.22388,183.24083,151.13602,197.5788
502.2182,200.04317,0.0,0.0,507.2961,190.87839,0.0,0.0,495.20673,164.79161,452.7075,172.01135,455.6713,167.69653,439.98962,225.3783,455.63602,247.6727,486.1671,238.08812,496.5089,258.0393,317.25357,170.6752,319.34985,158.45558,249.0116,202.9179,248.34583,199.47464,144.04532,185.64668,151.18063,196.73389
506.1211,201.46231,0.0,0.0,510.2464,193.04366,0.0,0.0,497.45822,166.6377,458.2114,167.40157,456.5045,167.69727,442.38608,220.29248,454.5719,247.99905,485.67444,237.98383,492.3884,254.54941,316.95578,167.45822,316.59567,156.33339,242.3635,200.9062,241.75395,197.46954,138.85306,188.93141,144.80443,197.1061
506.3389,198.94778,0.0,0.0,508.64,191.06293,0.0,0.0,493.002,165.97586,452.71234,162.07184,452.57718,167.70528,440.24536,218.04352,456.145,252.88806,493.8813,233.22664,500.99295,254.5943,308.37155,168.32924,308.64148,159.7185,236.83566,202.07056,240.28973,201.32373,134.80473,189.13322,140.50226,197.40962
504.42642,197.11594,0.0,0.0,508.17523,188.28452,0.0,0.0,493.1988,161.89183,450.48242,161.64157,450.86676,165.79941,439.575,217.42455,456.93433,253.15607,491.10135,234.84285,501.84875,254.26697,306.95374,167.99475,307.28082,159.13039,241.90524,199.52249,242.16663,198.81367,139.84418,186.33064,147.27536,197.10611
505.1798,198.20576,0.0,0.0,508.51385,189.4272,0.0,0.0,493.42487,162.92468,453.32648,162.81516,451.68237,165.68959,441.55835,218.38687,457.2274,251.25204,490.5469,236.3082,498.75854,254.44562,308.8336,168.06009,308.1604,158.18677,239.46555,199.65987,239.32913,196.96204,137.43697,191.83458,144.44492,199.97006
502.52716,198.46783,0.0,0.0,506.33557,189.2508,0.0,0.0,491.12347,162.08908,449.04828,164.86655,449.50055,165.2058,438.32428,221.84703,458.17188,251.5766,490.22433,235.5494,502.92743,254.73837,307.07224,171.03636,307.34268,160.4216,239.6273,200.50961,239.0261,197.09077,138.17308,191.30759,145.61348,199.96198
503.2761,198.87433,0.0,0.0,506.5906,189.77022,0.0,0.0,490.92108,162.89133,450.3587,164.33273,450.08237,165.89871,439.6285,221.16989,458.9012,252.27005,490.94446,235.0925,502.25647,253.56729,308.44034,168.78342,308.30447,158.79533,240.22354,198.45334,240.1773,196.27483,140.06671,190.04408,147.58025,199.84378
504.45886,199.24316,0.0,0.0,508.36743,189.40341,0.0,0.0,492.0963,161.89987,450.236,168.45847,449.5042,165.38745,439.35406,226.58836,457.8369,251.00894,490.26868,236.14648,501.0204,253.96027,307.20468,175.94717,306.4587,163.95856,238.92438,199.99353,236.71083,195.81398,136.08295,187.73119,143.74396,197.2256
503.76254,198.76738,0.0,0.0,507.5765,189.2117,0.0,0.0,491.79456,162.3852,450.30743,168.5863,449.81595,166.11682,439.65894,226.80675,458.3086,251.56674,490.7113,236.0855,502.6123,253.47348,308.1156,176.70355,307.5525,165.00485,240.73235,198.32846,239.00131,194.37827,137.07343,187.75604,144.39229,196.9964
503.0385,198.74118,0.0,0.0,506.96442,188.86816,0.0,0.0,491.3653,161.01204,450.64102,166.14372,448.9227,163.9461,440.2366,224.40544,458.12762,251.0028,488.73077,236.30812,500.41595,254.08435,305.55673,169.44983,304.38916,157.85696,242.09756,192.35255,239.60904,188.70639,138.06432,186.37273,145.83469,196.78517
504.1947,199.20605,0.0,0.0,508.31506,189.85786,0.0,0.0,493.77682,162.83934,452.20538,166.25293,450.73572,165.36203,440.5834,221.9109,457.53433,249.9545,486.47455,236.95941,497.19763,254.39719,302.23337,166.92487,301.42096,155.26605,233.25452,195.08234,231.60373,191.22244,132.21307,188.77402,138.64615,197.80984
504.4145,199.21962,0.0,0.0,508.42578,190.07858,0.0,0.0,494.35092,163.08882,454.0099,165.89148,451.34497,165.05576,441.99084,220.52676,457.5638,248.18005,484.07144,237.87242,492.58405,255.34042,302.10553,165.61507,300.7842,153.75967,231.83453,194.5139,229.616,190.39786,132.40549,188.60359,138.4864,197.35204
502.6672,194.02881,0.0,0.0,507.0138,186.03032,0.0,0.0,496.0927,163.34079,461.1629,168.35637,457.7702,168.32182,447.60382,218.6753,454.75647,242.70218,485.28708,241.55577,491.88403,258.2072,315.64404,169.43964,313.6361,158.53064,234.736,189.97105,233.22241,192.7165,122.92607,180.5877,131.12689,199.1198
498.4422,194.10234,0.0,0.0,503.46887,186.00507,0.0,0.0,494.24774,163.21497,458.82852,169.68121,456.67694,168.07379,445.9572,220.57716,454.662,242.4997,486.02258,242.01015,495.07886,258.55066,313.87326,170.32056,312.5842,158.90791,235.37231,189.40265,233.79555,191.88733,123.76912,180.02562,132.11577,199.03574
496.24686,193.61752,0.0,0.0,502.00037,185.09865,0.0,0.0,493.33215,161.50533,455.5985,170.12335,455.68304,166.98201,442.59155,223.06439,455.84155,243.67245,485.66003,243.05344,499.7862,259.09644,313.0365,170.85577,312.91727,159.06305,237.01161,191.04094,234.91638,193.0231,124.89,179.47131,133.60664,198.95924
495.31052,199.0235,0.0,0.0,500.42297,190.03075,0.0,0.0,490.08527,163.07652,449.34918,166.20238,450.21732,165.4572,438.7384,220.42302,458.34665,249.62308,484.29468,237.49599,499.46735,256.78183,302.82254,163.94186,303.5724,152.60405,237.25705,194.62157,234.98021,192.16934,136.16652,187.8706,142.89597,200.03287
496.52448,197.93289,0.0,0.0,501.63068,188.72859,0.0,0.0,490.36075,162.87859,449.60748,168.68726,449.5091,166.67873,439.7494,221.61798,458.90323,249.32654,484.25458,237.68756,498.44135,256.3533,300.81473,165.02895,300.85983,152.8978,233.0655,194.60129,229.5149,191.05383,132.67078,188.47491,139.41458,199.92265
509.7396,200.69905,0.0,0.0,512.0315,191.92268,0.0,0.0,495.79968,165.79774,458.84674,165.3787,456.24203,167.75912,445.61084,222.90074,458.71387,252.96378,491.42596,235.73357,497.28964,256.15085,317.90524,168.15967,316.49234,158.59369,247.16794,194.90056,247.9166,194.865,142.90443,184.99352,149.55885,197.66772
497.143,203.04813,503.34695,202.58946,506.06995,194.71396,0.0,0.0,502.9598,168.46799,460.719,175.42537,462.9728,167.68843,444.40036,207.56308,444.16626,223.15141,468.515,246.54266,464.94104,255.09033,312.58737,167.36942,314.71805,152.3328,241.02211,193.17033,236.0505,190.95206,124.111496,178.36514,131.77112,194.30698
500.1048,195.3037,505.91858,193.66537,506.98853,186.9164,0.0,0.0,498.8002,162.23013,457.805,170.37195,458.1319,166.15706,442.65717,216.72394,453.518,236.7125,478.2755,244.17355,493.5978,259.4046,312.84537,167.18689,312.85785,154.75746,236.51935,193.60583,233.38791,195.19225,123.86449,175.40613,132.90265,195.55293
509.374,194.68318,0.0,0.0,509.86868,185.51955,0.0,0.0,489.1407,160.39633,452.49213,161.38777,449.37994,164.23721,439.30075,223.96182,457.39813,253.48221,494.34827,233.06265,503.18573,255.09537,310.578,169.19255,308.34418,160.29312,240.49606,198.32124,242.80301,197.91048,141.95917,188.36237,147.92616,198.55443
507.73065,197.30112,0.0,0.0,508.24634,188.6477,0.0,0.0,488.28705,163.64497,451.5062,161.59596,449.25684,166.42165,440.28162,221.81113,457.87744,254.54333,497.22208,232.13512,503.82257,255.37482,309.69128,168.31664,308.21017,160.22446,240.98563,197.46394,244.07767,197.97716,142.23584,187.88531,148.0807,198.30844
506.81915,196.62483,0.0,0.0,507.86435,187.51396,0.0,0.0,488.27673,162.16516,450.87378,163.68344,449.33295,165.37534,439.48618,223.90227,458.35687,252.53873,494.86908,233.2148,503.87823,256.0092,309.592,169.65092,308.40924,160.0807,239.77908,198.77998,241.76187,197.66437,139.43198,187.46031,145.91159,197.51878
506.96936,196.01389,0.0,0.0,507.5204,186.95557,0.0,0.0,487.18945,162.25252,451.4446,163.56699,448.854,165.86848,440.72693,223.05684,458.94186,252.64752,495.44363,232.86789,504.9037,256.27292,310.0924,168.49428,308.20505,159.18604,240.25716,197.82733,242.17484,197.19574,138.99785,187.43849,145.64726,197.90247
498.63336,204.69884,0.0,0.0,498.06976,197.0435,0.0,0.0,479.02255,180.92337,446.49963,184.6098,444.81982,194.00977,434.55972,239.3525,453.3988,277.7387,479.1381,255.40768,495.27563,272.30655,303.9701,190.66788,302.7534,183.3923,222.824,223.75468,226.82303,226.94641,112.37575,221.85484,119.28868,233.35931
489.07364,220.39963,0.0,0.0,487.90747,213.57352,0.0,0.0,471.04407,195.99553,443.97333,189.92265,438.7535,200.77997,435.80145,235.19363,449.4026,278.3605,483.29446,250.039,494.50696,272.40872,297.52563,182.81021,294.3921,176.06581,225.80957,223.05385,231.12454,224.35504,132.29485,225.72792,138.28392,233.3223
486.30927,215.9777,0.0,0.0,484.84805,209.45163,0.0,0.0,468.19305,193.07208,438.3071,188.89644,437.1132,199.206,432.22528,241.74605,449.5435,279.6129,484.21097,254.14075,497.10608,269.5891,294.24753,188.31464,293.6604,181.72089,222.79678,227.63344,231.25888,229.41454,131.36952,232.56403,136.52574,239.52606
488.8936,216.16313,0.0,0.0,486.42682,209.39888,0.0,0.0,467.0053,192.86989,441.45633,186.3229,437.11823,201.07376,432.00186,235.78008,448.7891,279.6371,481.52905,250.51392,493.93637,267.797,300.00128,188.01096,296.92993,184.0303,223.18584,219.37729,229.20404,228.40256,120.292755,214.93286,127.05484,231.96042
487.85266,217.88484,0.0,0.0,485.98254,211.35382,0.0,0.0,467.70663,193.47241,439.20328,182.65367,437.8083,201.20769,429.5728,230.13338,450.22284,281.58078,480.49234,249.46936,494.52374,268.0405,297.66565,184.72536,296.4976,182.25539,223.65854,218.62967,229.69446,229.16644,120.41649,211.18742,127.18672,229.28809
488.21088,218.05067,0.0,0.0,486.34738,211.59695,0.0,0.0,468.56863,194.36093,443.02774,185.45554,438.38525,201.9476,431.7575,231.87689,449.7894,280.1398,480.80078,249.78693,493.62018,268.51764,301.97723,185.73367,298.90555,182.14056,225.81433,219.38841,230.53497,227.08372,123.19006,212.40526,130.11546,226.90208
488.7981,218.1091,0.0,0.0,487.24448,211.15657,0.0,0.0,468.879,192.88658,441.0549,185.68529,437.27963,200.49179,429.86502,233.78708,449.64108,280.32382,480.2838,249.9161,493.56033,268.10306,297.98157,185.91959,295.3632,181.39645,222.58405,222.8765,226.76385,228.81313,119.17673,215.12306,125.67613,228.13147
486.41876,218.353,0.0,0.0,485.1396,211.73149,0.0,0.0,468.67773,193.95758,441.7335,186.1669,437.83185,200.43228,430.0367,233.7251,449.04434,279.04996,481.14398,249.21872,496.35724,268.3807,297.55276,184.81488,295.11755,179.8502,222.75194,219.02893,227.68622,223.78049,118.40785,216.12941,125.17668,227.36224
487.5808,216.60532,0.0,0.0,486.17725,209.7868,0.0,0.0,468.23224,193.07101,440.31522,189.85773,437.09015,201.23741,429.2852,236.78682,450.45453,277.62573,480.2605,250.25937,496.59427,270.18414,296.2352,191.30956,293.8848,184.92534,217.23076,224.92484,221.99467,227.71481,113.18686,219.21107,120.37633,228.65366
488.22955,218.1062,0.0,0.0,486.3687,211.93378,0.0,0.0,468.5434,195.62566,440.993,187.6127,438.22345,203.2908,429.0154,231.10136,448.68033,278.6867,477.8574,246.63327,494.33246,270.11823,297.87518,190.56482,295.8637,185.96349,217.8565,223.96857,223.91884,229.53912,112.062805,219.89847,118.25844,231.09013
485.47174,216.1527,0.0,0.0,484.5771,209.67145,0.0,0.0,467.75256,194.19719,442.5963,196.84303,438.25287,201.42273,440.95477,241.10216,448.45087,268.29782,501.08264,260.5368,494.98193,274.48407,300.17114,197.56306,297.74814,187.95409,202.2944,217.18785,209.04996,219.2532,90.41876,216.58453,98.99692,227.48637
484.50677,216.03867,0.0,0.0,484.02454,208.77592,0.0,0.0,466.4814,191.79564,437.49255,196.14023,435.40067,199.3955,435.40897,242.28185,448.80096,269.34882,498.774,259.93616,496.20758,272.8016,289.71866,199.83525,288.4042,189.17876,193.04413,223.03323,199.17651,223.02347,78.68822,219.04228,87.238525,227.85936
484.82748,218.09381,0.0,0.0,484.5908,211.04768,0.0,0.0,467.4156,193.36407,436.79517,194.38658,436.02087,200.31482,434.91473,238.19719,449.91104,270.20496,499.56525,258.9472,498.24774,271.86414,289.86728,198.63097,289.33585,189.2107,195.30493,223.65707,201.95676,224.85474,81.64583,220.3069,90.17108,229.66975
487.4374,217.868,0.0,0.0,486.74744,211.5695,0.0,0.0,469.89755,195.52197,444.40616,197.54956,439.23947,201.9977,442.49878,241.55502,449.2506,268.18512,501.86084,261.21655,496.8775,273.61102,300.6803,197.67249,297.74408,187.82695,200.32156,217.66722,206.74011,219.71466,87.369705,216.96489,95.54903,228.2563
487.735,218.06334,0.0,0.0,486.87433,211.96112,0.0,0.0,470.27515,196.525,445.3359,198.32738,440.6122,203.21053,443.39212,241.6602,450.09073,268.42758,501.14062,261.85907,496.5116,274.33072,303.40152,198.40271,300.8304,188.84717,202.96115,217.52942,210.12976,219.94772,91.0497,218.5256,99.48749,229.7378
487.24643,220.64735,0.0,0.0,486.6945,214.24983,0.0,0.0,470.01044,196.93379,441.84814,195.51245,439.29752,202.54713,439.6568,238.60878,450.169,270.2937,500.1406,260.139,496.84473,272.51138,297.54117,196.18173,296.21762,187.46304,200.96161,219.30843,208.47693,222.12103,88.91258,218.30148,97.10475,229.30293
486.29337,218.34644,0.0,0.0,484.57864,212.66658,0.0,0.0,467.8374,196.3944,440.08426,185.41692,437.44095,203.51097,429.17938,230.43427,448.52524,280.51938,477.2364,246.36206,493.68365,266.29135,296.50793,188.44371,294.67572,185.07504,217.87512,222.5944,224.70775,230.27298,116.6358,218.89412,122.29846,231.86458
484.84747,218.03639,0.0,0.0,483.71307,212.06804,0.0,0.0,467.3495,195.77773,440.22723,192.19113,438.46155,201.85687,438.7122,234.49944,450.47668,270.04755,498.66003,257.2479,497.3459,273.4994,295.43466,195.12796,294.5816,187.41975,197.55371,216.35315,206.31885,220.70135,86.595184,216.14304,94.71602,227.81342
483.0065,218.89111,0.0,0.0,482.34537,212.48065,0.0,0.0,465.37164,195.30103,437.48373,192.27373,435.07938,201.07764,435.38538,234.24396,449.48285,270.09894,498.72772,257.6371,499.1374,275.9887,293.20328,191.71861,291.81717,183.93845,198.51935,215.85129,205.58337,219.40298,89.73793,213.90857,98.0004,225.36412
482.58917,219.4054,0.0,0.0,482.01697,212.6956,0.0,0.0,464.80048,195.04137,438.343,194.39572,434.01834,200.51938,435.9585,237.01117,447.9507,269.0996,498.07544,257.37994,497.57202,276.4906,293.3907,194.63513,290.73688,185.38907,196.374,217.43379,201.91452,219.0166,83.9915,214.00648,92.43408,224.21448
483.7984,218.86716,0.0,0.0,483.14886,212.3245,0.0,0.0,466.16376,195.96529,440.8282,198.93369,435.81622,202.16356,438.9889,241.47119,448.70532,267.86612,499.6056,258.9281,497.4195,275.5288,295.56995,200.08052,292.4958,189.31401,194.54706,218.83154,199.99825,218.634,81.08136,216.52875,89.47702,224.92995
485.47272,219.66647,0.0,0.0,484.9767,213.08675,0.0,0.0,467.7213,196.60086,441.24622,200.1049,436.60706,202.6328,439.33118,243.4465,449.09558,268.25314,499.52594,259.80206,497.5761,274.88812,295.74652,200.90897,292.86264,189.96439,195.4569,219.07533,201.1443,218.94394,82.4315,216.94559,90.93167,225.85661
483.6602,221.34235,0.0,0.0,483.16794,214.70085,0.0,0.0,465.9804,196.77911,438.14044,195.2952,435.2791,202.02972,435.73938,237.03162,448.56506,269.72778,498.01196,257.34964,497.83325,274.5635,293.26654,197.83983,291.4576,188.93,197.11414,219.1937,203.47653,221.60065,84.86186,217.3334,93.37532,228.32121
485.99222,218.12569,0.0,0.0,484.59644,212.46446,0.0,0.0,466.4985,197.23158,435.54675,189.18799,435.868,205.29141,426.09274,231.61195,449.75452,278.59705,478.8079,246.22708,499.0824,266.3477,294.64252,194.34636,294.2411,190.04858,211.0015,225.24213,217.99036,231.40375,111.45177,223.79263,116.71332,234.81992
482.6385,215.6684,0.0,0.0,481.60602,209.01364,0.0,0.0,463.50375,193.04558,439.01212,195.57375,434.324,200.81609,438.93665,238.83844,448.9845,268.26764,502.74176,258.37125,501.82056,276.69406,299.3367,198.40303,296.47256,189.4555,201.55205,215.38094,207.97618,218.45839,90.7267,216.42406,99.59744,228.592
482.94888,219.81882,0.0,0.0,482.19965,213.38533,0.0,0.0,464.7992,196.07784,439.52203,195.54802,435.2578,201.71349,438.2852,238.35562,447.99057,268.9269,500.7738,258.28873,500.00757,276.33484,301.5938,195.7346,299.14355,187.27115,204.14554,215.93492,211.21632,219.5959,93.133484,215.0621,102.06459,227.75299
487.33643,218.2293,0.0,0.0,486.47784,211.53525,0.0,0.0,467.99615,194.37724,440.5366,195.97911,437.2933,200.82889,438.45102,241.30823,448.57062,269.32236,497.28214,257.87537,493.7874,274.59808,300.09473,199.5469,298.0366,190.40552,202.3251,217.39879,209.17654,220.90291,90.76843,214.12772,99.9794,227.77725
485.5145,218.26968,0.0,0.0,484.43155,212.2393,0.0,0.0,466.74976,195.68306,436.057,188.63211,435.99036,203.1014,426.03998,234.57419,449.2342,278.5346,477.3576,246.90723,498.02673,266.91437,298.08807,193.43558,297.43048,189.14275,216.5767,224.07349,223.3411,231.79388,117.89966,219.80269,124.37726,234.97116
485.11957,218.28151,0.0,0.0,484.45825,212.11174,0.0,0.0,466.96222,195.08853,439.88483,193.74875,436.93887,201.34488,437.86557,237.05313,446.9315,268.8528,496.14954,257.40512,493.87296,277.18262,301.94247,198.82787,300.03226,191.36389,202.14084,216.24873,210.16942,223.35622,95.08957,212.86224,104.64252,230.5106
484.8144,219.02963,0.0,0.0,484.45276,212.39418,0.0,0.0,467.044,194.2986,438.88705,194.05197,436.32593,200.21184,436.2344,238.28336,446.70407,268.91086,496.62936,257.19043,494.79178,275.67474,298.80875,199.89311,297.14447,191.42815,200.01343,219.1175,207.3652,223.8667,89.79147,215.45049,99.02916,230.27582
486.13495,219.06416,0.0,0.0,485.70056,212.66687,0.0,0.0,468.168,195.53448,438.39926,195.05472,437.2267,201.9873,435.6648,237.64236,447.23334,269.6897,496.20624,258.0142,494.80316,277.3993,296.64175,200.04047,295.81393,191.79727,198.37698,218.96384,206.52023,223.78645,87.983536,216.84212,96.62666,230.97952
483.32025,215.62656,0.0,0.0,484.50427,208.10686,0.0,0.0,468.80914,189.63646,438.62903,197.60632,436.3205,197.40678,436.4736,244.5979,447.12036,267.19547,497.33887,260.25165,498.5873,277.66367,295.62393,203.18582,294.09573,191.85371,199.14133,219.26236,204.46687,220.58194,85.044846,216.60132,94.86337,230.19264
481.24164,217.17076,0.0,0.0,482.04468,209.32066,0.0,0.0,465.64728,189.73598,435.76108,196.3378,434.48352,196.9503,433.4027,244.2525,446.15073,268.6451,494.82605,258.91727,496.3554,279.25406,294.7527,202.44968,293.9506,191.52286,199.57771,219.912,204.85373,221.55467,85.35347,217.66403,94.81052,231.35966
482.70068,221.24258,0.0,0.0,482.84802,214.74283,0.0,0.0,467.4043,196.99567,439.93835,198.20708,437.7013,202.2104,436.07483,240.57884,445.91846,268.35974,497.315,257.70673,496.7202,276.5522,300.5804,199.30768,299.49863,189.51054,200.0818,220.29214,207.51152,222.50244,85.552765,219.04773,93.59338,230.46532
480.24,218.02129,0.0,0.0,480.06927,212.53943,0.0,0.0,468.7948,195.38342,438.42465,184.81009,437.52798,199.73799,427.12988,235.12312,446.5818,280.14456,481.2273,253.9613,494.4919,267.26233,290.9616,189.13647,291.08948,183.29866,213.06041,233.06744,220.54823,233.4463,121.53964,237.9572,123.90738,240.03459
480.0488,217.70169,0.0,0.0,479.5017,212.32588,0.0,0.0,467.53442,195.77003,438.60596,185.4997,436.45355,200.30493,428.2756,235.11798,446.38516,279.82166,481.00275,253.38715,494.79456,268.11514,291.60867,188.19751,290.89215,182.50189,214.46092,230.14534,221.98285,230.90675,124.304184,235.773,127.21352,238.61212
483.17078,224.09454,0.0,0.0,484.71124,218.11917,0.0,0.0,473.27625,199.08142,438.70886,191.71313,437.3449,202.49419,428.9147,239.55414,447.07935,280.35596,482.38776,257.58868,497.34528,269.48514,290.69196,190.41602,290.365,183.21173,219.68845,231.78906,224.50754,230.50429,127.36804,233.62778,131.36984,237.27786
466.9089,227.08327,472.61493,221.7628,469.25684,219.99951,0.0,0.0,0.0,0.0,451.31525,204.1053,445.20145,203.31564,445.66568,239.64903,448.35883,255.01715,474.91724,268.81113,0.0,0.0,299.78818,195.79294,296.8711,181.002,191.85403,215.11002,193.17273,212.44719,83.705536,227.64963,90.15527,234.0828
0.0,0.0,0.0,0.0,0.0,0.0,0.0,0.0,0.0,0.0,0.0,0.0,0.0,0.0,0.0,0.0,0.0,0.0,0.0,0.0,0.0,0.0,0.0,0.0,325.32916,185.65692,193.91669,205.38588,206.35231,209.31557,99.17154,229.13559,97.54094,236.8992
481.43622,222.19086,0.0,0.0,482.91656,216.12968,0.0,0.0,471.36627,197.06612,432.65393,188.03577,437.4314,201.31726,424.24432,233.57576,447.50616,279.9118,481.46234,249.5585,498.64673,267.2355,288.61496,190.85966,292.14117,184.81253,219.75195,233.03326,227.3864,232.80498,126.72682,235.30771,130.68338,238.74918
473.28427,214.5773,477.5129,210.94633,476.3905,207.71321,0.0,0.0,467.83923,190.6905,444.51184,199.53166,437.6549,196.49011,440.5963,247.85504,441.60538,262.1714,486.63556,263.66284,493.78516,274.08643,300.54776,197.47388,297.17978,184.16124,198.39423,216.21404,201.7484,215.75882,91.12172,219.82129,98.08653,231.2637
505.8247,173.506,0.0,0.0,504.6598,163.50235,0.0,0.0,482.3831,144.65442,436.9295,149.53828,442.23468,164.38765,431.18643,216.62071,469.35034,263.1092,489.97174,230.92934,504.48877,244.41388,281.25403,169.75122,283.0699,168.62907,247.83391,220.30399,254.6098,230.95216,185.99194,182.00491,194.99533,204.30206
516.6505,199.46446,0.0,0.0,518.8726,190.48257,0.0,0.0,502.77466,164.31651,463.6287,164.1915,463.0474,164.40697,448.09143,224.0853,467.54626,248.53235,498.8746,240.05539,501.09454,250.05914,315.238,160.49095,315.50015,149.26744,238.0929,201.60796,241.78946,197.28082,143.95224,182.80704,150.55617,187.96089
509.7834,199.52342,0.0,0.0,512.0354,190.29698,0.0,0.0,495.3935,161.7415,455.1444,158.84021,454.43338,163.04266,442.2742,223.1001,465.1991,255.59808,501.03107,237.63145,504.43427,248.07391,305.95996,163.66956,306.10287,154.13028,235.40007,205.38063,236.64651,201.89651,138.30891,188.33427,144.4017,194.13095
498.29358,196.07126,0.0,0.0,503.06076,188.08394,0.0,0.0,493.89133,166.83417,446.87756,169.33646,456.34735,174.46782,442.26855,222.38193,460.15518,257.61322,489.49084,233.83841,506.06314,242.31816,310.0273,161.40718,315.06696,155.49225,283.19742,225.206,284.93246,231.80463,174.36874,192.37599,181.1729,213.20697
0.0,0.0,0.0,0.0,0.0,0.0,0.0,0.0,380.72443,11.386108,361.50055,45.17624,346.86642,33.08892,336.05164,90.19821,277.51703,70.18284,360.62604,110.97984,294.9763,127.98868,297.71286,156.97226,279.5512,152.82712,329.69452,240.83446,287.49683,245.6865,287.83163,215.93411,202.10342,223.10226
0.0,0.0,0.0,0.0,0.0,0.0,0.0,0.0,0.0,0.0,299.44608,6.7732086,297.96005,7.934738,246.63657,51.94262,244.27724,51.905228,270.28284,108.49072,272.89218,109.767105,302.6859,129.85173,307.88696,129.03545,282.29767,217.08734,322.7391,206.37363,234.2477,251.25885,307.4288,232.0133
0.0,0.0,0.0,0.0,0.0,0.0,0.0,0.0,0.0,0.0,331.4421,15.227905,307.8077,18.087982,328.75494,79.78887,286.5085,93.43131,351.7396,116.03879,342.28442,135.13623,302.37576,143.62193,280.07898,146.77951,332.298,230.85405,284.76633,242.97794,293.97418,229.18524,214.39053,241.30554
471.57562,166.76172,0.0,0.0,472.39743,159.14603,0.0,0.0,470.84326,134.38287,433.36023,133.67677,444.35797,129.6438,416.60553,194.25061,450.8216,203.11932,424.4486,237.75705,460.99347,249.67627,285.58356,148.5878,291.95044,139.57022,273.03885,237.62054,282.88928,240.87251,196.03131,224.54129,203.26657,243.04701
476.18573,167.98979,0.0,0.0,481.35767,159.42453,0.0,0.0,479.64813,128.06561,435.15668,128.08084,445.4686,127.164764,432.8336,184.34132,451.37872,209.8946,456.40857,246.79654,469.13745,264.958,294.1446,147.13016,300.4158,139.24161,281.36328,233.4987,281.2394,239.48128,187.44257,204.39244,194.10072,229.32431
509.23575,174.99733,0.0,0.0,510.25323,165.50998,0.0,0.0,490.364,144.46156,444.092,151.63112,448.7413,151.93018,428.77216,207.71866,435.27103,231.32599,473.29514,240.04626,481.1417,252.3046,297.3157,160.48016,298.4542,152.09431,250.91151,215.67123,252.95506,221.54005,141.67291,189.24484,147.13475,207.38965
511.4719,193.30334,0.0,0.0,513.0392,183.95836,0.0,0.0,492.736,159.46259,455.7138,162.32089,450.8208,166.41875,443.91467,221.03574,458.53284,255.13873,497.21472,237.08473,505.0191,254.20685,311.2485,167.5155,308.06448,158.66718,236.796,206.00137,235.74124,206.06734,135.61842,190.70363,142.2497,201.9425
507.4068,199.15009,0.0,0.0,508.08588,190.91443,0.0,0.0,489.38156,165.5304,449.40903,159.42462,451.84683,169.07184,438.64633,218.34492,462.1985,258.8881,494.02838,233.55849,506.52356,255.16522,304.62823,170.9377,306.028,164.35326,232.3291,200.12839,238.04883,203.51993,129.45192,186.62845,135.50795,198.86797
504.12338,195.67186,0.0,0.0,506.54626,187.3992,0.0,0.0,489.86786,162.95581,449.34814,163.06859,449.10583,167.6745,439.69922,221.1735,456.11954,254.2027,492.79187,237.93622,502.21652,260.1952,301.62405,170.91606,301.3376,162.32468,220.26668,200.13785,223.56407,203.2876,125.58481,185.66403,131.7993,200.41115
505.52972,199.26143,0.0,0.0,507.16278,189.48453,0.0,0.0,488.4853,163.58685,451.70734,167.67737,450.32434,166.93762,439.6402,228.1871,456.90057,252.39676,493.07483,239.22517,504.65643,257.52405,314.13892,172.14719,312.95374,162.117,244.82559,197.62491,246.78807,197.44212,143.6587,188.2118,150.98154,200.72705
503.92798,198.64677,0.0,0.0,506.74707,188.7806,0.0,0.0,489.85693,160.83609,451.6659,163.63606,449.79788,163.78294,438.29306,224.81244,455.6584,252.38821,491.26437,239.51657,504.46582,257.39667,313.6927,170.24916,312.3048,160.4443,246.35463,196.60915,245.95287,196.0328,144.28036,184.44363,152.25967,196.91267
501.92633,196.17418,0.0,0.0,505.8084,186.47144,0.0,0.0,491.12643,160.5184,451.04092,166.27286,451.47504,164.81586,438.57715,223.91652,455.69885,249.71848,490.0472,240.51358,503.98978,257.34982,310.91003,167.52194,311.0807,156.66623,240.52522,196.65698,240.4578,195.74724,138.2552,188.98407,145.6971,201.93402
504.78546,198.99414,0.0,0.0,508.53452,191.23239,0.0,0.0,496.27057,166.2301,457.2085,160.51926,456.88782,168.14796,442.72647,213.40741,455.9671,251.07877,490.9016,239.90167,500.72928,257.15842,314.20816,162.07594,314.4103,154.65608,236.58133,195.2389,239.232,198.85086,141.15196,187.94757,146.78036,202.09964
507.21133,199.2424,0.0,0.0,510.45197,191.32632,0.0,0.0,496.85815,166.50844,460.74902,162.58339,457.06937,168.5832,447.23853,215.94472,457.2783,251.09097,495.84555,238.56952,501.46143,255.76132,319.2375,161.59425,317.307,153.76881,242.11226,195.14247,242.95091,198.42262,146.20685,183.14012,152.05714,198.20602
502.88358,201.9184,0.0,0.0,507.39832,194.32935,0.0,0.0,497.0273,167.34924,455.65118,160.62894,457.92682,166.53632,440.36014,213.79181,448.6032,248.6384,485.5609,237.78447,484.11188,256.58545,318.8946,162.12726,321.29465,154.34048,244.21118,194.24857,247.67453,197.96198,147.11688,183.7634,152.52681,198.9936
511.21765,204.67223,0.0,0.0,513.3307,196.20038,0.0,0.0,496.88757,169.47256,459.70084,165.85855,457.74982,169.26929,444.24408,224.18333,453.11,253.5105,491.74054,235.91562,492.0238,254.9996,324.91748,169.86656,323.89133,161.56856,252.50134,199.27512,255.42862,202.40483,148.41725,182.69324,154.55467,198.31276
503.34216,200.03064,0.0,0.0,507.21655,191.27745,0.0,0.0,493.7141,165.34555,455.02682,165.97507,454.14597,167.51317,442.06473,218.72935,454.78088,249.4483,489.35825,235.97499,497.48303,257.11954,316.253,164.2634,315.82147,154.70099,244.55408,198.51253,244.30557,199.7498,142.57138,181.88338,149.49115,197.16515
504.24255,201.57619,0.0,0.0,508.0201,193.05179,0.0,0.0,493.95422,167.01114,453.97562,166.15565,454.9004,168.45265,440.23807,218.9336,454.07495,250.00186,486.924,236.3258,494.9638,256.71246,319.06335,163.11331,319.84818,154.1565,247.65408,198.19191,248.84369,200.4496,145.74864,183.17746,152.72614,199.31543
501.33246,197.3731,0.0,0.0,506.56125,188.30516,0.0,0.0,495.08725,162.36206,453.08997,168.29367,454.82715,165.9222,440.13086,220.72473,456.2383,246.56177,486.09094,236.71008,496.5108,253.9339,313.80176,166.16843,315.1877,154.50473,242.5365,202.30034,241.34177,199.81001,141.33875,187.23322,148.62785,199.2685
505.87057,200.25722,0.0,0.0,508.10577,192.11488,0.0,0.0,492.4782,166.97302,454.01593,164.36429,453.08835,167.72746,440.84302,219.62476,454.7113,249.81677,491.17966,235.83606,495.56628,255.79507,310.7797,165.40962,310.49258,156.3058,237.71458,201.99763,240.9235,202.43385,139.89336,187.40018,146.34042,199.09567
500.8291,198.16682,0.0,0.0,505.19818,189.62614,0.0,0.0,493.67233,162.86865,452.85715,162.62927,454.26337,164.54735,440.9167,216.66331,456.6478,247.81137,488.6317,236.73123,496.64026,256.57574,310.47693,164.47614,311.7713,154.63571,240.47128,198.5629,241.11554,198.35513,141.77966,186.47513,149.0079,199.5942
501.9272,200.0224,0.0,0.0,505.9234,190.7913,0.0,0.0,492.346,162.97107,451.9834,165.5262,452.23608,164.61171,439.31616,222.17616,455.32684,249.3999,488.66937,236.32065,496.014,256.75232,311.05524,168.86484,311.57764,157.87717,241.37054,200.9304,241.3017,198.75009,138.75807,189.85454,146.15779,201.16136
501.3072,199.73825,0.0,0.0,505.37878,190.6239,0.0,0.0,492.2232,163.08623,452.0665,164.58006,452.247,164.96597,440.00092,219.43832,454.94205,249.13925,488.86304,235.87195,495.97913,255.77975,310.73712,166.94635,311.15588,156.55716,241.88425,200.56035,241.79663,199.42476,139.76167,188.12929,147.31863,200.37492
500.4367,200.12178,0.0,0.0,504.90607,191.71057,0.0,0.0,493.98053,164.68027,455.33542,163.21037,453.7514,165.90587,442.38202,213.95087,453.08716,247.26987,488.32507,235.83052,490.53888,255.2933,311.3637,164.72368,311.14728,154.67981,238.03821,203.0887,237.27525,201.66454,139.11339,190.8025,145.44217,201.15787
502.10074,197.23863,0.0,0.0,506.22986,188.29993,0.0,0.0,493.45648,162.89902,455.91785,166.606,452.74786,166.25746,445.32056,217.6712,454.27124,246.60397,489.5161,235.89694,491.2371,254.67584,312.80817,167.64409,311.35492,156.5848,245.18323,198.16487,242.67558,195.25165,144.16956,188.97614,150.95114,198.82626
502.6041,197.26588,0.0,0.0,506.54187,187.89131,0.0,0.0,492.21133,162.90411,454.7197,169.99669,451.28592,167.25916,444.78964,222.21027,455.35202,247.31558,489.52347,236.84795,493.85315,254.3038,313.26425,170.9659,311.38162,159.13652,247.14703,196.47156,243.90564,192.69733,144.2246,188.25098,151.62236,198.10457
503.0949,199.37982,0.0,0.0,506.8941,188.99435,0.0,0.0,490.53958,162.07549,452.0987,172.7048,448.62784,165.52321,441.20294,229.46684,455.38904,247.80643,489.69913,237.35626,496.6167,254.23007,307.76508,172.13431,305.47687,158.54193,239.54306,198.76878,236.49509,193.91803,134.4973,186.9245,143.04503,197.94514
503.88385,200.71614,0.0,0.0,507.19815,190.5934,0.0,0.0,490.48035,163.70941,451.74884,170.39471,448.8308,166.71826,440.67264,226.02654,456.42978,249.83618,490.625,236.5322,496.99695,255.32712,305.09265,168.61247,303.11542,156.48335,235.86295,199.21841,234.15036,196.20935,134.11703,186.90756,142.23819,198.81262
501.9889,199.7966,0.0,0.0,507.02298,189.65306,0.0,0.0,492.8299,162.80524,451.49146,172.2238,449.47568,166.54105,441.78574,225.06113,457.1466,247.83112,489.09497,236.59087,496.5681,255.24109,303.37958,167.84479,302.04688,154.72256,235.79805,198.81857,231.87427,194.87141,135.20033,186.26178,143.37332,198.888
501.67712,198.9564,0.0,0.0,506.79846,189.05821,0.0,0.0,492.78436,162.27368,450.9458,170.19809,448.2744,166.0159,440.6892,222.33018,456.2254,247.56982,487.37134,236.93076,495.03638,255.79327,299.5869,166.43582,297.88293,153.63007,230.38513,201.80971,226.02422,197.75743,131.96848,187.4357,139.48528,199.11314
500.224,199.34702,0.0,0.0,505.4358,189.15488,0.0,0.0,491.25897,162.04678,449.3919,172.21455,447.29962,165.71034,439.69116,227.00977,456.19214,248.14618,488.91553,236.96295,498.85095,256.2343,301.66245,169.80913,300.06696,156.68047,236.55592,198.6235,232.59833,194.69241,137.62155,184.70944,146.00792,197.67964
499.76166,200.74641,0.0,0.0,504.87158,191.15042,0.0,0.0,491.46686,163.76976,449.95068,169.71259,447.98123,166.20801,439.70428,223.74608,455.31458,248.7781,487.12753,237.5481,495.32263,255.70047,302.15018,167.076,300.96176,154.88531,234.15988,200.36534,230.73193,197.229,136.71832,187.11847,144.14992,199.37038
500.04462,199.65717,0.0,0.0,505.1728,190.29959,0.0,0.0,492.20184,163.31392,450.64862,168.40572,448.9157,165.96771,439.3209,221.7187,454.6571,247.94153,486.32605,237.99603,494.3497,256.3761,302.89697,166.41339,301.89893,154.63031,232.73648,201.40158,229.7098,198.7797,137.4289,187.12672,144.6826,199.37802
499.48322,199.75414,0.0,0.0,504.8883,189.61598,0.0,0.0,491.53476,162.25111,449.778,173.7356,448.30902,165.3418,440.52588,228.42638,456.12903,246.16467,487.8725,238.60318,496.29578,255.2096,304.33374,170.97195,303.42725,156.96162,241.87964,198.36043,237.57523,192.95172,138.81367,187.24883,147.02287,199.08224
511.5412,198.49127,0.0,0.0,512.8317,189.20941,0.0,0.0,493.95557,164.71875,459.6914,169.45375,453.8899,167.88223,446.57648,230.61499,457.23166,252.67365,495.93832,236.32419,497.42596,253.43982,318.97803,172.15385,315.45496,161.37608,251.47424,197.62846,251.99768,195.75638,146.23076,187.24261,153.20563,198.51714
499.4918,209.40729,0.0,0.0,505.50476,200.56146,0.0,0.0,498.15094,172.92607,459.95505,172.49164,457.26263,169.98529,444.2945,213.46786,450.93408,239.12619,474.0867,242.50928,469.59277,253.64981,303.30426,160.23407,302.84064,146.62407,232.4238,202.10966,227.79277,196.49594,131.48943,190.70964,137.58557,199.13702
495.62054,199.3761,0.0,0.0,503.11658,189.72688,0.0,0.0,493.16528,164.08014,447.74292,177.55406,448.3366,168.43214,438.8235,225.27979,454.60922,243.7503,487.69183,239.5757,500.2777,256.37073,298.48907,169.20372,298.77646,154.34483,230.70746,202.58553,225.12988,196.37512,130.61453,184.37909,138.11682,195.49925
508.27423,199.27298,0.0,0.0,509.331,191.13945,0.0,0.0,490.19574,165.92285,454.40497,161.4371,448.21762,167.32156,443.74207,219.24261,453.96994,253.5929,498.511,234.12234,495.65283,256.16278,306.60468,163.84035,303.1631,155.77673,231.58698,202.60909,233.26065,203.70671,137.94397,189.89525,143.47139,201.30843
510.68982,194.73212,0.0,0.0,510.85114,186.38297,0.0,0.0,491.3926,162.59247,459.7484,159.12129,450.4866,165.67108,447.5527,219.01865,453.96942,253.3421,496.93335,236.52475,493.00223,254.26215,310.43585,161.90982,305.22192,153.8948,238.66983,197.62418,239.76813,198.05974,141.37888,191.99603,146.1374,201.38866
504.65643,223.31487,0.0,0.0,505.27203,216.318,0.0,0.0,488.3473,194.63995,437.8453,181.81406,451.16968,199.50931,430.2464,236.96606,452.22754,285.85397,483.00775,257.189,492.1672,265.98987,290.6945,198.62088,299.47525,195.38403,233.81357,238.0967,247.5487,245.02512,131.95876,239.1848,135.18486,249.84253
507.31366,211.65642,0.0,0.0,506.10956,206.23688,0.0,0.0,488.36932,190.44833,442.57178,175.57819,454.5686,200.13518,434.48447,227.85187,455.80212,285.6053,484.0631,252.91083,494.13428,267.03363,301.56995,197.8309,309.7836,197.29004,233.43265,237.8446,249.2543,247.54654,136.10059,244.17166,137.94183,254.06613
498.68475,209.83316,0.0,0.0,498.27582,202.85892,0.0,0.0,483.12296,182.69937,437.53082,175.34451,451.3202,190.59392,432.09808,232.9132,459.97723,278.51648,480.3947,254.34872,494.3717,267.53006,295.5888,199.70828,305.2296,194.427,229.6024,243.26694,242.8439,244.68286,129.99486,251.34268,133.12164,254.44293
500.0079,211.27017,0.0,0.0,499.7846,203.96054,0.0,0.0,484.62482,183.40259,439.38153,177.66888,452.50455,190.71669,433.18744,237.91928,460.1533,279.855,481.29373,253.84021,494.2708,267.09738,297.81207,200.5243,306.79755,194.59229,234.39722,241.91747,247.04517,242.81306,135.14651,248.65518,138.05566,252.1373
499.8503,211.69803,0.0,0.0,499.8001,204.2244,0.0,0.0,485.24536,183.01093,436.87778,175.31102,452.86383,189.78102,431.5883,236.03055,460.45267,280.63147,481.32526,253.99783,494.07367,266.2049,289.52267,198.27112,300.55725,192.55519,229.98756,240.175,244.02432,241.13684,128.48755,251.04541,130.96935,253.94778
501.00687,211.37012,0.0,0.0,501.04657,203.75699,0.0,0.0,486.22818,182.54051,437.70502,175.92606,453.4289,188.96019,432.2251,237.5278,460.74094,280.4386,482.08868,253.55298,494.4305,267.8615,290.12985,196.15843,301.03528,189.77151,229.31177,239.54091,243.36298,239.46652,128.53159,253.03409,130.85567,255.08765
500.16827,210.1541,0.0,0.0,500.00983,202.47076,0.0,0.0,484.50275,181.3961,437.6822,176.73627,452.02643,188.50531,431.33038,237.84908,461.60864,279.11285,480.34747,253.51126,495.21484,267.9345,291.98862,197.30692,301.9529,190.25278,227.10289,243.3038,239.94897,241.95662,126.35693,256.2427,129.39369,257.2628
499.79132,210.63731,0.0,0.0,500.02283,202.58098,0.0,0.0,484.5525,180.32538,435.0625,175.88683,451.1999,186.99487,429.3632,237.21347,461.3226,278.44092,479.29782,253.72623,494.22736,266.9172,287.35956,196.85922,298.4803,189.49619,228.83682,244.85828,241.54541,242.63855,125.66165,258.21732,128.71262,258.50082
500.21912,210.89821,0.0,0.0,500.5395,202.7015,0.0,0.0,485.1949,180.03938,436.2072,175.7897,451.54254,186.55092,430.1489,235.77307,461.91406,277.88992,479.54816,253.22455,494.2791,268.59625,286.857,195.46095,297.46722,187.70325,228.08414,244.13187,239.8984,241.2959,123.177185,258.17432,126.4276,258.37234
500.03302,211.73463,0.0,0.0,500.77283,203.1832,0.0,0.0,485.97815,179.24286,436.92828,175.69131,451.82358,184.73032,430.6154,237.2708,462.78674,277.51978,481.16635,252.24884,495.94678,268.7125,287.27753,193.94275,297.4982,185.65591,231.3284,241.51613,242.29938,238.10251,126.68269,254.04324,130.49593,254.8312
500.93774,211.49152,0.0,0.0,502.1922,202.27554,0.0,0.0,487.47244,177.37079,438.24292,176.97371,452.2917,183.37245,430.79837,239.56586,463.0998,277.16058,481.68085,252.85583,495.30313,269.1458,287.20847,194.56479,296.66525,185.13412,231.13242,242.76808,240.3168,238.09296,125.94029,252.4122,130.42648,253.39014
501.44122,211.32306,0.0,0.0,502.6615,202.04132,0.0,0.0,488.6509,176.86806,439.63107,175.2521,454.10788,182.15683,431.77393,237.84926,463.76544,276.0583,480.22546,254.12729,494.16034,269.8295,285.70264,191.07147,295.51373,181.8194,231.62112,239.7703,241.34457,236.24518,125.14053,252.8812,129.71242,255.72018
501.4514,211.03244,0.0,0.0,502.59943,202.11432,0.0,0.0,488.45044,177.22537,439.13922,174.39691,453.68518,182.55045,432.48804,234.87881,465.17255,275.37878,482.21555,251.8656,498.78265,268.4594,284.58792,192.53201,294.44727,183.47656,228.2388,241.2532,238.68802,237.25539,120.57199,254.33755,125.088,255.3648
501.9233,211.46399,0.0,0.0,503.02777,203.26384,0.0,0.0,489.14215,178.14825,439.4525,170.04225,454.54807,182.1875,432.03378,228.12196,464.6832,275.30835,482.14362,249.15396,499.83344,269.59875,287.41736,189.39459,297.87677,181.85783,229.77383,238.78874,240.9801,235.78009,121.453354,251.80908,125.288895,251.91083
504.52863,211.7329,0.0,0.0,505.27948,203.24043,0.0,0.0,489.99695,178.82837,441.7571,171.95409,454.50595,183.19203,434.6223,229.05067,464.26434,274.40887,487.12698,249.27438,501.35992,266.5765,285.39258,188.10387,294.11603,180.13739,227.25049,239.16603,238.20862,236.21475,118.22543,251.92801,122.11412,252.34232
505.89178,212.2234,0.0,0.0,506.8264,203.3786,0.0,0.0,491.56696,177.79774,444.01834,171.10121,455.4727,181.31874,434.87805,225.81918,462.64282,271.2608,484.98178,251.44913,497.54306,271.20618,285.17752,187.83224,293.11362,178.94196,224.55753,239.6251,234.42276,235.16774,112.71634,252.08243,116.59709,250.896
509.05377,209.7113,0.0,0.0,509.4784,201.41617,0.0,0.0,493.10822,177.2955,447.05237,168.46613,455.7646,181.62987,438.83157,221.48628,462.42996,270.47263,488.61157,251.22745,498.76575,271.862,286.69577,185.45775,293.03537,177.94943,226.26558,237.08667,236.18472,234.26324,118.169754,252.15875,121.61372,251.85666
513.59827,206.64331,0.0,0.0,513.49146,199.78986,0.0,0.0,499.4174,180.32587,446.75513,166.0236,464.82452,188.41588,438.8876,223.11824,464.385,280.11157,494.4048,251.52704,506.6641,262.24432,285.38217,185.67274,297.02228,183.35715,232.65202,232.92401,247.85838,241.69649,118.29474,232.80411,119.407776,243.74539
511.76318,206.69601,0.0,0.0,512.6125,198.28563,0.0,0.0,497.54547,175.88087,452.06824,172.3569,464.72833,183.92972,446.74673,225.25777,467.05832,268.59677,499.8573,251.91528,503.3735,265.5284,296.59338,190.93846,304.8726,183.67981,227.49025,228.22034,238.93895,233.23343,103.347275,231.53275,108.5446,244.02133
518.74817,206.92468,0.0,0.0,519.1971,198.92659,0.0,0.0,505.06302,176.58694,451.27798,167.2969,470.21042,184.55954,442.56018,229.54637,469.81564,279.9357,498.60257,248.15652,508.18976,259.34528,288.56332,187.9291,300.58783,183.50407,236.04611,232.54698,250.15265,240.49498,115.08969,227.02121,116.55347,240.87347
520.7469,206.54855,0.0,0.0,520.5951,198.97263,0.0,0.0,505.5698,176.04256,455.15146,163.67786,469.5813,181.12753,445.52026,222.0508,472.2885,274.36774,497.1109,245.84216,509.9313,264.75327,292.60913,182.07262,302.5859,177.02908,238.0041,235.40002,252.93849,237.27582,137.62433,242.66411,140.10103,246.58917
522.10767,207.35231,0.0,0.0,522.7477,198.13853,0.0,0.0,506.97714,173.73453,457.45712,170.93692,470.20947,180.47604,448.8269,231.14188,473.99255,275.21426,497.97577,242.88112,510.30386,264.08542,294.5058,187.72833,302.88177,179.31393,242.09952,237.20587,252.64651,236.48633,130.57266,236.72627,134.64354,242.54764
523.657,204.17696,0.0,0.0,523.8038,195.3354,0.0,0.0,507.1152,172.07516,458.6868,167.8385,470.62677,180.97266,451.43768,230.66821,473.63876,277.53198,499.7286,243.67741,510.9806,262.59494,294.7066,188.57817,302.1183,182.33496,238.38986,229.98941,249.14664,236.70453,114.79492,225.69087,118.37344,241.04099
524.2326,203.66743,0.0,0.0,524.1787,194.28549,0.0,0.0,506.95493,170.84076,461.9571,170.28943,471.1144,179.97855,454.86005,234.01355,475.32797,275.68756,499.42148,242.76472,510.82806,262.40204,296.72696,187.35239,302.05154,180.21759,243.04642,227.1928,252.0857,235.84402,116.46097,217.93362,121.6546,239.68936
525.1832,204.25323,0.0,0.0,525.50275,195.45377,0.0,0.0,509.3034,171.23395,461.19757,164.93994,472.49622,179.67667,455.31345,226.82306,477.92682,277.0719,501.7207,242.42049,516.0132,262.71326,292.0315,186.09007,298.73273,180.82559,239.3433,226.95541,250.13773,237.45352,114.11804,216.78082,119.443634,238.40717
526.55493,202.719,0.0,0.0,526.8261,194.25284,0.0,0.0,509.86768,170.08716,463.08725,162.58601,472.53772,177.91544,456.29733,221.47394,480.01038,272.7307,504.1396,239.87996,519.18524,259.74048,295.94016,185.13065,301.247,179.9839,237.88408,227.87502,247.39894,237.35669,117.2352,216.70773,122.62396,236.05444
532.0297,200.66064,0.0,0.0,532.58923,191.01831,0.0,0.0,513.38116,163.95724,461.14124,156.85341,472.94772,173.13252,454.54233,218.9485,485.0581,273.40384,509.01688,245.50208,525.56964,260.76007,291.05664,183.72025,297.64243,179.01021,241.24167,229.89252,249.25255,237.9726,119.74109,217.675,125.076294,235.50066
528.036,204.20917,0.0,0.0,530.1654,191.21376,0.0,0.0,511.40338,160.49371,462.2542,168.28479,468.31757,166.67258,464.75482,229.23723,484.27008,262.46777,517.2179,248.61658,515.259,268.0451,277.3645,186.05954,280.97607,171.63977,225.5886,240.2361,228.64291,232.74297,109.88977,239.83401,116.428085,244.79666
526.5288,204.64682,0.0,0.0,529.4981,190.67719,0.0,0.0,511.59387,157.59628,460.67822,168.76218,468.33667,164.53598,461.58844,232.41342,484.7699,263.41223,516.56964,248.51196,518.36865,268.15646,276.3288,191.94832,280.35315,176.61731,226.32361,245.10797,228.59592,237.13968,106.97647,237.54448,114.956696,243.7195
536.1168,199.6962,0.0,0.0,537.2134,191.91887,0.0,0.0,520.5949,166.418,469.9804,151.49748,476.88562,174.0934,461.52643,210.64876,486.71002,273.41293,515.8924,242.44635,535.54846,256.8558,294.16547,173.64647,298.1072,171.2273,236.56134,223.17464,245.57828,233.5091,123.05582,215.36668,126.375244,232.78369
535.9425,199.79132,0.0,0.0,538.4321,191.31161,0.0,0.0,523.3259,164.61464,469.6919,153.30518,478.26822,173.52905,461.49863,213.07175,490.60956,275.62524,518.72644,241.60565,538.0134,258.8097,291.75247,174.81909,296.51447,171.39514,237.20891,224.45709,244.31439,233.93182,122.90741,213.36586,127.89029,232.77798
539.55914,198.89536,0.0,0.0,541.35175,190.74048,0.0,0.0,524.5915,165.3609,473.06866,152.20486,479.70087,174.74823,464.71365,208.43982,491.05945,274.82642,524.3936,237.75226,542.182,256.79938,297.54944,171.70934,300.9967,169.34143,238.33078,223.33539,246.03998,233.80971,124.65515,214.0917,129.398,232.90063
540.41815,197.55374,0.0,0.0,542.59235,189.2679,0.0,0.0,526.90845,162.57806,473.12643,148.04001,481.4707,170.76619,463.2367,207.71538,490.6405,273.80508,523.2925,240.97333,542.2571,259.30237,296.38773,170.3403,301.182,167.86725,239.02647,220.42322,248.07918,229.41447,126.739746,213.7449,131.17247,229.42578
533.4586,201.01463,0.0,0.0,536.8246,190.02243,0.0,0.0,521.469,160.25426,473.20016,159.14958,480.79468,167.93074,473.47125,214.49901,487.9895,261.73355,537.39825,253.50641,525.9939,260.9211,295.90808,178.07791,300.7964,167.70241,219.43524,230.50894,222.82677,231.33575,92.6582,227.5767,99.6884,239.15973
534.1915,200.52202,0.0,0.0,537.3434,189.68358,0.0,0.0,522.55005,160.19603,479.08148,158.12094,482.70044,167.4039,478.8241,211.92812,488.2187,260.08014,539.07495,252.21835,526.24817,260.68732,303.99658,177.29344,306.36365,167.16542,227.87737,221.9632,230.57571,223.14497,98.02118,225.79837,106.05339,237.65054
538.0482,201.74751,0.0,0.0,541.2705,189.99913,0.0,0.0,523.9595,159.05032,477.79108,160.9255,482.61954,166.90703,480.1858,216.73717,490.78452,261.73337,547.1676,249.73737,529.68665,260.8673,303.33057,179.28838,306.4823,167.57693,223.98077,227.21448,225.71631,225.64288,92.84161,224.8813,101.02908,234.5092
538.5281,196.47269,0.0,0.0,542.139,183.60089,0.0,0.0,525.8993,153.11682,475.48828,162.64716,486.80048,162.03409,475.53113,221.70897,494.84796,255.59567,538.5016,257.31097,527.0451,260.73773,295.08392,182.51765,301.8909,167.21655,211.86533,233.38399,215.28592,228.63899,76.31958,226.56764,85.41913,234.16043
542.68384,194.21207,551.96936,188.57904,544.19324,179.19098,0.0,0.0,526.44995,154.67142,483.84036,175.49806,496.25647,161.53438,461.14255,222.52522,492.48096,228.41724,520.74725,261.28256,526.43,248.84381,311.46158,188.06404,316.99313,167.71231,226.00568,230.07227,232.46008,219.9133,77.16435,238.94377,85.028275,243.265
551.77826,191.92844,0.0,0.0,553.67633,181.81909,0.0,0.0,536.2607,153.47536,484.66327,146.7244,490.90643,163.23318,483.81192,207.00397,500.54184,266.74667,546.36456,241.89178,541.57733,261.22177,301.0536,170.9392,305.19,164.88629,243.83635,219.91966,251.6713,224.11623,125.97958,218.28477,133.2169,230.32886
542.9242,196.91861,0.0,0.0,547.3727,182.66287,0.0,0.0,533.21985,151.3382,486.11462,174.80081,495.64294,157.40695,478.48654,236.18132,498.02368,239.49054,528.4789,264.88913,534.932,259.37457,309.71024,193.07114,314.76712,171.10394,231.80623,237.86626,233.83577,227.45262,79.7612,231.05812,89.81543,240.02531
548.46063,199.31207,562.3937,195.20769,551.9534,180.78867,0.0,0.0,532.43677,152.07825,490.2713,186.99112,497.36005,158.60358,0.0,0.0,489.01855,220.06749,532.772,266.43585,531.75507,242.59468,321.28284,201.4576,321.90808,176.16714,235.14798,235.5875,236.20981,222.03564,82.875336,230.47154,92.39455,237.78413
549.00806,200.9401,0.0,0.0,549.6344,181.51067,0.0,0.0,530.65985,153.26279,491.82602,181.49638,505.34415,162.59517,0.0,0.0,505.60443,220.40619,0.0,0.0,522.29675,243.30927,306.1377,209.03024,310.4157,186.01524,198.53061,241.27844,206.93459,235.45728,0.0,0.0,0.0,0.0
550.0789,199.34692,0.0,0.0,551.81116,177.67337,0.0,0.0,534.80725,148.65036,492.80554,182.68173,508.39615,160.45114,0.0,0.0,506.9273,215.05095,0.0,0.0,521.47,245.6293,304.0845,208.69626,309.1519,185.33684,0.0,0.0,207.53375,232.92302,0.0,0.0,0.0,0.0
561.1843,190.21138,0.0,0.0,559.4101,169.65382,0.0,0.0,538.18896,142.74045,503.66925,171.41887,515.0372,156.89221,0.0,0.0,519.1439,215.0264,0.0,0.0,524.33044,236.73776,312.71304,202.92569,314.9345,180.96086,192.38008,240.56729,202.14102,235.15927,0.0,0.0,0.0,0.0
562.23456,194.12587,0.0,0.0,564.3663,178.81195,0.0,0.0,546.2155,147.686,496.28522,157.22192,507.29456,157.3866,0.0,0.0,507.76105,241.35399,0.0,0.0,524.53796,245.59613,293.59393,189.93623,297.85275,173.1532,197.09654,239.87906,203.48055,237.47198,54.487427,221.81392,64.589264,234.18275
0.0,0.0,0.0,0.0,0.0,0.0,0.0,0.0,0.0,0.0,496.90295,169.45004,498.51117,166.11191,0.0,0.0,0.0,0.0,0.0,0.0,0.0,0.0,301.5294,192.33286,299.80347,176.86208,197.65802,206.80531,208.11855,214.58296,0.0,0.0,0.0,0.0
558.63696,202.04701,0.0,0.0,558.531,177.56966,0.0,0.0,0.0,0.0,505.74323,188.0502,509.29468,155.42497,0.0,0.0,515.6365,210.29257,0.0,0.0,0.0,0.0,311.17523,204.84512,308.96414,175.1152,197.02637,236.01378,196.0007,223.33664,47.337616,209.65126,56.67923,224.66061
565.8594,191.36394,0.0,0.0,570.399,170.7828,0.0,0.0,555.8907,134.44443,487.9757,155.64618,518.72595,151.65068,0.0,0.0,529.1847,243.97298,0.0,0.0,539.77905,251.69421,266.27274,200.30211,282.1629,183.69745,0.0,0.0,215.13855,233.32948,0.0,0.0,0.0,0.0
568.75946,189.21243,0.0,0.0,567.9999,167.37112,0.0,0.0,545.0747,137.37183,500.8368,165.0893,520.03406,146.97784,0.0,0.0,523.5046,209.44717,0.0,0.0,534.93207,234.18788,305.3369,192.4767,311.49957,169.53423,196.73627,231.17662,209.41464,227.2931,0.0,0.0,0.0,0.0
566.7737,190.3773,0.0,0.0,564.57935,170.76576,0.0,0.0,541.42163,141.08884,508.51498,159.90178,514.00165,146.33205,0.0,0.0,526.5906,216.91524,0.0,0.0,538.6545,245.4718,305.58066,174.67029,304.3809,151.6355,192.23079,226.36224,198.75812,217.0657,41.86319,209.08118,48.152405,217.17883
569.3934,183.89775,0.0,0.0,573.0829,167.888,0.0,0.0,556.9673,134.40805,500.84314,145.34131,518.3286,142.95827,0.0,0.0,529.6636,233.99263,0.0,0.0,553.3142,243.62408,290.4343,168.88785,299.0715,150.71619,188.01501,223.19467,194.21756,220.11325,51.01819,216.60341,57.0372,230.18689
571.8487,187.10353,0.0,0.0,575.08203,170.39238,0.0,0.0,557.13776,136.69235,501.40186,150.09657,520.97437,145.12878,0.0,0.0,530.5298,234.28993,0.0,0.0,550.3694,238.89882,293.1612,169.99796,302.78885,150.4314,180.24628,222.09877,187.49681,219.63129,38.14737,207.45049,45.055542,222.72035
569.94543,190.0076,0.0,0.0,573.5073,171.90646,0.0,0.0,555.68616,136.07072,501.93484,150.58966,518.62976,141.87274,0.0,0.0,528.2022,226.85576,0.0,0.0,550.659,238.83728,288.77008,173.33313,296.41415,152.41629,180.3985,224.1193,187.10709,221.09576,33.5932,209.215,44.337036,227.44774
569.6876,190.52942,0.0,0.0,572.54443,170.91486,0.0,0.0,553.37384,135.45541,499.4214,152.57967,520.3718,145.46742,0.0,0.0,531.14056,231.0969,0.0,0.0,553.24524,234.48677,290.78455,178.88693,300.7583,159.00444,186.69533,217.2057,194.95375,215.76602,36.13437,199.7316,47.949066,218.69347
572.5321,190.59195,0.0,0.0,575.9151,171.31412,0.0,0.0,557.53467,135.64352,505.1278,150.88747,521.28424,144.469,0.0,0.0,533.6208,230.1395,0.0,0.0,557.8601,233.71909,290.55566,171.45898,297.42227,151.93785,188.3785,219.45451,195.64536,218.5476,45.23059,191.57584,57.118652,211.6047
572.9214,191.07019,0.0,0.0,576.4831,171.46718,0.0,0.0,558.9527,134.81918,509.7129,151.35535,521.38995,141.14651,0.0,0.0,534.3638,226.49518,0.0,0.0,555.72,238.50018,291.93228,162.96756,296.64383,141.62149,189.26309,214.29253,195.25137,210.43439,51.2352,182.69969,62.681946,200.90825
567.19055,195.97215,0.0,0.0,570.4823,173.70009,0.0,0.0,555.5372,135.70041,0.0,0.0,525.0867,140.79028,0.0,0.0,547.19116,218.8002,0.0,0.0,564.992,233.20836,290.1137,167.32684,296.07028,146.51837,194.44499,216.13666,202.60873,215.20497,0.0,0.0,0.0,0.0
565.24854,192.58368,0.0,0.0,570.0714,174.47833,0.0,0.0,555.54944,138.31976,510.93536,151.91667,518.46045,141.04141,503.352,206.0989,532.027,223.19716,559.20685,250.60461,565.3048,233.36914,296.79654,159.53021,298.74026,137.21368,183.87871,225.72397,184.47092,219.21278,42.600983,199.27917,52.13318,213.46042
568.8771,199.27594,0.0,0.0,575.149,177.74619,0.0,0.0,563.3812,138.935,514.03735,156.64072,524.6315,143.36421,0.0,0.0,536.03015,219.61511,0.0,0.0,560.63617,233.15227,291.88342,171.98605,294.82022,150.4354,194.51012,228.86987,198.86288,224.94011,0.0,0.0,0.0,0.0
571.3212,194.45107,0.0,0.0,576.7679,170.96005,0.0,0.0,560.9263,131.60254,517.3673,164.12518,522.3574,139.74596,0.0,0.0,529.391,213.08011,0.0,0.0,559.8537,229.1679,298.65186,182.71169,298.68445,155.56123,188.6868,223.42668,189.51346,215.08928,0.0,0.0,61.017365,209.25429
471.80853,269.2365,0.0,0.0,472.471,261.70364,0.0,0.0,457.19592,243.85654,422.9519,251.85648,421.81213,248.42062,414.1223,312.22015,422.99,324.5096,458.92477,323.59503,460.27698,325.89294,283.63568,258.21942,283.81375,245.37857,213.476,288.3098,218.5189,278.78635,121.57796,287.4244,125.62485,282.2873
472.6688,269.96585,0.0,0.0,473.19318,262.68298,0.0,0.0,457.75006,245.59924,423.13647,252.78333,422.68326,250.35318,414.72852,312.3541,424.13562,325.82214,460.06302,323.42368,461.34113,325.02805,284.13568,258.06183,284.72684,245.62811,212.50632,288.72958,218.38257,279.63364,121.96985,287.91943,125.86113,282.4618
471.91028,271.3154,0.0,0.0,472.70764,264.13776,0.0,0.0,458.2156,246.42188,423.9565,251.74835,422.60635,250.28967,414.29083,310.25787,423.20822,325.51727,457.3199,322.84656,459.25455,325.1584,282.2259,257.21713,282.3371,244.96039,210.65266,287.5849,216.0342,278.55328,120.899506,287.95584,124.724304,282.49454
471.75638,271.9847,0.0,0.0,472.61053,265.0451,0.0,0.0,458.2028,247.55005,423.5101,251.49084,422.84668,251.07056,414.27542,309.08102,423.06726,325.83328,457.88214,322.37363,460.79144,324.83533,284.79916,255.86731,285.34055,244.34567,215.03104,286.71716,220.98154,278.64694,125.17726,286.45734,128.76114,281.5968
473.36978,270.603,0.0,0.0,473.57166,263.56213,0.0,0.0,458.01627,247.0036,425.75226,252.08868,423.08823,251.74701,416.75095,308.99435,425.3009,326.2328,460.57874,320.6621,462.80383,324.0445,286.73404,254.87799,285.78424,243.45526,215.74228,286.66116,221.14166,278.6896,127.395035,286.48026,131.60011,282.14386
473.96417,271.52734,0.0,0.0,474.20404,264.50815,0.0,0.0,458.43927,247.32983,425.0965,251.01987,422.4698,251.87195,415.34213,309.4629,425.41107,328.23874,459.92267,321.75433,462.34827,323.60547,283.48712,256.2367,282.60144,245.13269,211.37906,289.07602,216.72617,281.335,123.72809,288.48938,127.85634,283.9137
474.0943,272.21582,0.0,0.0,474.3479,264.9537,0.0,0.0,458.34692,248.1912,425.8069,254.19995,423.2865,252.92816,416.24646,311.2176,426.2269,327.0873,460.9508,321.40884,463.59668,322.98013,287.03674,256.13397,286.1005,244.31857,215.70898,288.37073,220.58037,279.7155,126.79756,287.44266,131.13185,282.52808
475.73773,272.04,0.0,0.0,475.51868,264.97525,0.0,0.0,459.14883,249.04062,428.279,254.68515,424.67993,254.07553,418.68216,311.15576,426.83746,327.38574,462.50177,321.71716,463.5314,323.01877,290.10245,255.65707,288.5344,244.15875,217.56311,287.11566,222.79121,278.94247,129.02518,286.34875,133.27943,281.573
474.9734,272.55164,0.0,0.0,475.0682,265.45016,0.0,0.0,459.1908,248.61783,426.46472,252.56537,423.98425,253.05634,416.25897,309.15176,427.25284,327.74002,460.21002,320.63626,463.7622,322.89322,285.18713,254.55435,284.26816,243.34409,213.34396,287.95456,218.80547,280.02197,125.999176,287.60028,130.31354,283.0285
475.91016,270.66348,0.0,0.0,475.88663,263.8612,0.0,0.0,460.271,248.9143,430.06848,255.29187,425.07715,254.88107,420.23236,310.38535,426.64215,326.72787,461.43384,321.50436,462.17053,322.91797,289.35294,257.20868,286.92023,245.61197,215.10211,288.55673,219.53833,280.64383,127.97072,286.2443,132.17714,282.12512
475.94562,271.582,0.0,0.0,475.6908,264.8708,0.0,0.0,459.88495,249.76202,429.3506,253.96472,425.02142,255.25723,420.28473,309.58026,426.96722,328.45145,462.67523,321.8317,463.12866,322.83994,288.1301,254.43698,286.16748,243.57623,215.4029,287.28748,220.63718,280.22592,127.67932,286.1422,131.62665,282.27322
474.52106,272.85312,0.0,0.0,474.50192,266.14224,0.0,0.0,458.7838,249.68738,427.71075,252.42154,423.61002,254.02725,418.92978,309.01688,426.59598,328.41693,462.03763,321.48926,464.14487,323.0118,287.99368,254.00269,286.20978,243.43231,215.02246,286.67508,220.34178,279.99512,128.57584,285.96603,132.62666,282.51752
474.69525,273.8141,0.0,0.0,474.8382,266.89716,0.0,0.0,459.10553,250.16025,428.35156,254.81903,423.86572,254.10876,419.30356,311.95435,426.21204,327.3263,463.2089,322.64676,464.9294,322.84186,289.705,255.86526,287.67355,244.33856,215.84888,287.66406,220.69543,279.70276,128.50484,286.41736,132.33954,281.97925
475.47824,274.777,0.0,0.0,475.6734,267.73975,0.0,0.0,459.45532,250.78195,426.94574,255.16324,424.06033,254.80408,418.19092,312.8242,426.67227,328.51324,464.11493,323.76938,465.7883,321.98297,288.48984,256.66055,287.43433,245.29932,215.21402,288.53116,220.57999,280.7082,127.217316,287.1002,130.94498,282.33862
476.90643,274.59598,0.0,0.0,476.1159,267.80173,0.0,0.0,458.90714,252.02374,428.96826,254.47577,424.63095,256.6905,420.60913,311.121,429.00018,330.62863,463.85083,322.86456,465.15958,321.98022,288.9436,255.42984,286.86136,245.1213,216.16388,286.84064,221.88315,280.48242,129.22789,287.6855,133.45547,283.9993
477.67404,274.5469,0.0,0.0,476.9649,267.4465,0.0,0.0,459.45813,251.75333,429.6882,255.44437,424.8335,256.5503,421.85516,311.70978,430.37625,330.05374,464.29523,322.74426,466.59497,321.59775,287.19177,253.85068,284.6284,242.93903,215.38611,287.58835,220.33878,280.7063,127.115204,286.8568,131.45618,283.51044
477.87155,274.28375,0.0,0.0,477.6166,267.24377,0.0,0.0,461.21924,251.77979,432.2459,256.8477,426.47824,256.37592,424.94638,312.1267,429.40393,328.02737,466.63324,322.77112,466.02673,321.62866,291.56967,254.56415,288.53357,243.0568,219.01807,286.67703,223.49377,279.2311,130.19676,285.49142,134.39061,282.0335
478.651,274.41318,0.0,0.0,478.127,267.19675,0.0,0.0,461.0968,251.8071,432.87057,257.2963,426.3449,256.66827,425.2857,312.6427,430.26544,328.4611,467.57907,322.93207,467.1295,321.74005,291.16547,253.89108,287.5397,242.29742,218.26198,286.53122,222.51895,279.00327,129.23683,285.04855,133.70694,281.73257
477.52698,273.15967,0.0,0.0,476.78186,266.1378,0.0,0.0,459.83777,251.61835,433.29282,257.66394,426.19476,257.55273,425.3286,311.72842,430.0819,329.1475,467.77356,321.6551,466.5968,322.44736,294.06842,254.53049,290.1408,243.11115,219.10132,286.25485,222.99792,278.671,129.64258,285.6105,134.58475,281.9527
477.3352,273.19955,0.0,0.0,477.3124,266.14868,0.0,0.0,460.94772,251.26007,432.1909,258.55997,425.95697,257.445,424.78522,312.51566,429.9121,328.97293,468.82733,322.10437,467.06927,321.87982,292.64883,255.6666,289.28024,243.7624,216.98247,288.24368,220.28178,279.8728,128.13133,286.66525,133.01645,282.54422
477.49762,272.95746,0.0,0.0,477.1422,265.82928,0.0,0.0,460.54163,251.03162,433.4082,258.74313,426.15906,257.1975,425.87726,313.06635,429.3611,328.65607,468.82172,322.1472,465.57086,322.13367,294.2346,256.5852,290.24167,244.38898,218.04797,287.59262,221.25201,278.57727,128.2795,287.16718,133.29779,282.02786
477.6831,273.50507,0.0,0.0,477.40277,266.43527,0.0,0.0,460.9713,251.0859,433.7061,257.7077,426.30368,256.45523,426.10028,312.84705,429.18973,328.45364,468.373,322.48962,465.55945,322.12393,294.40198,256.1736,290.36475,244.13214,218.53308,287.26318,221.9183,278.662,128.46129,286.19385,133.25058,281.52606
478.64636,273.1666,0.0,0.0,477.70377,266.05695,0.0,0.0,460.50397,251.35785,435.152,258.4023,426.7929,257.05014,426.93655,314.20724,429.85028,328.77676,469.10394,323.2763,465.79044,322.30466,295.5415,257.2481,290.85812,245.08167,218.21393,288.2966,221.85211,279.4966,127.5052,286.6741,132.28046,281.37167
477.94342,274.24634,0.0,0.0,478.0288,267.0943,0.0,0.0,461.50922,251.20209,430.34604,257.31885,426.18323,256.4055,422.52972,313.568,429.79636,329.5825,466.7924,322.7349,467.18866,321.8601,291.04727,256.6012,288.9599,244.93079,218.27612,288.3037,222.73424,280.20932,129.36165,286.9022,133.71352,282.7454
479.4392,272.83508,0.0,0.0,479.29193,265.7474,0.0,0.0,462.99338,251.08875,434.1057,259.09482,427.9722,256.89224,427.12,314.85995,430.06964,328.4523,467.23538,322.6873,464.67,322.84854,295.8901,257.224,292.4744,245.14273,223.33472,287.0742,227.5448,278.89447,135.37253,285.27444,139.86977,281.8307
480.51874,273.39606,0.0,0.0,480.00598,266.35123,0.0,0.0,463.4599,251.50748,436.35678,258.5033,428.50592,256.54166,429.94226,315.72592,429.91388,328.5702,467.9447,324.02267,463.76068,323.86377,296.9358,256.79108,292.48938,244.82394,224.27469,286.70135,228.77332,279.07092,137.14963,284.3664,141.52756,281.5177
479.25922,274.1924,0.0,0.0,478.8255,267.13327,0.0,0.0,461.7879,251.53064,431.8737,256.90128,427.0763,256.27765,424.9916,314.30075,430.20898,329.41864,467.35904,323.5897,465.60614,322.73532,293.9969,255.85281,291.52768,244.59952,222.22734,287.49042,227.45514,280.33466,135.89229,284.5622,139.94221,281.31857
480.55414,274.0314,0.0,0.0,480.14612,267.1365,0.0,0.0,463.8032,252.0951,436.1184,258.14972,429.0374,256.77164,429.2406,315.5847,430.24927,328.75616,467.6504,324.06534,464.03598,323.54514,297.20917,257.6269,293.32233,245.84448,222.01324,287.169,226.91748,279.85785,136.31116,284.188,140.49922,281.22382
480.63013,274.13913,0.0,0.0,480.2398,266.94177,0.0,0.0,463.6114,251.8971,436.26303,259.8089,428.7104,256.8501,428.99094,317.06848,430.31024,328.36996,467.9737,324.1737,464.57166,323.51328,297.94757,257.9381,293.63922,245.58484,224.59427,287.41873,228.76016,279.10287,137.60278,283.79874,142.01796,280.3393
479.3416,275.63187,0.0,0.0,479.28308,268.43893,0.0,0.0,462.53638,251.94733,432.43005,257.14264,427.04254,256.12985,425.26794,314.8305,430.28928,329.6319,467.51,323.38672,466.1577,322.83945,294.52203,255.85678,291.61835,244.58978,223.17209,287.3847,227.84518,280.4464,138.3386,283.49545,142.83562,281.28403
480.72192,274.09167,0.0,0.0,480.33893,267.49582,0.0,0.0,463.19934,253.52649,431.92987,258.68842,429.79724,261.5019,421.59586,312.44006,428.19824,331.99567,462.31482,319.58942,470.32535,320.5504,299.73254,258.41003,298.12994,250.16278,229.64035,288.0323,234.2715,291.0107,133.77036,273.59332,138.15509,284.45398
481.201,274.1967,0.0,0.0,480.4801,267.70334,0.0,0.0,463.2631,254.20392,434.17505,259.0486,431.00977,262.26324,423.10645,311.12997,428.17407,331.7414,462.96674,319.4278,470.32184,320.97574,304.19867,257.49286,302.16727,249.18127,231.6105,286.12064,236.31308,288.3046,132.90083,275.03482,137.78702,284.15958
480.30487,274.62692,0.0,0.0,479.88403,268.119,0.0,0.0,464.8476,254.14691,436.04584,256.8689,430.6018,261.35968,423.65314,308.12708,427.95245,333.03976,461.43433,324.0877,466.56317,324.81052,301.14294,256.4713,298.23874,247.66763,235.18835,292.26526,238.87384,287.1772,152.77763,293.6127,157.04942,290.61182
476.59708,277.0821,0.0,0.0,478.50775,271.2776,0.0,0.0,468.63177,256.89838,433.4752,254.96725,433.37897,262.83636,421.06735,302.16132,427.1994,334.36914,459.28076,323.5009,466.58667,326.47153,297.33713,252.86499,298.06256,245.36685,233.73648,290.61844,238.84727,287.7309,152.93634,292.92233,156.63857,292.45386
462.6142,274.29892,0.0,0.0,467.72485,267.3412,0.0,0.0,462.4811,249.48056,424.87656,257.6235,427.74097,253.78702,419.32962,308.8587,425.9148,325.6748,457.6553,324.768,461.2029,326.6788,291.4141,256.19955,294.24493,243.10437,224.56934,287.1989,227.03935,277.86142,136.14046,286.573,140.98088,283.82013
458.98074,265.6054,0.0,0.0,464.18173,258.87524,0.0,0.0,460.1372,244.1394,422.22174,256.87555,426.84323,252.43042,419.182,310.49103,428.1374,325.729,462.3537,325.19598,466.53543,324.45343,289.32236,257.94095,293.30057,244.63818,222.9432,287.99115,225.5816,278.21274,135.1077,287.33826,139.44461,283.68683
477.18304,275.03006,0.0,0.0,478.9136,267.40857,0.0,0.0,464.2013,250.39398,427.28464,259.1849,427.8117,256.0076,421.74933,313.7855,430.84958,329.4497,467.81918,319.8272,467.60733,322.55765,290.22958,257.9306,291.03055,245.61401,222.01456,288.51114,226.68085,279.94977,133.52419,285.6107,138.42522,282.72025
478.21313,275.0918,0.0,0.0,479.25058,267.867,0.0,0.0,464.11804,251.4631,429.71844,258.4024,428.51724,256.7222,423.85107,313.49265,430.50632,330.10977,469.61188,320.52118,466.5645,322.974,292.41907,257.6146,292.33014,245.7883,220.91302,287.46268,226.10017,279.62903,132.65622,285.02545,137.30748,281.94144
468.1422,283.0575,0.0,0.0,470.5481,275.44003,0.0,0.0,457.23944,253.84534,417.26956,256.82425,421.89215,255.5141,413.94644,315.13937,424.4281,334.13068,460.4081,321.10788,460.8802,326.09845,286.56284,256.79532,290.35925,245.83539,223.6058,288.47873,228.91916,282.4433,134.55496,283.36716,138.53911,283.50677
467.82834,283.14795,0.0,0.0,470.5238,275.7192,0.0,0.0,457.71075,253.94916,416.82422,255.63403,421.83542,255.13434,412.82104,313.82172,424.814,334.11505,457.12772,320.27637,460.25793,326.55054,285.0628,255.94067,289.09686,245.26224,221.07404,288.5932,226.33327,283.087,134.78362,283.6494,138.64224,284.47958
467.6068,283.1732,0.0,0.0,469.75214,275.76096,0.0,0.0,455.81824,254.24222,415.18515,254.66522,420.69406,255.8475,412.05368,313.34622,426.37308,335.84213,458.9646,319.8591,463.85083,325.95026,283.02673,255.39883,287.15918,245.607,220.08511,287.2294,225.95438,283.2526,133.8658,280.32175,137.80522,282.467
469.44034,282.62622,0.0,0.0,471.24738,275.4776,0.0,0.0,456.9567,255.32474,417.1792,256.141,422.4031,257.21823,413.61877,313.54202,427.01837,335.4911,459.46292,318.61887,463.34723,326.68643,285.86804,254.90192,289.85126,245.08447,219.41733,288.04263,226.17557,284.38507,135.17911,281.61484,139.0823,283.92163
470.52127,281.1998,0.0,0.0,472.45648,273.87225,0.0,0.0,457.92404,254.28003,418.28314,257.5114,423.1545,257.2527,414.08752,314.4865,428.4463,334.80447,458.99304,318.9757,464.7567,326.83838,286.62238,255.64297,290.20544,245.16638,218.4721,287.82214,224.362,283.55234,133.78674,281.20303,138.15828,283.7403
472.46146,281.22855,0.0,0.0,474.94202,273.8833,0.0,0.0,461.65094,252.7854,422.30453,255.3454,425.5076,255.18344,416.5196,313.70175,426.93073,333.35233,461.28265,323.0325,462.974,326.31525,290.0026,257.06784,292.77667,246.4603,220.36595,285.75244,226.2113,280.8995,134.8126,282.72485,139.739,284.12094
483.09912,271.58112,0.0,0.0,482.8332,265.82916,0.0,0.0,469.2289,254.7312,440.29236,259.9898,437.6665,265.249,426.76654,317.52505,427.04718,337.8903,468.37836,317.50223,468.8725,314.6232,311.39453,270.55435,309.42227,263.69662,236.90677,287.7309,243.63327,294.5629,133.858,271.9614,138.57323,285.36157
482.042,269.29785,0.0,0.0,481.3476,263.82693,0.0,0.0,463.2873,252.34521,436.94415,258.90344,432.7897,262.61432,428.5197,314.04837,432.67285,331.82397,468.1414,318.2578,472.54306,316.54364,317.89328,262.6491,314.68546,255.25684,231.50572,283.11838,238.9125,291.00687,121.25662,269.52823,128.99889,287.51797
482.2106,270.0442,0.0,0.0,481.66382,264.7442,0.0,0.0,463.76303,253.21967,436.78546,259.15475,432.39694,263.04214,428.59082,313.7625,432.5118,331.37503,467.40295,318.41663,471.73236,315.9432,316.42267,263.6693,312.94006,256.4216,231.3465,283.7851,238.72432,291.9028,123.620926,268.48526,131.66307,286.92053
483.39667,269.5839,0.0,0.0,482.89038,264.3913,0.0,0.0,465.18872,253.25174,440.4275,260.394,433.55798,262.87317,431.9686,314.18738,432.69934,329.41577,469.71228,318.6131,474.02637,317.73026,320.9371,264.21643,315.89267,256.38242,234.53818,283.65527,241.17368,290.9322,126.07703,269.29883,134.60374,287.36002
482.0221,274.97595,0.0,0.0,481.31067,269.01807,0.0,0.0,464.9527,256.09976,432.26437,258.1172,432.87668,264.4825,420.37027,312.1315,428.18103,335.42276,463.1507,315.77274,467.3294,315.66275,301.4012,261.2389,301.78583,254.6647,232.43399,288.9702,240.4402,293.89108,138.18185,275.6702,142.29039,286.75464
481.9356,275.40503,0.0,0.0,481.08954,269.50784,0.0,0.0,464.43573,256.26175,431.34775,257.07196,432.20477,264.10864,419.00208,312.15625,427.73853,335.93253,461.56458,316.5583,466.74332,316.2085,300.3077,260.19647,300.81506,253.98361,231.97733,288.7828,240.26364,294.08948,139.30252,275.77533,143.1841,287.05182
481.87988,275.40015,0.0,0.0,481.11108,269.3388,0.0,0.0,464.3412,255.97028,431.6225,257.81284,432.46924,263.9578,419.29202,312.21124,427.0238,335.10043,461.9828,316.59174,466.7586,316.48535,301.86276,261.43408,302.35062,254.73254,230.88174,288.6811,238.94693,293.5453,136.17484,276.82114,140.24529,287.62436
482.59402,276.24033,0.0,0.0,481.51215,269.15482,0.0,0.0,463.68298,253.7944,435.1532,258.91513,430.05927,259.39108,427.36676,315.92416,432.79623,332.5543,468.812,319.56564,464.58533,320.40485,298.5711,260.58942,295.84933,249.75278,223.35019,285.01224,228.8854,278.62695,136.25789,284.8307,140.42137,282.27667
482.60486,276.00613,0.0,0.0,482.47913,268.7785,0.0,0.0,465.98486,252.72089,435.42462,259.62268,430.8784,258.71213,427.1344,317.69803,432.2309,332.8169,468.66733,319.52386,465.95404,320.08374,299.57367,263.7164,297.06482,252.62238,227.8527,287.49777,232.98575,281.09384,140.25227,285.2967,144.87512,283.97974
482.44318,276.58527,0.0,0.0,482.53473,269.43668,0.0,0.0,466.3399,252.39401,432.71027,256.2124,431.3021,257.26096,423.94135,314.45612,432.4382,332.78336,466.9583,317.91318,466.22034,318.96243,296.28738,260.57535,295.8975,250.13351,224.552,286.11465,231.1216,280.06107,137.09181,285.3319,140.91785,283.0554
470.1549,278.91257,0.0,0.0,474.1037,271.20187,0.0,0.0,463.28488,249.89212,417.32452,253.92938,426.9097,253.3216,409.11316,309.60034,430.6482,331.27255,456.97684,317.91956,468.61237,321.48553,284.5639,258.51013,290.9925,247.46246,222.98372,288.59085,228.39253,281.20047,134.40744,286.46222,138.9466,284.79044
466.24628,276.49838,0.0,0.0,469.62592,268.21234,0.0,0.0,458.21924,245.45044,414.44006,251.53809,423.6394,248.64102,407.2714,310.25302,431.4943,328.9513,452.28998,318.80927,468.8888,323.66284,280.8451,259.96634,287.0846,247.55664,220.01881,288.83075,224.26758,279.32474,126.74664,286.76865,131.68121,283.22287
469.95294,275.56375,0.0,0.0,472.92178,267.59845,0.0,0.0,460.93863,247.61371,417.0392,255.3534,426.74997,252.80423,409.25467,312.1252,431.31375,330.34534,457.851,317.16043,469.1325,321.59537,285.17853,262.91837,291.7345,250.87598,222.85367,288.56824,228.716,279.40195,130.90459,287.81403,135.64311,283.6519
472.2514,274.98544,0.0,0.0,474.30786,266.96347,0.0,0.0,461.53818,247.71326,421.542,257.27158,428.11667,252.7857,413.12195,314.29977,430.8884,328.1707,462.15192,317.20413,466.58133,319.18912,288.9848,264.2643,293.79474,251.06213,223.05042,288.58377,228.97684,276.74164,130.084,291.179,134.42545,282.86047
475.38568,272.2409,0.0,0.0,475.84024,265.45288,0.0,0.0,459.11737,250.10266,421.68594,256.80872,428.25867,257.34467,413.23904,311.01013,429.57495,328.01648,462.87784,313.65866,473.0184,318.5996,294.38065,260.43497,298.77148,250.56433,216.88356,278.29483,226.96344,278.63412,109.77266,271.5529,115.28555,279.2093
474.9195,274.22842,0.0,0.0,476.01657,266.4722,0.0,0.0,461.36334,247.9838,424.40167,255.92545,427.57062,253.56668,416.3609,312.9044,430.83344,329.737,464.29688,318.37576,465.14032,320.6613,290.15894,259.85867,292.9008,247.57074,220.71133,288.80588,226.3069,278.9548,128.61903,290.70798,133.37988,284.7018
474.41718,272.103,0.0,0.0,475.0582,265.1904,0.0,0.0,458.96405,249.76538,422.9478,258.02673,428.39066,257.1518,414.68225,311.66544,429.09177,326.99713,463.69498,314.6164,472.037,319.28867,298.07816,259.49484,301.9048,249.2724,223.38376,277.55685,232.38928,277.3587,115.12494,272.16302,120.89859,280.17148
467.13873,278.3682,0.0,0.0,471.71368,269.21378,0.0,0.0,459.9713,247.45349,416.79526,263.54382,423.03708,253.28952,411.64584,316.9183,431.7786,327.82614,464.21527,319.42044,473.50244,321.97803,286.69772,264.33798,290.85196,249.0827,227.79462,288.26843,228.04492,274.0332,130.36855,288.02496,136.61205,281.80765
468.3853,278.3297,0.0,0.0,472.06165,269.35095,0.0,0.0,459.49792,247.27048,418.26553,261.37604,423.40326,252.36423,412.20663,317.05148,431.87372,328.04144,463.44678,319.25012,472.00412,321.52914,287.7055,264.3468,291.30246,249.65509,226.62863,287.73077,227.95078,274.5268,130.60776,287.8559,136.70888,282.17883
381.4303,170.34665,0.0,0.0,378.56696,162.20543,0.0,0.0,357.11258,150.23047,316.74536,161.98965,323.75613,170.40942,315.83334,237.60028,334.41147,261.35498,363.45255,269.461,380.68643,274.45932,196.223,206.63474,198.09532,206.64265,209.49493,280.0206,216.95377,294.47968,133.38542,244.57678,134.4625,271.05948
451.15356,220.11244,0.0,0.0,451.77377,211.02373,0.0,0.0,432.39334,195.71007,389.0274,207.73553,392.02066,212.72446,389.87335,279.2834,402.36646,301.06378,456.14056,298.8107,464.85236,289.56268,254.9454,239.4441,255.14713,235.33487,210.53084,266.43512,218.08466,276.81323,126.068054,257.30136,134.44374,276.58453
456.69278,228.75517,0.0,0.0,455.3367,221.354,0.0,0.0,437.5089,203.73291,405.89154,203.57425,403.4052,212.72896,392.28986,263.39813,409.90387,299.63885,431.48743,277.1579,449.87158,294.9486,267.18552,214.87366,265.5227,208.3699,203.706,256.01938,208.4165,256.52966,113.50595,248.91693,118.317184,255.35916
453.76813,228.13152,0.0,0.0,454.51996,221.43193,0.0,0.0,439.26282,203.41058,400.93765,201.16153,404.24057,211.00612,387.17822,260.39297,404.14932,294.5976,433.35678,278.73584,448.21564,295.16074,267.3526,211.0741,269.2054,206.00536,199.14587,245.05743,206.23541,251.32736,109.9043,231.88481,115.94614,245.92734
462.68527,230.5415,0.0,0.0,461.8512,223.79065,0.0,0.0,445.3573,206.98357,416.64734,203.96535,413.23352,214.19539,397.1556,261.82324,405.2987,295.75424,440.25873,277.03882,448.9217,292.55392,287.0356,208.2288,285.0462,203.21194,210.49374,242.1475,216.1991,249.92587,109.597855,226.55038,115.03885,242.18492
455.26544,236.82416,0.0,0.0,454.24994,229.58228,0.0,0.0,436.92505,210.24277,405.21204,207.92361,401.35342,215.50423,390.49432,263.13632,404.94168,297.57166,430.96957,275.80255,443.7737,296.8048,264.64905,218.9039,262.5166,211.1216,200.99985,254.61057,205.91647,249.94904,117.67682,251.39926,122.07286,249.2875
455.23975,237.40768,0.0,0.0,455.19824,230.18808,0.0,0.0,438.92728,209.63959,404.83994,208.27177,401.91833,214.16211,390.20667,264.2115,406.77036,297.11725,431.5416,274.4227,444.84464,294.99384,263.36624,218.38718,261.90414,209.66675,198.77126,258.25735,202.79077,252.43927,114.336655,252.17737,118.70459,250.13538
456.91162,237.08601,0.0,0.0,456.39716,229.90343,0.0,0.0,438.57324,210.07286,407.949,208.78366,400.24484,214.72116,392.5395,263.84567,404.3567,296.54434,431.5862,274.52557,444.6288,294.94104,267.39075,218.17331,262.79034,209.67465,200.70082,257.4654,203.08301,252.11755,116.37814,251.88864,121.23004,250.36392
461.21838,235.2829,0.0,0.0,460.42923,228.51405,0.0,0.0,442.68167,210.45267,412.27734,207.7153,403.48883,215.83629,396.07428,262.90604,404.23453,297.94638,434.22748,274.90308,444.79358,294.24435,269.19196,215.61475,263.95966,208.22021,204.01591,255.2987,207.36676,251.68747,121.59375,251.39896,125.85823,251.05054
458.15033,238.59158,0.0,0.0,457.8492,231.07166,0.0,0.0,440.6699,213.16682,411.00458,215.33105,402.45596,219.14807,395.35034,265.26605,404.01154,296.9449,434.499,271.90887,443.3442,294.70645,268.33298,216.14415,263.00882,206.97388,206.18826,256.05835,207.44952,250.41592,121.75798,250.5102,126.75432,250.70282
455.61578,239.06499,0.0,0.0,456.03558,231.17026,0.0,0.0,439.34204,211.87006,407.63727,215.93364,401.17648,218.13504,390.9799,265.07004,403.6938,296.02768,433.5222,271.17352,443.45438,294.34348,267.55466,221.0359,263.5032,210.64166,202.59442,261.3184,202.55751,252.28674,114.77164,252.75287,119.958954,248.49188
457.57935,236.11627,0.0,0.0,457.8475,228.2834,0.0,0.0,440.5438,210.61731,408.2934,216.50537,401.4233,218.2308,393.09467,266.38968,404.54578,296.13,434.5824,271.6024,444.9066,293.86133,265.37808,220.1935,260.9609,209.68561,200.81332,259.3227,201.32883,250.84439,113.7702,250.9636,118.91901,247.57239
457.75153,236.77591,0.0,0.0,457.86667,228.8289,0.0,0.0,440.1969,210.15845,407.12167,214.61969,401.07233,216.88416,392.43134,265.83438,404.80615,296.27847,433.9792,271.49725,445.278,293.87964,263.82153,220.27953,259.90735,210.00996,201.65747,259.5419,202.71646,251.1134,114.0677,252.43735,119.018555,248.6229
455.9095,240.03067,0.0,0.0,455.985,232.67545,0.0,0.0,439.7689,213.25272,408.94882,214.6196,402.92407,217.67918,392.46713,264.9975,403.8806,295.07553,432.73505,272.4402,443.074,295.16187,270.13495,220.08405,266.68475,209.9681,201.28534,259.55078,203.31824,251.32666,113.88335,252.04407,118.560455,247.4267
460.53345,233.38803,0.0,0.0,459.16876,225.85071,0.0,0.0,439.79068,209.85854,411.12592,214.32825,402.71042,218.23235,395.58566,267.18802,406.27902,296.8405,434.0657,272.62845,444.28705,293.44537,270.44006,219.60226,264.95734,210.5892,205.09796,255.68747,207.28021,250.26361,122.12665,249.6008,127.02171,248.89679
464.78833,233.95229,0.0,0.0,462.49786,226.06662,0.0,0.0,440.96118,209.8479,412.78613,213.23907,403.1329,218.46606,396.51062,271.6673,410.8453,301.36136,438.7058,273.95123,455.4374,291.4841,266.63763,216.14247,259.89465,208.33246,205.03372,254.94226,208.19989,252.92218,123.93445,245.32416,128.51949,249.69122
459.53638,237.44925,0.0,0.0,458.21225,229.87906,0.0,0.0,438.4572,212.04083,410.12085,213.20163,400.82803,219.2266,395.10852,263.89578,408.47803,298.66284,437.94427,269.07413,451.1402,292.98743,267.95547,217.33601,261.8281,209.25186,201.3148,257.31906,202.96658,253.53363,118.296906,250.2873,123.53221,252.258
459.51443,237.3417,0.0,0.0,458.0472,229.8594,0.0,0.0,438.44913,212.93668,411.7947,214.71811,400.70004,220.34532,396.98578,266.04886,408.08942,299.25717,440.3235,269.80853,452.4652,291.65518,269.05847,218.10605,261.7745,209.88167,201.80121,256.0152,203.13757,251.85858,119.8687,250.49466,124.934326,251.62497
457.51892,238.30444,0.0,0.0,456.71036,230.74713,0.0,0.0,437.42932,211.97635,408.10458,212.68782,398.4036,218.55627,394.62387,265.4367,408.29968,299.5907,440.01895,270.09842,453.9884,291.18747,265.14816,217.51942,258.6775,209.4752,199.56581,257.21725,200.58952,253.28827,118.64514,250.82025,123.791534,252.76129
457.31305,238.49042,0.0,0.0,456.74915,230.9242,0.0,0.0,437.62915,211.79378,407.27493,212.3583,398.26553,218.42741,393.9405,264.68347,408.60693,299.31223,439.99673,270.13513,454.1377,291.02463,264.1818,218.16934,258.13547,210.22696,198.66615,256.8854,199.4957,253.11856,118.61879,251.10678,123.71394,253.36734
458.66757,237.96002,0.0,0.0,457.1858,230.52031,0.0,0.0,438.10617,213.12543,409.65912,214.7449,401.86224,219.50006,396.3865,270.25656,409.07507,299.01965,439.55167,274.11398,454.34497,291.23907,269.0117,217.66019,263.9057,209.51942,205.36948,252.97333,208.75134,250.07013,122.93953,246.43768,127.26077,249.12183
457.3153,238.44545,0.0,0.0,456.55334,231.43457,0.0,0.0,438.6714,214.44026,408.5828,216.43973,401.4579,220.77129,396.18152,271.55328,407.9187,298.9716,437.8245,274.98965,452.8545,291.15378,268.71225,220.71004,264.17114,212.34,203.96834,253.62308,207.46437,250.3999,123.25369,247.60721,127.445175,249.81946
457.69318,237.508,0.0,0.0,456.7273,230.4177,0.0,0.0,438.09683,213.42897,408.02124,215.13618,400.67368,220.30894,395.53815,270.11728,408.48328,299.61072,437.84332,273.47208,453.05872,291.07062,267.74304,219.97108,262.97052,211.94275,202.91321,253.6506,206.15866,250.69165,122.91647,247.28638,127.27977,249.71527
457.2892,237.82834,0.0,0.0,456.35892,230.80254,0.0,0.0,437.79004,213.73016,408.12457,215.05609,400.27875,220.65034,395.7543,269.61755,408.41092,299.90933,437.60913,273.5581,453.2518,291.28418,267.51202,219.64662,262.41696,211.76047,201.56259,253.1749,204.40344,250.73752,121.420166,246.79236,125.95079,250.15527
457.50598,236.92253,0.0,0.0,456.7954,229.66821,0.0,0.0,438.02356,213.17896,407.88666,217.89157,399.61627,220.76547,395.9824,272.90155,407.9171,299.03305,437.86804,274.4754,452.98962,291.52002,266.34613,221.73837,260.97018,212.55879,200.19531,254.79907,202.36282,250.27109,119.56392,247.76685,123.95462,249.25354
456.9468,237.93741,0.0,0.0,456.40552,230.84705,0.0,0.0,438.07755,213.18246,406.261,214.61832,399.86884,219.56296,394.37402,270.58856,408.6509,299.68835,437.16895,274.9563,453.6978,291.69086,264.6722,219.17566,260.48267,210.95787,199.50296,254.40091,202.65695,251.4559,119.963425,247.60016,124.15335,250.55865
458.41107,236.13672,0.0,0.0,457.37836,229.15843,0.0,0.0,439.2724,213.17075,410.15674,216.13239,402.15585,220.494,397.24088,271.62277,408.37234,299.00775,437.79822,275.39432,451.91467,291.7108,268.2201,220.50452,263.066,211.86176,201.43906,255.90729,204.6712,252.39072,120.54349,248.48477,124.53203,250.37177
458.69565,231.34854,0.0,0.0,457.23843,223.78494,0.0,0.0,438.5189,209.68323,412.2134,218.82458,402.18973,219.72993,398.28613,274.75763,409.2209,297.581,438.65625,274.89258,452.7359,290.84674,269.29318,221.3587,262.6294,211.14172,200.944,256.3241,202.90894,250.94449,117.24483,248.33649,121.89345,249.43704
457.85715,236.26373,0.0,0.0,457.12628,229.05115,0.0,0.0,438.87817,211.5994,408.25888,214.27249,400.9322,218.69724,395.38947,271.17642,409.4826,299.24826,437.0966,275.578,453.48212,291.70654,265.1455,220.30022,260.31848,211.66003,198.1843,256.03442,201.02173,252.56528,117.847855,247.56934,122.19304,250.11398
458.89673,233.77484,0.0,0.0,457.71365,226.32703,0.0,0.0,438.7979,210.37366,410.1408,216.4412,401.43927,219.10603,396.61032,273.24652,409.63748,298.44617,438.08966,275.14185,453.3806,290.73425,267.16232,221.99103,261.37347,212.59665,198.93985,257.05414,201.36356,252.61725,117.44188,249.8482,121.85675,251.61612
459.68286,232.85895,0.0,0.0,457.97095,225.15637,0.0,0.0,438.24585,210.00505,411.68427,217.78407,401.5863,219.4938,397.33972,274.4254,409.76306,298.2183,438.4787,274.53726,453.51978,290.1773,268.6926,220.96608,261.92926,211.27881,200.20938,256.44617,202.46222,252.03131,117.74692,249.7431,122.63748,252.17603
458.6153,231.3363,0.0,0.0,457.25464,223.765,0.0,0.0,438.4278,208.61815,411.42847,216.19977,401.25806,218.9412,397.19733,272.06253,410.40057,298.29138,438.2069,274.46036,453.1911,291.01035,267.21304,222.60867,260.35693,213.1525,197.7604,256.4433,199.13269,251.62073,117.86861,249.28781,122.633194,250.74338
459.58438,231.93973,0.0,0.0,457.99127,224.27286,0.0,0.0,438.4735,210.12671,412.57462,219.73978,401.85626,220.86845,397.52823,274.77924,410.4378,298.31265,438.69675,274.59885,453.8834,291.27988,270.65137,223.20421,263.39532,213.24777,201.38788,256.63733,202.48149,251.50626,119.31439,248.0893,124.34805,249.96365
459.6726,232.06844,0.0,0.0,457.88794,224.5172,0.0,0.0,438.2895,210.15948,412.00977,217.92444,401.4909,220.39479,397.5443,273.77737,410.98615,298.6522,438.49298,274.48145,453.8603,289.9636,268.42407,221.62628,261.30942,212.34157,202.05524,254.68954,203.85526,250.17032,122.624054,247.13284,127.33919,248.99414
458.42365,235.2419,0.0,0.0,457.41858,227.11462,0.0,0.0,436.41232,209.67313,403.67883,216.52367,398.23416,219.84003,390.97754,273.4559,413.06018,301.52893,436.8211,276.8093,455.77356,292.67657,262.74545,224.22049,258.67236,215.32675,199.68355,259.9984,200.98053,254.53497,121.94441,252.62592,126.59802,253.09033
458.88055,234.83893,0.0,0.0,457.8717,226.56836,0.0,0.0,437.0926,209.10043,404.2599,216.38399,399.6041,219.54384,391.46176,272.71124,413.75363,301.17636,436.83002,276.98178,456.21942,293.61932,263.8384,224.32303,260.29965,215.28426,201.30527,258.43787,202.9393,252.74854,121.03255,249.65692,126.04251,249.75378
459.91516,233.99265,0.0,0.0,458.41153,225.1993,0.0,0.0,436.7059,207.94656,405.67755,217.9347,399.6351,218.88171,393.1602,275.99423,414.31738,301.0667,438.24118,276.43488,456.36166,291.9757,264.2599,224.24957,259.7574,214.2673,202.8657,259.50818,203.91667,253.2785,116.90532,249.24261,121.98053,250.07782
458.98254,234.45346,0.0,0.0,457.74802,225.80655,0.0,0.0,436.17123,207.938,402.84186,215.45436,398.41846,218.88995,391.02454,272.46576,414.5533,301.84412,438.06183,276.63165,456.61246,291.6146,259.57867,223.87193,256.03763,214.84515,198.09209,260.89362,199.5658,255.42023,116.45616,251.63293,121.55916,252.27032
459.0972,236.00665,0.0,0.0,457.8476,227.35504,0.0,0.0,437.00952,208.95526,404.71188,215.89258,400.34732,218.7474,392.8192,273.71185,415.0281,301.66953,438.25055,276.0758,457.01343,291.01422,262.44385,222.55278,259.1228,213.39977,201.36803,256.69458,203.34027,252.24951,115.61679,247.43198,120.88121,250.18344
459.34308,235.7128,463.08826,229.7263,457.95764,227.11441,0.0,0.0,437.06274,209.47415,406.33212,217.97598,400.59503,219.5764,394.35706,274.98926,414.49078,300.79395,438.37128,275.94644,455.91693,291.95132,265.5027,224.09447,261.34912,214.48956,204.31143,256.49084,205.84561,251.27597,119.042206,247.85562,124.24455,249.93427
458.52008,237.76031,0.0,0.0,457.54877,229.31651,0.0,0.0,437.31604,210.37308,406.09692,216.9432,400.18848,219.03984,394.08417,273.82364,414.2406,300.6342,437.92917,275.97354,456.39386,291.09644,264.52185,223.59923,260.3055,214.02643,202.32648,258.09537,203.19638,253.13123,115.31766,247.90375,120.27266,250.40115
456.38654,240.07721,0.0,0.0,456.2099,232.27168,0.0,0.0,437.99063,212.72975,404.16458,216.31711,401.22067,219.89462,393.1991,273.44012,413.4943,301.62885,437.322,276.76,456.34497,291.05487,265.0696,223.24149,263.03754,214.20297,201.5734,257.63287,203.77023,253.4848,114.70445,248.37741,119.11005,251.11221
455.15753,242.08339,0.0,0.0,454.64337,235.06996,0.0,0.0,437.21976,217.27652,405.57675,217.42583,401.20285,224.15799,394.28076,269.08374,413.66843,302.20642,438.57965,275.32822,455.62024,291.33258,264.5513,221.65015,261.65103,213.86618,201.08215,256.0554,203.9332,252.47855,120.685196,248.98175,125.208084,250.49084
454.5335,242.90155,0.0,0.0,454.43982,235.73862,0.0,0.0,437.7055,217.40147,405.5614,218.33276,401.87177,223.78094,395.11682,269.73782,413.65918,301.56152,438.43112,274.13824,456.34613,291.34702,265.48703,220.65903,263.04715,212.50818,203.12114,255.32587,205.94489,252.35953,120.43715,247.55878,125.517,251.25272
453.24448,242.79791,0.0,0.0,453.47247,235.55005,0.0,0.0,437.18948,217.29402,404.54163,219.83737,401.4382,223.78268,394.73615,272.06308,413.11246,301.40335,438.2974,275.1021,456.3103,291.83838,266.15536,221.885,264.0486,213.21263,203.81903,256.0789,206.57724,252.62814,121.32919,248.12933,126.36784,251.77335
453.38678,242.7195,0.0,0.0,453.65775,235.44377,0.0,0.0,437.2434,217.12292,404.84656,219.81326,400.95413,223.50061,394.625,272.34055,412.9876,301.44354,438.48276,275.38437,456.32086,291.8752,265.131,220.72119,262.5084,211.82794,201.27582,254.66095,203.59789,250.86899,119.48636,246.92035,124.37392,250.305
455.97757,241.93596,0.0,0.0,455.51233,234.271,0.0,0.0,437.13272,215.28836,405.06348,218.50092,399.6093,221.73488,393.9948,275.62952,412.08826,302.43512,439.09457,276.14816,455.25415,289.7962,262.79398,223.36671,259.16437,214.18321,199.84398,257.21997,201.97368,252.28021,117.28523,248.40948,121.608826,249.76953
455.2735,242.42159,0.0,0.0,455.2197,234.34952,0.0,0.0,435.94257,213.52646,400.69595,216.83507,397.27603,219.42958,391.87735,276.0016,412.86127,302.37164,437.32504,275.9173,455.57788,289.19943,258.40585,223.02773,255.94884,213.83463,198.71384,256.46497,200.8758,252.02338,117.11102,248.73679,122.07793,251.75546
454.3409,242.81085,0.0,0.0,453.68903,235.48334,0.0,0.0,435.0838,215.6149,401.98407,215.61313,398.0592,220.56943,391.59552,273.41507,411.32538,301.8888,435.89865,275.95187,455.01657,290.99023,260.9901,222.49193,258.34265,214.19005,196.94176,255.64032,200.86769,252.2237,117.32301,249.06354,121.57094,251.43277
453.18347,238.39783,0.0,0.0,452.91705,231.59103,0.0,0.0,437.85437,211.71304,403.9885,208.94785,403.32385,215.66943,392.7623,269.38474,413.2725,299.64243,437.1123,276.53967,456.54803,290.76346,265.74838,219.31656,265.51254,211.57086,203.02832,257.03394,209.19177,253.09647,122.800476,250.10236,125.89792,249.22278
454.695,239.87518,0.0,0.0,454.62515,233.0333,0.0,0.0,439.22076,212.7956,405.12506,211.13211,403.8512,217.02197,393.5892,271.76004,412.7819,300.38177,437.54843,276.6924,456.0587,290.93906,267.216,224.03343,266.63373,215.93497,200.77286,257.06335,206.49039,253.68228,119.4754,249.20404,122.854095,249.99493
456.15778,239.05211,0.0,0.0,455.54526,232.30421,0.0,0.0,438.8069,213.0447,405.6227,211.35565,402.70416,218.21025,394.42657,271.9324,412.95032,301.20914,437.7989,275.89545,456.29068,288.41064,266.60175,224.84612,264.9292,217.065,200.4226,256.4267,205.65396,252.65524,119.54852,250.39435,122.58678,249.84473
454.2831,237.47763,0.0,0.0,454.14508,231.09555,0.0,0.0,439.51605,210.82513,404.76385,206.01259,404.40454,215.54114,393.91858,267.01935,413.78546,300.80087,437.69467,276.4215,455.91974,290.63052,266.6559,223.273,266.78894,216.64131,198.86026,257.58524,205.7075,255.81479,120.62254,252.55487,123.669876,253.71524
451.19434,238.8279,0.0,0.0,450.8625,232.32886,0.0,0.0,437.54123,213.30685,406.33246,210.02393,404.74942,217.36433,394.95956,265.9118,410.86,297.97543,435.78592,275.3379,451.36334,292.8024,268.5908,219.6923,268.05872,211.95822,203.30673,256.7191,209.37952,253.5628,120.31258,252.93497,123.35121,253.22516
450.73538,237.67142,0.0,0.0,450.7165,230.77625,0.0,0.0,437.07642,211.78104,405.7479,212.4158,403.38077,217.08331,394.439,269.46414,411.3033,297.9008,436.30487,275.97656,453.1302,292.25354,268.22488,222.42888,267.06143,213.54068,202.755,256.57724,207.2051,251.65881,118.53134,252.51614,121.92128,252.056
452.37878,236.6484,0.0,0.0,451.86508,230.00998,0.0,0.0,437.49362,211.85062,406.4646,210.5012,404.02747,217.62823,395.00214,266.97214,411.75613,298.8767,437.3211,275.1272,453.98666,291.87988,267.34576,220.7385,266.10947,212.92067,200.57938,256.65048,206.25705,253.64423,117.27028,251.72998,120.6371,252.39175
453.0225,235.33887,0.0,0.0,452.68393,228.86095,0.0,0.0,437.83972,211.11838,406.96408,210.35689,403.00818,217.52031,394.59714,266.38922,411.35855,298.52136,436.8965,276.14505,453.6253,292.7463,266.5496,221.18872,264.39465,213.09647,195.00409,257.66113,199.79623,254.01501,112.63756,254.0946,115.98863,253.83878
516.9091,197.2459,0.0,0.0,517.37604,188.32768,0.0,0.0,496.49783,166.18806,453.86005,167.08261,454.6186,176.79778,448.44977,232.17273,462.28036,272.5198,512.736,248.07364,513.6892,263.028,294.51694,179.5822,294.7938,172.83438,220.51949,213.28198,226.97945,220.0406,104.22069,201.83968,109.48364,219.56319
520.41583,187.81036,0.0,0.0,518.07605,178.87685,0.0,0.0,493.1595,160.74133,455.98993,166.09286,455.54062,175.3631,453.60748,236.60445,462.73862,270.84982,514.0292,252.10367,508.99692,259.6812,302.78296,183.15997,302.53937,176.82904,231.93422,211.95842,241.40756,220.33527,113.013855,206.3446,118.14438,224.84447
512.64386,196.46867,0.0,0.0,513.59576,187.12798,0.0,0.0,494.6197,167.17967,454.05582,180.85512,463.33282,177.84288,455.5891,241.91658,461.88638,256.95535,517.98145,257.9084,506.76923,263.58572,317.8684,208.25284,322.7092,197.32986,235.69875,222.72594,246.25558,230.77394,104.62154,209.54198,112.440765,232.67175
516.70294,202.56898,0.0,0.0,515.8948,195.45161,0.0,0.0,496.6189,176.3929,458.88724,171.70448,462.79102,183.49777,455.4904,229.16867,464.62308,265.59793,517.6776,251.76404,518.4588,264.96716,310.11636,186.5441,311.98038,181.6644,226.3696,215.8994,239.7568,229.97148,113.47946,199.10793,118.936966,223.30786
515.69104,203.111,0.0,0.0,515.3071,195.92703,0.0,0.0,496.7973,175.71518,458.19998,169.33075,462.34155,183.1009,455.72446,226.78157,463.52277,267.91443,519.14746,249.64966,518.6974,263.43613,308.57104,186.5203,310.7142,182.26701,225.9353,216.63785,238.54785,231.69208,109.77455,198.42728,115.723816,223.85243
514.3982,193.29303,0.0,0.0,514.3619,184.32564,0.0,0.0,494.43713,165.78929,455.70706,175.71407,459.22202,176.46591,454.3573,242.63551,463.9944,263.9245,523.33435,255.60172,523.97424,265.71017,303.10727,190.41687,304.7813,180.17831,225.49158,219.5422,234.89874,224.62093,103.88399,200.52098,109.52763,216.75288
513.48157,194.29218,0.0,0.0,514.3099,185.42218,0.0,0.0,494.48657,165.1672,453.70624,171.29149,454.56418,175.17169,454.22705,237.54561,461.30896,265.70984,523.76917,256.3247,524.14954,264.3178,296.08832,184.34705,296.32394,175.3489,224.45244,219.58554,231.54819,225.19855,104.602554,199.71198,110.61058,216.56909
512.1345,197.65152,0.0,0.0,513.1106,188.57776,0.0,0.0,493.17523,167.12146,452.36407,173.26328,453.08813,175.94485,452.6557,239.5895,461.415,266.18976,522.02344,255.70041,522.5269,263.8807,294.95923,184.9571,295.10175,175.39375,222.75302,222.28241,229.01514,227.03696,103.63635,200.99783,109.97011,217.78249
513.96893,203.55789,0.0,0.0,513.6853,196.05219,0.0,0.0,493.855,174.00891,454.06824,165.01024,455.67224,180.79378,453.41733,224.50978,462.4771,271.07132,518.7613,252.09003,517.8047,264.1523,298.31088,178.1601,299.2569,174.19429,221.71371,216.5289,231.50778,228.74359,106.8215,201.49011,112.0807,222.47597
511.29974,202.60472,0.0,0.0,510.7884,194.64815,0.0,0.0,490.71097,172.41272,453.4382,167.02075,454.0282,179.05933,452.79907,229.65933,461.54315,269.9349,520.349,252.79166,519.4998,264.95337,301.272,180.82343,301.59995,175.349,224.20416,217.41603,232.97668,227.39699,106.381836,202.40778,111.60309,221.5414
513.23755,200.82635,0.0,0.0,512.2809,192.86449,0.0,0.0,490.864,171.57765,454.11255,167.14792,454.07172,179.7296,454.0051,229.9508,462.72192,271.13266,519.3241,252.32593,517.78174,265.3913,303.5345,181.25491,303.4743,176.08911,227.40382,216.49881,235.76245,226.27211,110.58609,203.41946,115.80466,222.01157
511.7291,201.62164,0.0,0.0,510.8708,193.54645,0.0,0.0,489.06055,170.83202,451.86902,164.32178,451.7481,178.55264,451.80453,227.01424,462.0766,271.84366,517.4562,251.9418,517.836,265.1345,302.09543,180.26077,301.96164,175.70786,226.59558,217.83868,233.9685,227.5957,110.21945,203.76093,115.57013,221.62947
511.17365,201.76898,0.0,0.0,510.7495,193.59433,0.0,0.0,489.60297,170.13525,451.67938,163.37329,451.04712,177.8176,450.19962,226.12856,461.4149,272.39703,516.43005,251.35461,518.4751,265.60126,300.84018,179.97769,300.3385,175.5339,227.12375,218.1452,233.74014,227.43092,111.34982,203.24365,117.059265,220.72629
511.35455,201.44121,0.0,0.0,510.85385,193.25217,0.0,0.0,489.7205,170.06793,451.81793,163.59888,451.36322,177.79616,450.15048,226.3623,462.0197,271.97345,516.674,251.55035,519.2444,265.79697,300.3451,179.53049,299.8888,175.07384,227.8852,217.53976,234.61157,226.9472,112.62723,201.34613,118.152084,219.11105
511.43588,202.77376,0.0,0.0,511.95166,193.88301,0.0,0.0,490.81378,168.86139,450.963,166.3098,450.47836,176.08061,449.22845,230.25697,461.17627,270.24982,516.1576,252.32962,519.88934,266.02072,299.7297,181.9934,299.0584,175.68524,225.73712,219.73036,230.71182,227.37366,109.081375,200.98077,115.30299,219.09424
511.52524,203.13026,0.0,0.0,512.01514,193.98338,0.0,0.0,490.59543,168.81871,451.22345,168.72713,450.76675,175.70653,449.63144,234.4083,461.83472,269.3347,516.9238,252.99915,519.49194,266.05844,301.63727,183.90651,300.9287,176.61063,228.15985,219.85748,232.75781,226.58191,111.11569,199.19722,117.36171,217.4127
512.0091,203.05981,0.0,0.0,512.2201,193.94551,0.0,0.0,490.4085,168.77795,451.51785,167.74622,450.97528,175.88486,450.42575,232.66475,462.4092,269.83664,516.96344,253.00891,518.8611,266.6026,301.2138,182.24063,300.47415,175.2347,225.70941,220.07875,230.40405,227.3668,107.22444,199.95242,113.33441,218.54579
513.1536,202.02193,0.0,0.0,513.2612,193.17339,0.0,0.0,491.44946,168.9512,452.6227,167.64543,452.0995,176.488,451.5603,231.57133,462.43304,269.24908,517.68494,253.15872,518.9352,266.18887,302.70944,181.27455,302.05585,174.68314,227.66898,218.47604,232.73685,226.62592,108.9816,199.1286,114.79167,218.56325
512.30927,201.89162,0.0,0.0,512.4164,193.08713,0.0,0.0,490.8334,168.88815,451.81094,167.27869,451.8678,176.28082,450.28467,231.49422,462.37625,269.29883,517.3878,252.51874,520.1146,266.25934,302.46802,181.92828,302.13177,175.44952,227.46893,218.74948,232.96469,226.92674,109.32985,199.30206,115.169266,218.45416
511.44678,202.0479,0.0,0.0,512.011,192.93857,0.0,0.0,490.85028,168.05151,451.68182,167.34473,450.86514,175.47871,449.60504,231.75752,461.47812,269.45303,517.9299,252.46811,521.48315,266.07608,301.7895,181.33246,300.89362,174.40659,227.74448,218.97281,231.80826,226.06122,108.57164,200.44508,114.50255,218.90453
510.60754,202.11954,0.0,0.0,511.0352,193.30397,0.0,0.0,490.58093,168.44737,452.38416,165.62811,451.1836,175.53786,449.27362,229.3041,461.0026,269.6225,516.91724,251.82312,521.1079,266.5516,302.7876,179.53014,301.6894,173.43259,228.54916,218.01266,233.09985,226.02057,111.26836,199.36629,117.07439,218.08817
510.61633,202.24823,0.0,0.0,511.18463,193.16214,0.0,0.0,490.60208,168.08267,452.05176,166.87527,451.00687,175.29655,448.99335,231.07559,460.96625,269.4701,516.8516,252.11554,520.645,266.57867,302.13388,180.80867,301.09906,173.97562,228.06067,219.77269,232.17523,226.77155,109.143585,200.45882,115.090454,218.58232
513.23486,201.60928,0.0,0.0,513.82526,192.42014,0.0,0.0,492.3869,167.84027,453.43713,169.02498,452.13666,175.08104,450.9135,232.84818,461.47882,266.93588,517.88184,251.9674,520.37006,265.35727,303.17297,181.65625,301.96967,173.80052,226.78194,219.20026,230.80081,225.7677,106.44566,201.08604,112.211426,219.93275
514.635,200.13892,0.0,0.0,514.21375,191.61447,0.0,0.0,493.2202,169.60612,455.98163,168.96976,456.49066,177.72932,455.19168,228.85712,462.27518,265.98804,521.76184,248.80893,518.1647,264.80948,305.67163,184.17972,305.6997,177.36998,227.25302,217.56348,234.74263,226.54878,105.19202,201.96907,110.83391,221.74648
515.82227,199.79823,0.0,0.0,515.28455,191.5496,0.0,0.0,494.46124,169.88745,456.9201,167.62021,457.53638,177.89072,453.77527,226.41019,461.49298,265.37885,515.2269,248.84158,515.0165,265.0123,306.22455,183.86887,306.36856,177.5278,227.53833,217.25232,235.74335,226.37581,105.65048,204.26794,110.95276,223.27176
514.9438,201.03062,0.0,0.0,514.45764,192.62679,0.0,0.0,493.41522,170.24059,454.8806,167.26273,456.73236,178.28645,453.7771,225.7859,462.4751,267.01935,516.855,248.83578,515.3273,266.9066,303.24966,182.99628,304.1951,176.88005,224.72794,217.38387,232.77562,227.17886,102.08,203.29436,107.155426,223.30489
516.0598,200.52011,0.0,0.0,514.97766,192.48087,0.0,0.0,493.11237,171.08167,457.2262,166.52545,456.4937,179.23225,456.09418,223.6072,462.65808,267.1809,518.4065,247.31699,515.4525,266.7231,306.5363,180.94139,305.92374,175.53328,225.91864,216.1509,233.64508,226.46269,104.54532,203.9833,109.559616,223.77823
515.93225,200.55794,0.0,0.0,515.22974,192.13315,0.0,0.0,493.2211,170.031,455.79932,166.96393,455.88248,178.4086,454.35474,225.41118,463.02554,267.57907,516.56274,249.07843,515.7208,267.7754,304.63968,180.71075,304.4871,174.83148,226.53595,215.46909,233.44379,225.2497,104.086914,203.37689,109.36598,223.60245
514.7588,201.18433,0.0,0.0,514.5844,192.36719,0.0,0.0,493.37335,169.08073,454.7608,167.08008,455.84476,177.57301,452.61783,226.17923,463.18542,268.07794,514.7704,247.70413,515.24976,266.06406,303.6351,182.88193,303.91406,176.60254,227.06555,217.12524,233.2576,226.4122,103.60339,202.27727,109.48068,222.87047
515.96436,201.10464,0.0,0.0,515.6623,192.55147,0.0,0.0,494.37622,169.44086,456.1066,166.01947,456.0205,178.05965,452.99228,224.70114,462.84995,268.66116,514.45215,248.18353,515.0787,265.8477,303.98978,183.45416,303.4522,177.8024,226.47054,218.55222,232.70386,228.328,104.51259,201.92203,110.34706,222.20981
515.77045,200.3369,0.0,0.0,515.69507,192.82256,0.0,0.0,496.2542,171.49571,458.21222,167.2412,458.18616,179.04453,454.7801,224.14279,461.2184,265.44586,516.7731,247.84595,516.17377,264.16306,308.97202,181.65646,308.8369,175.95978,227.70082,217.59073,236.16476,226.61208,108.76581,203.22379,113.629776,221.02484
516.44464,199.75931,0.0,0.0,516.04865,192.29337,0.0,0.0,496.32092,171.54562,461.12357,167.52753,458.16855,179.56686,458.13477,222.65948,461.0393,264.9248,519.1157,247.63367,516.0924,265.40408,311.0386,180.90617,309.15222,175.1297,228.52086,216.99458,235.90897,225.56839,108.510086,203.97588,113.64726,221.17355
516.73444,199.83502,0.0,0.0,516.4585,192.35385,0.0,0.0,497.62286,171.67023,461.73624,167.68044,459.50418,179.52553,458.22903,223.8472,460.0516,265.27792,518.3328,248.91861,513.5755,265.78918,309.50452,180.93709,308.18665,175.01744,229.83034,217.22156,237.73128,225.74387,108.58267,203.66165,113.23894,220.85205
516.8794,200.17116,0.0,0.0,516.6305,192.87541,0.0,0.0,497.66217,172.26517,460.85376,167.15474,459.4992,179.939,458.17123,223.0077,460.47443,265.23138,518.0414,248.8616,513.39905,263.89325,308.63373,180.80045,307.88898,175.3538,228.53424,216.00107,237.08853,225.66092,108.97406,202.59393,113.637375,220.89178
515.4568,200.36389,0.0,0.0,515.75684,192.5293,0.0,0.0,497.2339,170.64937,457.33392,166.92018,459.11346,178.26088,455.13123,225.22168,462.00964,265.89157,516.8451,249.64374,515.07446,262.8492,303.74094,181.62401,304.73563,175.60712,227.24847,216.90874,236.10294,226.14728,106.737854,201.23735,111.66231,219.91869
515.36755,200.56392,0.0,0.0,515.6426,192.7069,0.0,0.0,497.18076,170.79724,457.31418,166.83133,459.0142,178.55368,455.68054,225.08456,462.66003,266.57312,517.5907,249.48239,515.4276,262.63876,302.4246,182.03333,303.32315,176.08408,225.60999,218.52394,234.60056,227.85428,105.61946,201.86119,110.82892,220.5319
515.31165,200.508,0.0,0.0,515.4678,192.78366,0.0,0.0,496.62708,170.85365,457.3195,165.66895,458.04056,178.61505,456.47238,223.72876,462.3297,267.2272,517.8619,248.81201,515.02814,262.29037,302.29977,180.60716,302.6619,175.20758,224.9429,216.83073,233.6029,227.04878,105.29631,200.96928,110.42886,220.55484
515.6952,200.33786,0.0,0.0,516.0994,192.57146,0.0,0.0,497.81055,170.45474,457.8238,165.34816,459.10797,178.27156,456.28156,222.92015,462.04993,266.56677,517.5536,248.8411,514.5735,261.6743,302.40875,181.04422,303.09146,175.63335,225.79697,216.82408,234.47382,227.13326,105.61525,199.9892,110.7829,219.72792
515.6817,200.1521,0.0,0.0,516.1268,192.30089,0.0,0.0,497.8661,170.19382,457.19534,165.75488,459.16162,178.06303,455.4616,224.22296,461.9629,266.64752,516.14716,249.48386,513.7841,262.0642,301.5504,181.23492,302.67612,175.65149,226.61493,215.93704,235.54976,226.16711,106.24637,199.39778,111.42966,219.39949
515.85925,199.9924,0.0,0.0,516.00336,192.3373,0.0,0.0,497.57916,171.02866,458.2829,166.52837,459.54248,178.78278,455.6023,224.10266,461.2182,265.76373,516.4114,248.86328,513.6497,261.91693,304.234,180.80904,304.91385,175.34138,228.31955,214.88126,237.51245,225.45184,108.01808,198.97147,113.08629,219.29402
475.94043,210.48904,0.0,0.0,474.70593,204.77846,0.0,0.0,456.54712,188.76341,429.2948,183.07034,421.5318,192.40433,411.01514,234.67947,417.6571,267.46393,452.82306,248.80078,452.5723,267.83112,296.10577,186.68782,291.9284,180.09634,212.2181,211.74117,218.41809,211.41464,135.19386,210.86829,139.3645,213.13783
477.37894,210.10005,0.0,0.0,476.4004,204.22922,0.0,0.0,459.29642,188.52118,429.30203,181.31526,424.9913,193.47707,414.2888,227.20007,422.86237,267.81384,455.0819,240.6486,455.31433,264.01007,292.82263,185.3169,290.5122,179.70093,217.1008,209.7383,224.32211,209.81425,139.8163,207.58888,144.41168,209.36238
462.362,215.62689,0.0,0.0,466.86874,207.78001,0.0,0.0,455.94415,184.34662,418.76355,184.52841,417.33682,185.4505,406.24567,225.54202,417.0488,256.6634,448.16278,245.02307,456.73145,269.2565,285.33334,186.42737,284.44272,175.98666,215.65996,216.30978,213.84981,210.7413,133.81892,206.31143,139.93216,209.14824
463.895,216.40387,0.0,0.0,467.1087,208.64949,0.0,0.0,454.1826,185.77707,421.14264,184.40079,416.4625,186.84256,409.40103,227.25864,419.22647,259.3401,448.46823,248.09692,456.3722,271.35504,287.1391,184.12537,284.2808,174.29361,215.1305,215.52962,212.89972,210.91522,134.75533,208.03442,141.01309,211.7182
470.30893,213.21626,0.0,0.0,470.713,206.86972,0.0,0.0,454.8256,187.27838,422.6002,177.72527,419.53473,189.8353,410.65125,221.90143,424.05624,266.2068,454.02832,240.97806,460.49304,267.53662,287.55865,181.59583,285.9324,175.84091,214.22372,211.91603,218.405,211.4006,136.56448,209.70187,141.45296,212.57878
470.54358,212.66913,0.0,0.0,470.89545,206.24559,0.0,0.0,454.89294,187.16373,423.41776,178.24847,419.75668,190.16116,410.89618,220.76387,423.62933,265.27155,453.8274,241.2148,459.9308,268.5352,288.45782,181.31996,286.40652,175.51062,215.5981,211.53598,219.46448,211.05026,137.12099,209.60681,142.37111,212.71881
469.7992,213.20447,0.0,0.0,470.23526,206.81802,0.0,0.0,454.44946,187.20952,423.8896,177.14124,419.24542,189.39879,411.23114,218.9302,422.54733,264.2432,453.62317,241.30728,458.8404,269.11093,289.07178,179.71558,286.48828,173.94363,214.49225,211.6869,217.76389,211.30508,135.96964,210.52599,141.23639,213.82251
463.4766,216.60075,0.0,0.0,466.77032,208.95055,0.0,0.0,454.31104,186.02406,420.55582,183.69328,416.62552,187.04517,408.24033,226.79565,421.0786,261.1669,450.56497,246.58148,460.6331,270.9192,286.61652,182.12134,284.31674,172.49722,215.97385,215.77985,214.0997,210.20473,133.98483,210.49739,139.91457,212.44067
456.76843,212.10269,0.0,0.0,461.02438,204.02672,0.0,0.0,449.9308,183.43915,416.52283,190.7497,412.73923,187.58682,408.51932,232.97102,420.45505,258.39343,453.0265,248.34015,462.56885,270.8438,285.29178,187.94064,282.7501,175.67459,215.4505,218.5668,210.81067,209.55598,133.09871,211.22034,138.99211,211.1774
458.4666,215.29611,0.0,0.0,462.31665,207.62717,0.0,0.0,451.75302,185.64795,418.9371,186.1111,415.75964,187.095,410.82965,227.71016,420.93365,258.60208,449.30347,248.16885,458.47595,270.16025,285.0925,182.61438,283.2607,171.90936,216.89641,214.54973,214.22336,208.69728,132.62419,210.5367,138.70923,213.29865
458.19553,215.52765,0.0,0.0,460.38113,208.51488,0.0,0.0,450.4195,188.18425,425.774,184.14432,418.79785,188.2779,416.08554,222.68561,416.40433,254.48068,439.04544,250.73157,436.20294,267.97552,290.60095,182.31616,286.92737,172.0318,214.86917,213.0424,212.24731,208.20694,131.8235,209.06912,137.98044,210.55136
457.08966,215.11362,0.0,0.0,459.64917,208.49486,0.0,0.0,450.4022,188.77708,423.82623,185.16833,418.4421,189.15994,413.60397,224.0683,415.57635,255.23099,439.4466,251.60278,437.93494,269.74368,290.29868,183.20322,287.70792,173.01721,214.03639,214.25575,212.36572,209.29654,132.60927,210.66966,138.31229,211.87663
454.9237,214.32814,0.0,0.0,457.93088,207.90704,0.0,0.0,450.3322,188.5699,423.26385,185.54208,419.97382,188.47844,414.5922,224.01015,415.66284,252.92245,434.71786,254.19235,433.68323,270.30948,291.13205,181.78386,290.11945,170.91098,214.34518,213.59863,213.22818,208.2939,131.3506,210.97473,136.92007,211.92522
457.352,216.54361,0.0,0.0,460.59076,209.9854,0.0,0.0,452.2528,189.42659,422.5327,185.54547,420.69867,188.45676,412.86377,225.01636,417.3079,253.88736,438.75665,254.11102,439.6101,269.78833,290.01672,181.51073,289.8168,170.88113,213.4843,213.42606,212.85553,208.59418,130.5731,210.66858,135.75696,212.35515
456.14798,207.96613,0.0,0.0,460.1903,200.858,0.0,0.0,452.04056,183.46228,420.6417,191.6206,417.93207,188.75877,412.7222,236.20255,423.14206,258.19766,454.3553,252.34433,461.1922,268.26624,285.9905,187.20917,284.656,174.5957,212.76898,214.46503,210.19798,205.65396,131.01584,209.07425,135.53888,208.0871
473.591,214.95702,0.0,0.0,474.2157,208.23245,0.0,0.0,458.93945,190.61337,428.42053,189.04083,423.8014,195.68195,415.964,234.24492,424.64832,268.7773,456.18497,246.28683,457.52826,266.61865,292.54327,188.79314,289.77588,180.73138,216.42654,214.09903,219.4505,212.03862,135.48003,209.01068,140.86444,212.50562
471.7478,214.83221,0.0,0.0,472.9781,208.09773,0.0,0.0,457.9337,190.57571,425.0213,192.10281,422.28232,196.57893,412.4273,238.21404,427.5451,268.99164,456.01505,247.30948,462.573,265.45563,290.38138,193.6933,288.63892,184.78098,212.50278,214.63394,214.49243,211.38437,133.20271,206.45868,138.76439,209.74963
468.29547,214.59486,0.0,0.0,469.62445,207.65439,0.0,0.0,455.1942,189.60468,424.73782,191.8114,420.1194,194.86826,413.1714,238.74619,425.44025,267.87177,456.03738,248.1467,462.98578,266.5542,290.94107,189.23979,288.0963,179.98927,216.37753,214.00214,217.42017,210.81967,135.96005,208.15224,141.61244,212.8182
468.79605,216.29369,0.0,0.0,469.94617,209.4193,0.0,0.0,455.12408,191.24298,424.28656,192.29518,420.26904,195.42429,412.7398,239.5839,424.568,267.6983,454.84857,249.56534,461.23068,266.78592,290.6833,188.87958,288.2615,179.69153,216.15608,214.46274,218.01099,211.55624,136.33826,208.04573,141.64665,212.57248
477.08408,213.10034,0.0,0.0,475.83408,206.81499,0.0,0.0,458.0244,190.53049,431.3939,185.87561,423.7043,196.1149,418.4383,233.06313,426.35538,270.83246,456.74533,245.96198,457.04742,265.18924,294.85522,186.60982,290.27362,180.18805,218.70134,211.94687,222.52211,211.70258,138.5775,209.24265,143.5607,213.38951
478.6433,209.79648,0.0,0.0,476.5043,203.92598,0.0,0.0,457.91974,189.37686,432.2152,184.83252,424.54437,195.8803,418.7732,234.33386,426.2536,270.88834,456.12677,246.77173,455.21613,264.29172,295.71097,187.82727,291.35336,181.67123,218.51752,211.80853,224.06912,211.58792,138.24739,209.8215,142.95003,212.53456
480.67578,208.22609,0.0,0.0,478.84576,202.93848,0.0,0.0,461.15897,189.67525,430.29645,182.84218,428.1361,198.31918,415.97348,230.35028,428.9714,273.4504,453.69427,245.78802,455.80658,264.07974,293.26538,190.73117,292.34207,186.53305,215.38715,210.9183,223.72063,214.00569,137.30661,205.518,141.82753,210.57788
481.61118,209.01437,0.0,0.0,479.50647,203.28032,0.0,0.0,460.67175,189.85098,431.79916,185.69302,427.34778,198.27286,416.71658,234.79385,428.71707,273.30295,455.48315,246.1453,456.48322,263.93143,295.31534,191.07236,292.83762,185.64816,216.09134,211.74652,223.06595,212.72137,138.52759,207.00293,143.07126,210.46292
479.79868,209.8357,0.0,0.0,477.76688,203.63852,0.0,0.0,458.52167,188.91548,431.87268,185.8738,425.0795,196.38307,418.22174,234.75206,428.85675,271.9233,457.839,245.71182,456.5556,264.8194,297.15952,188.94254,293.14648,182.74289,219.66177,212.93605,224.34402,212.50223,141.13802,209.21304,146.24799,212.41762
464.95685,214.5572,0.0,0.0,465.70047,208.39632,0.0,0.0,453.22055,191.13043,425.52798,187.37401,421.77313,196.00879,415.91275,231.11469,427.89993,269.00726,456.1484,245.60715,460.60797,266.41153,293.2605,187.59418,291.32123,180.26141,215.87814,212.65471,218.6133,211.40976,137.31839,208.58844,142.66734,212.44678
465.12445,213.31424,0.0,0.0,465.50336,207.13145,0.0,0.0,452.47226,191.0094,426.43048,189.56541,421.54807,196.15854,416.75897,233.84373,427.90958,267.31097,456.4542,247.25354,461.35193,266.71378,294.14056,188.03181,291.44775,179.88086,216.08966,213.09705,218.53589,210.96188,137.9673,209.36652,143.22998,212.71315
464.94818,213.25273,0.0,0.0,465.6623,207.31409,0.0,0.0,453.4144,191.25598,426.40973,188.64958,421.99408,196.39415,416.81995,232.59908,428.02612,267.89532,455.66632,247.53546,461.41986,266.3831,291.9692,187.11916,289.6021,179.26059,213.49234,212.10089,216.02374,210.68118,134.69313,207.43013,139.85152,211.46953
465.31036,213.55063,0.0,0.0,465.8571,207.48997,0.0,0.0,453.2985,191.15634,426.07358,188.14746,422.00848,196.18422,416.40613,233.1415,428.2078,268.74396,455.41107,247.66919,461.17944,266.40808,290.77975,186.59038,288.62433,178.8452,212.69162,212.10635,215.49344,210.94157,133.75864,206.61842,138.74681,210.85538
464.70547,213.66339,0.0,0.0,465.3462,207.26694,0.0,0.0,452.15643,190.31934,424.1084,188.76834,420.506,195.54257,414.37918,233.9362,427.51782,268.37973,456.13074,246.41504,462.7489,265.6894,291.23224,187.53543,289.24704,179.50706,214.664,213.9826,217.159,212.08882,134.61337,208.2164,139.75697,212.07564
464.66837,213.8369,0.0,0.0,465.3719,207.45776,0.0,0.0,452.4875,190.4824,424.61227,187.94647,420.77478,195.67079,414.3091,232.07423,427.2107,268.44757,455.63464,246.37045,462.363,265.9502,290.72815,186.77501,288.61346,179.00978,213.82889,213.98383,216.15102,212.37088,133.31284,208.3125,138.44841,212.24629
463.5731,214.60094,0.0,0.0,464.70087,208.29419,0.0,0.0,452.80188,190.59601,424.94354,187.45407,421.11737,195.15189,415.2796,231.50606,427.14227,267.68845,455.94473,247.0347,462.66364,265.50143,291.9438,186.37195,289.9142,178.6792,215.17953,212.23312,217.25995,211.1146,134.66278,206.34229,139.84375,211.21149
463.61166,214.78561,0.0,0.0,464.4626,208.60512,0.0,0.0,452.73743,191.41019,425.6183,187.80406,421.77988,195.88147,416.75314,232.41833,428.52097,268.5943,455.72598,248.42383,461.17072,266.06433,290.15625,185.51263,288.19336,177.66217,212.24539,211.16072,214.47299,209.91907,132.35173,205.74556,137.2858,210.17465
463.0086,213.49355,466.48087,207.90715,464.41272,207.54167,0.0,0.0,457.52405,190.99448,432.7872,188.4245,428.9479,195.96411,420.06668,229.90262,425.93073,263.28088,443.42242,259.56314,446.01993,269.48184,296.59796,189.70934,295.01266,181.22154,221.47836,221.3635,221.4287,219.55878,140.13385,217.46774,144.46408,221.2256
462.59836,218.29012,0.0,0.0,463.5993,212.4122,0.0,0.0,452.86203,193.89189,427.79413,188.89645,421.58206,195.24059,416.05444,235.97594,424.75803,266.36816,452.21112,254.13998,456.12494,267.79324,293.68542,186.7391,290.58627,178.15652,214.7525,212.11635,216.15973,209.26419,136.77423,207.50299,140.34198,209.79865
463.38013,214.9678,0.0,0.0,463.5877,209.04431,0.0,0.0,451.44043,191.92361,425.10242,187.50845,420.92767,195.94965,414.3085,236.47649,430.39975,269.35233,453.1192,253.29187,462.8446,266.26392,287.78806,189.73045,285.57275,181.99371,206.95895,211.70393,209.04602,210.41312,130.88176,203.70284,133.73514,207.13031
462.43457,217.37091,0.0,0.0,463.13586,211.2479,0.0,0.0,451.47028,192.80383,425.32394,188.3536,420.13013,194.99756,413.66208,235.15433,427.01797,267.45184,450.33557,252.53436,459.52277,268.7292,288.50366,186.11057,285.8277,177.55934,212.02591,212.04456,213.57745,208.99887,132.01308,208.28087,135.78682,210.47942
462.7696,216.93567,0.0,0.0,463.92883,210.90613,0.0,0.0,452.48196,192.43881,425.7182,188.18979,419.97162,195.33905,414.47336,234.70216,426.4947,268.02332,453.58136,251.93451,460.7941,267.69244,290.73004,186.82072,287.624,178.90956,214.82803,212.74338,215.8692,210.91727,137.44373,205.99641,141.66824,210.11876
463.48416,216.06747,0.0,0.0,464.5417,209.75479,0.0,0.0,452.2478,190.84818,424.0063,187.38329,418.85568,195.00967,412.7695,235.01143,428.7469,269.2169,452.36847,251.9624,463.136,266.93643,285.26587,189.93042,282.3004,181.89249,207.05789,214.87692,207.10704,213.06487,128.83977,203.61742,132.31517,208.05052
461.34467,216.78911,0.0,0.0,463.16187,210.84186,0.0,0.0,453.29034,192.0715,425.76538,187.90927,420.29205,194.86795,413.41052,236.24431,427.45743,268.96448,452.08118,253.50052,461.2058,267.55612,289.33057,188.08633,286.48853,179.7644,212.03156,214.27647,211.75317,211.52557,134.68332,205.39703,137.89857,208.52501
460.1239,218.89525,0.0,0.0,462.1722,212.44295,0.0,0.0,451.8369,192.31297,422.07806,188.58923,420.54877,195.54846,413.2666,236.53769,430.61212,270.2741,453.37756,251.70776,468.01678,267.06232,288.9797,187.85378,288.19278,180.60255,215.14737,214.46875,217.22179,217.41861,133.91568,202.28616,139.9616,215.61273
460.88406,217.37738,0.0,0.0,462.5008,211.52032,0.0,0.0,452.7859,193.07278,424.52325,188.2057,421.42896,195.84796,414.21387,235.17738,428.97137,269.44147,452.34814,252.72049,462.04657,268.11728,289.15317,188.058,287.79367,180.14676,212.9916,213.89937,214.72112,212.7011,132.75351,207.85286,136.74019,212.88037
459.8178,217.5511,0.0,0.0,462.0206,211.55199,0.0,0.0,453.2103,191.98982,423.7524,186.86926,421.39432,194.0474,413.87402,233.48683,426.83472,267.82886,452.83392,252.43674,461.51645,268.3652,289.75742,186.81732,288.99265,178.93256,217.41158,213.56956,219.64845,212.19894,136.60109,208.54619,140.99825,213.55804
460.3302,214.82135,0.0,0.0,462.3599,208.85567,0.0,0.0,453.09186,190.42245,425.0785,188.01006,421.03674,193.83347,415.8141,236.48778,427.59906,267.91016,455.12628,253.77371,463.10284,267.724,290.989,187.33426,289.18362,178.83598,215.56458,213.88603,216.74646,212.17058,133.8861,208.30722,137.70941,213.57294
465.8026,216.27449,0.0,0.0,467.48694,209.87778,0.0,0.0,456.59265,191.64326,424.88705,189.62894,425.39288,197.1667,415.80673,235.43881,435.05093,270.88467,454.83435,251.42038,466.54654,266.6343,289.85733,193.13773,290.54263,185.05737,212.85063,211.97716,215.04497,210.73692,131.37613,204.91908,135.83597,209.84152
478.68942,218.08424,0.0,0.0,481.46353,211.50479,0.0,0.0,469.63577,193.86638,433.4015,194.48853,431.01593,201.52284,418.78604,239.18874,428.54572,272.55933,454.6394,252.30917,462.88043,263.37964,299.93454,197.75842,298.1667,191.53018,237.2103,221.46,235.6091,224.88527,163.98839,203.09875,168.10312,216.98158
477.7003,217.81674,0.0,0.0,480.2752,211.27591,0.0,0.0,468.05176,193.02202,429.37183,191.86383,430.83746,200.40105,416.00974,237.76201,430.52142,273.0745,454.99664,251.40204,464.075,262.69632,296.46573,198.26236,297.1211,192.56877,232.75153,221.1291,233.34058,225.65082,158.48656,204.71777,162.9078,219.58037
469.83002,221.81996,0.0,0.0,471.59064,215.10864,0.0,0.0,457.93988,193.98012,425.94464,190.64915,422.63266,197.21849,414.42035,239.48239,430.5782,272.61035,456.07214,252.73819,466.8377,267.36057,291.7586,193.59793,289.92758,185.76315,215.96541,211.73714,217.03195,211.05383,133.995,204.26997,139.41281,211.3295
469.66473,220.17584,0.0,0.0,471.5468,213.37491,0.0,0.0,458.4901,192.12161,426.62494,190.3526,423.6252,195.75745,415.7572,240.95084,431.09546,271.62677,457.7096,252.98529,465.70483,266.15485,293.7765,196.75995,292.17905,188.5292,216.93216,212.9866,218.28291,211.91893,136.28969,205.07007,141.92143,211.69327
470.7947,219.50508,0.0,0.0,472.33762,212.8419,0.0,0.0,459.0725,192.53676,427.87247,191.29434,425.20508,196.35982,417.3296,240.39621,432.20996,270.2373,458.37726,253.40384,464.13153,267.0534,295.539,197.38147,294.17813,188.85292,216.20847,213.23175,217.95795,211.77844,135.81606,204.49019,141.43674,210.36229
469.08606,221.09732,0.0,0.0,470.77054,214.39865,0.0,0.0,458.40427,193.22366,426.8606,189.75218,425.59933,196.45157,416.9853,237.92755,433.6706,271.0996,458.30188,252.94464,465.39145,266.8046,293.25385,196.96167,292.85297,188.79645,213.98116,213.90062,215.94278,212.89777,131.30109,205.82266,136.93852,211.69928
469.62476,220.44801,0.0,0.0,471.36304,213.51431,0.0,0.0,458.69476,192.13203,426.5189,189.7863,424.38428,195.4009,415.76532,240.56517,432.3366,272.26245,457.0688,253.04388,464.7077,266.7525,291.3113,194.59946,290.4352,186.11563,217.6726,213.6665,219.2569,211.29602,135.51643,207.35742,140.61964,211.85284
472.8133,221.39282,0.0,0.0,474.93808,214.29477,0.0,0.0,460.95493,191.11841,424.7011,187.92172,424.51218,193.97502,415.0591,239.10269,433.44873,271.84146,458.21115,252.61224,467.59293,265.19998,291.12296,196.3566,291.29086,188.39746,218.0192,215.09262,220.10956,214.0954,133.64346,207.76678,139.38385,214.47635
477.41656,215.4303,0.0,0.0,477.39514,208.62767,0.0,0.0,460.56738,190.66261,428.7423,190.12852,426.10626,197.3398,417.98425,239.24442,434.4398,272.37326,459.91437,251.17477,464.9505,265.46228,293.15112,197.36563,291.57135,189.6387,215.7734,214.45947,219.15182,213.26555,132.29097,208.30798,138.0377,212.90805
456.90613,197.68333,0.0,0.0,458.92444,190.45297,0.0,0.0,440.6073,173.52676,405.2857,183.53282,402.9659,179.54663,397.17014,229.53487,388.9177,240.3548,433.7097,240.38701,432.20676,250.5235,284.93625,190.41443,282.832,180.84834,206.23416,213.73682,208.92589,219.46945,109.9895,187.92003,116.21483,203.92604
456.88306,198.90681,0.0,0.0,458.55515,191.58218,0.0,0.0,440.7201,174.13573,404.9237,182.39374,404.12088,180.11006,394.44684,232.07138,390.8935,244.99973,434.89136,239.22263,435.36176,247.21722,284.1744,189.4609,282.9542,180.81332,209.93512,215.07498,214.09361,221.4423,112.77095,185.93341,119.347305,202.2895
457.4548,197.77402,0.0,0.0,459.5043,190.43393,0.0,0.0,441.36707,174.5001,405.87027,186.82207,403.02103,181.0935,395.61703,232.58704,390.47424,241.32343,435.3589,239.3917,434.6587,248.30768,283.2677,195.27745,280.66428,184.21898,205.99088,219.65515,207.71616,219.86343,109.090454,192.26254,114.18518,200.18127
458.3236,197.82144,0.0,0.0,460.48834,189.64919,0.0,0.0,441.05304,173.03168,406.93292,189.93541,402.89777,180.21275,396.81934,235.16763,389.13626,238.88167,433.5463,239.32173,434.2376,249.39105,288.93817,196.25426,285.4134,183.92062,213.62332,221.15457,213.11276,220.38332,114.091736,191.59338,119.88223,200.05647
446.5395,197.73325,451.8959,198.17278,452.2953,189.73378,0.0,0.0,440.97424,172.32365,405.39954,193.53773,402.71286,179.36098,398.58472,232.79164,388.5194,233.5149,431.97015,242.28033,432.15845,254.2753,288.20447,197.42462,285.68408,182.69583,214.0115,219.44373,209.48184,215.03821,116.7386,188.76277,122.59804,195.68285
449.51044,195.75241,454.44067,195.5216,453.70456,187.7692,0.0,0.0,439.40744,172.11555,404.6034,194.17728,402.75986,180.61755,397.23853,237.64493,392.2012,237.28096,435.9098,240.95312,437.06238,250.86804,287.19373,197.15257,285.0837,182.81033,212.95348,220.16556,210.75497,216.18425,115.051025,189.18198,120.83394,195.84552
454.7918,186.94142,461.65625,188.30072,459.20773,178.1165,0.0,0.0,442.40704,165.86148,406.35736,199.06967,403.6027,179.64824,401.0938,243.79356,394.74365,236.15642,435.2568,242.21228,434.36725,252.21674,287.94363,200.0921,284.8427,183.92125,227.10257,222.31958,222.55907,216.10315,130.33607,185.13474,139.24846,192.31245
456.31494,196.06197,0.0,0.0,458.3333,187.69016,0.0,0.0,440.4318,171.34935,404.1362,187.73544,403.4095,182.13068,396.26166,241.49399,398.07877,250.72058,442.53265,239.03851,442.617,240.02414,281.94934,201.27753,279.9332,191.28188,218.98975,226.02557,220.87459,227.84244,126.75745,186.94406,134.7053,198.43257
455.71368,197.58742,0.0,0.0,457.35663,189.34737,0.0,0.0,439.80804,172.07419,402.89746,185.73007,404.92337,180.86594,393.7857,238.49025,397.4049,247.44473,439.27084,241.11174,439.85132,244.29471,281.41632,202.11084,281.25708,192.39526,218.0812,227.53415,222.14685,230.3711,123.92052,191.20007,130.75883,203.2116
456.5592,197.96616,0.0,0.0,458.6359,188.92775,0.0,0.0,439.81546,171.13684,401.7314,189.21327,402.9449,181.46082,393.15268,242.8719,398.30222,249.42664,441.03177,239.48547,443.19025,240.173,277.9572,203.73616,276.96494,192.61417,214.26208,228.01968,215.92139,229.10074,117.26431,189.11234,124.95227,201.0318
457.03256,199.96983,0.0,0.0,459.09204,191.19351,0.0,0.0,440.49554,172.80727,401.70404,188.30107,403.2571,182.31638,392.8572,242.65164,397.97443,251.28528,441.57782,239.8682,442.6654,239.49072,277.5037,203.2273,276.86374,192.88797,212.30719,227.8653,214.95346,230.31015,116.393845,190.15794,124.013,203.31233
458.15842,198.55353,0.0,0.0,459.6527,190.03662,0.0,0.0,440.17142,173.01622,403.7774,189.46828,402.78552,182.70995,393.67447,242.25766,396.62305,248.87805,440.91864,239.3978,442.7774,240.83496,278.9549,202.95595,276.81705,192.2325,209.04819,227.32285,211.58044,229.51147,114.43863,194.00476,121.69093,206.67644
458.4469,197.88419,0.0,0.0,460.0135,189.40567,0.0,0.0,440.7132,172.6317,404.0831,189.4341,403.04028,182.7442,394.39368,242.58226,397.18372,249.4101,441.72513,240.06143,443.03674,240.75415,278.89404,203.97133,276.76343,193.12117,209.47708,228.23625,212.02039,229.61269,114.690445,195.09872,122.03868,206.37955
458.00186,197.44469,0.0,0.0,459.75983,189.01329,0.0,0.0,440.8214,172.52611,404.38748,189.02322,403.75647,183.75673,396.29648,243.66821,398.15137,253.02393,442.45862,239.2745,445.29172,240.87814,283.52423,203.14056,281.5559,193.60739,219.2266,226.03159,221.53857,230.17072,123.863464,189.92393,131.48337,204.9733
456.73846,196.5338,0.0,0.0,458.07172,188.29813,0.0,0.0,439.53595,172.9251,407.9584,190.06346,403.0489,184.28073,398.63135,242.93263,397.08432,251.51276,443.70404,239.5014,444.09705,241.93361,286.95496,200.70424,282.51086,190.90384,220.43958,224.9808,221.34363,228.1748,127.323044,189.79303,135.55841,203.7388
457.64548,198.75726,0.0,0.0,459.00922,190.54222,0.0,0.0,440.32996,173.02557,406.29184,186.45465,403.78113,182.66234,396.35144,240.6222,397.4415,251.90277,443.08585,239.50713,444.27063,241.44785,286.86258,198.9001,283.98257,189.94716,220.42406,224.40024,222.69629,228.26102,126.684525,187.1991,134.62244,201.03464
458.4417,196.94044,0.0,0.0,460.1129,188.8222,0.0,0.0,440.98364,172.67506,405.30142,188.59204,402.84204,182.29999,395.0792,239.87505,395.79156,247.37122,442.38138,239.81778,443.49963,243.11693,280.60184,199.08566,277.7869,188.37692,210.0065,221.62567,211.61761,222.46027,116.7717,188.244,122.94739,198.06017
458.7085,197.15813,0.0,0.0,459.91312,189.00645,0.0,0.0,440.38022,172.64201,405.8114,187.52756,403.23633,182.90562,396.3459,240.98526,397.13916,250.3877,443.54346,240.04218,443.38562,241.92221,283.92017,199.97577,280.97577,190.38063,215.67633,224.45403,217.9415,226.78941,124.9449,188.21109,131.67041,199.30373
458.1892,196.86722,0.0,0.0,459.41794,188.8507,0.0,0.0,440.563,172.8846,406.7768,187.62398,404.0036,183.01624,397.1583,241.51659,397.91766,250.85605,443.96732,239.74335,443.6444,241.35281,285.62418,198.59883,282.67392,188.95972,218.7515,224.74976,221.22952,226.51598,127.54935,188.14404,134.2777,198.36333
459.04987,197.62352,0.0,0.0,460.59528,189.57648,0.0,0.0,441.56583,173.26227,405.5894,187.88356,403.83636,183.41849,396.4332,242.64723,397.95135,252.35712,444.34692,239.7515,444.3019,240.1405,283.11124,199.6757,280.73328,190.07674,216.15503,225.2302,218.79272,227.5019,124.26228,188.01196,131.0718,199.23567
459.2007,197.07335,0.0,0.0,460.27057,188.97359,0.0,0.0,440.83386,173.02716,406.99738,187.9,403.56537,183.81073,397.141,242.07687,398.34406,252.39093,445.19702,239.47253,444.96017,239.42113,283.4018,199.81105,279.993,190.18509,213.63162,224.9051,215.81836,227.04207,121.24692,188.84341,128.10333,199.70856
457.70184,195.43442,0.0,0.0,459.286,187.304,0.0,0.0,441.01288,171.60904,409.21356,188.01411,404.6288,182.10452,400.14792,242.50525,396.8175,250.66226,444.826,239.56659,444.0918,242.42111,291.03204,195.79614,287.20886,185.84802,223.40494,222.84198,224.75829,225.52866,127.63246,187.73598,135.34602,200.58606
456.19714,194.74533,461.02222,191.79288,457.25226,186.48889,0.0,0.0,438.1028,170.93591,407.33456,187.84009,404.27765,181.25417,398.55804,239.90717,397.63837,246.75714,441.5072,239.19673,441.8126,244.29446,290.8488,196.22803,287.63834,186.0451,217.49518,223.09315,219.86615,227.26343,122.30972,189.16235,130.33534,204.56105
457.06583,195.94757,0.0,0.0,458.55005,187.91771,0.0,0.0,439.7703,171.38246,403.94104,185.99913,404.97455,180.97237,395.89874,240.05342,397.91382,248.41574,441.10822,239.86713,442.3651,242.1615,286.71014,198.76776,285.92892,189.32693,217.32785,224.97556,221.37047,229.99484,122.350845,188.52063,129.91635,204.2124
457.76636,194.50095,0.0,0.0,458.79968,186.90985,0.0,0.0,439.59598,172.62473,407.28094,188.71185,404.15134,182.92093,399.14117,239.34352,396.35587,246.26126,440.7525,239.19763,440.22888,244.70389,289.5268,202.42169,286.25375,192.39706,218.43066,226.33905,221.41264,229.02953,126.69075,194.06258,133.93973,205.67653
458.04248,194.92416,462.5239,192.42754,459.2214,186.89294,0.0,0.0,439.5649,172.4147,407.79102,191.29062,402.88165,183.25133,399.30582,241.03421,395.51788,246.21307,441.61987,238.71669,441.72403,244.92374,286.7561,202.08421,282.31433,190.8192,215.30629,226.09764,216.53188,227.01627,119.304794,192.1504,127.19017,202.9476
456.31366,194.41508,0.0,0.0,457.8789,186.93423,0.0,0.0,439.13446,172.49799,405.43652,188.14069,402.93018,182.34557,397.63913,237.29886,394.09598,244.35544,438.7492,239.62167,440.3996,248.28873,288.44498,198.23709,285.47012,188.95935,219.89204,219.95712,222.35844,225.48479,130.92319,185.68546,138.37967,202.27144
456.38007,194.93819,0.0,0.0,457.9558,187.1454,0.0,0.0,438.64,172.53908,403.6934,189.31177,402.12708,181.97058,395.93448,238.02922,393.61267,242.99814,438.32745,240.43022,440.3055,248.72736,284.27325,198.99646,281.8327,188.72862,215.74542,221.04257,218.32832,224.72025,125.18005,187.58969,132.24052,201.73975
457.02512,195.23611,0.0,0.0,458.59656,187.19856,0.0,0.0,438.7481,172.24391,403.70343,190.14615,401.79306,182.15678,396.53036,239.52728,394.9233,243.86736,439.8371,239.75465,441.90747,246.06683,282.42795,200.9599,279.6506,190.15073,212.09851,222.58302,214.06119,225.67285,120.022964,188.9874,126.81859,202.82562
457.02255,194.79015,0.0,0.0,458.35416,186.90051,0.0,0.0,438.9696,172.91466,406.36246,191.24347,402.55835,184.33691,398.82056,242.7635,397.31067,249.25558,443.11453,238.62152,443.51703,241.9752,285.3819,201.24608,281.53384,190.65324,214.25244,223.0063,215.4733,225.63971,120.15915,189.09924,127.76358,202.3303
457.50806,195.2443,0.0,0.0,458.66122,187.2962,0.0,0.0,438.673,173.03369,404.4208,190.49475,402.15826,183.735,396.1484,241.42838,396.84546,247.80713,441.18787,238.83736,442.96686,243.1736,281.0827,201.4599,278.12393,190.69344,209.29442,223.73921,211.34108,225.74742,115.601746,190.08014,122.284256,201.671
457.7213,194.92726,0.0,0.0,458.63214,187.00227,0.0,0.0,438.77094,173.1345,405.30734,190.21588,403.46393,183.86101,396.21188,240.62215,397.14246,247.52606,440.82303,238.8739,443.41187,243.97186,283.48785,199.25212,280.84412,188.83733,213.55444,222.94966,215.96072,225.84021,117.443436,190.5116,124.07431,203.34108
457.50134,194.54784,0.0,0.0,458.48047,186.69482,0.0,0.0,438.54962,172.9941,405.66904,190.61194,403.23727,183.52092,397.07593,240.56107,397.21503,246.33652,440.94064,238.47653,443.9478,245.19138,284.7238,198.24153,281.69815,187.69603,213.85849,221.65091,216.2515,225.02632,118.35043,188.95956,125.57933,203.12311
457.6176,194.37628,0.0,0.0,458.80676,186.5345,0.0,0.0,439.3086,173.00664,405.6482,190.89943,403.54623,183.3797,396.5006,240.39249,396.3682,245.58008,440.73956,238.8533,443.72614,245.47485,284.51477,198.88026,281.72223,188.04155,215.14273,223.26186,217.52902,225.28015,119.934006,189.96844,126.7751,201.84277
457.31665,195.03883,0.0,0.0,458.75473,187.37747,0.0,0.0,439.6798,173.40758,403.92603,189.65909,403.43106,183.13431,395.2037,240.28638,396.35144,246.55917,441.111,239.46414,444.1677,244.87189,282.32275,198.53983,280.65527,188.03352,213.6395,223.65372,217.05502,225.60443,119.327774,190.97432,125.784,201.99083
455.85175,194.90044,0.0,0.0,457.42648,188.04044,0.0,0.0,439.93106,174.38353,404.19638,187.04793,403.83643,182.96669,395.91052,235.32947,394.99307,244.43488,439.9577,239.36633,441.1039,246.60419,281.31757,198.21574,279.87308,188.66844,209.63272,221.53282,214.48206,225.31247,118.16751,190.39398,124.41736,202.71327
452.59122,195.13606,0.0,0.0,454.69708,188.26163,0.0,0.0,438.63184,174.18593,401.55667,185.89636,403.39297,181.93407,394.3733,234.93973,394.69635,244.01071,438.9123,240.65561,440.3093,247.81473,282.3408,194.22108,282.43936,185.23672,218.58643,219.0727,223.66098,223.15398,129.26285,186.53311,135.29834,199.29898
452.63092,195.59206,0.0,0.0,454.9259,188.79243,0.0,0.0,439.03412,174.56586,401.63995,186.24786,403.29132,182.35352,394.85266,235.92853,394.87897,244.94757,439.77396,240.59937,441.3863,246.71277,283.1014,194.03714,283.15518,185.2162,218.99454,218.81805,224.1141,223.4231,130.41576,186.33665,136.7467,200.1077
468.89938,180.27074,0.0,0.0,468.57452,171.93915,0.0,0.0,450.00745,158.0106,418.52597,177.89917,420.4815,167.77092,410.25336,225.81703,406.93192,225.07228,464.4297,237.59224,443.5722,254.42783,308.79703,188.89282,313.65408,182.01944,249.3864,231.72261,295.06683,248.30878,151.01697,190.03346,226.49614,231.39938
478.888,262.99203,0.0,0.0,479.61377,255.9697,0.0,0.0,462.18378,240.11385,423.01108,244.94415,426.72748,252.12518,411.93198,296.4692,434.49786,326.90167,450.67856,303.19098,470.01828,309.70078,290.58563,259.2053,291.8442,252.87024,223.55125,278.32928,226.18124,283.68292,131.95457,253.91656,138.14998,269.67923
475.70068,262.9069,0.0,0.0,476.8813,256.7803,0.0,0.0,460.72803,241.08693,425.67416,246.25806,427.30557,251.26123,418.0224,294.26498,433.35992,321.52075,454.7994,302.54254,467.41083,313.61566,303.90558,263.6284,304.19345,256.44647,223.8143,277.2864,227.54518,282.43253,126.27548,255.15442,134.75836,270.8254
476.30023,263.86597,0.0,0.0,477.3576,257.23682,0.0,0.0,460.42593,240.72333,425.98022,247.55463,425.6294,250.26776,418.6828,298.48984,433.69595,322.52652,457.0282,303.506,468.6687,313.6482,299.98083,263.68512,299.14703,255.07895,221.85144,280.20657,224.51918,282.09692,122.58099,257.1776,130.85867,269.27438
475.91864,265.54153,0.0,0.0,476.7876,259.12418,0.0,0.0,459.83218,242.4862,424.1521,245.17413,424.58667,251.58655,416.2881,293.5448,434.922,324.20618,454.4024,304.00446,466.13892,314.26846,293.2333,261.03445,292.89996,253.45175,214.60889,280.96753,216.83145,282.96216,118.98613,258.3585,125.868744,268.4899
473.71185,266.58267,0.0,0.0,475.05316,260.35223,0.0,0.0,459.3092,243.39108,424.20844,245.31735,422.7186,251.32846,416.3083,291.78894,433.00375,322.49417,453.10474,303.52496,464.7886,315.97937,289.12027,260.72577,287.71417,252.69757,211.08807,279.47864,212.64645,280.42578,117.401245,260.8052,124.78836,270.29553
467.99387,269.52838,0.0,0.0,471.07498,262.94293,0.0,0.0,458.2481,245.48633,417.60443,251.36777,423.3327,250.73727,412.36185,289.89685,435.09674,309.96823,465.54102,306.75177,470.87155,321.7653,286.09125,270.56375,288.43695,260.7191,203.18092,280.79297,208.58655,279.745,126.15311,266.32544,136.33447,274.80475
468.07147,271.14957,0.0,0.0,471.14917,263.60666,0.0,0.0,456.20416,244.4975,416.60498,253.07788,419.83984,249.83887,412.39743,292.41626,435.761,309.87653,470.4762,305.2521,474.456,320.0797,284.81036,271.6055,285.2738,260.9558,202.0216,281.3754,205.41544,279.2839,126.62616,265.56284,137.85373,274.5347
468.76105,268.0802,0.0,0.0,471.69904,260.78333,0.0,0.0,456.21228,241.86366,417.80502,249.03818,417.8784,250.42773,410.95712,294.4824,433.79944,321.19147,457.10086,300.97488,473.4453,312.7151,284.54764,264.0073,283.6369,254.19662,207.65108,283.01334,206.23001,280.79282,117.00302,260.59787,125.245316,268.68002
468.89948,268.45987,0.0,0.0,471.65982,261.54126,0.0,0.0,455.99817,242.73532,417.18558,247.1318,417.10602,250.55524,410.68726,290.9417,432.2189,320.66583,456.02698,301.70236,472.00787,315.43835,282.87143,263.06677,281.86688,254.08148,205.57355,284.27032,205.00961,283.0027,116.00084,262.3458,124.084854,270.4734
467.51233,271.30737,0.0,0.0,470.6588,263.90222,0.0,0.0,456.2005,245.11594,415.9216,253.49973,420.23962,249.71313,412.38882,292.87372,435.2845,308.39722,468.43158,309.10126,471.7317,322.12418,283.5164,271.57056,284.8688,260.4668,200.10968,280.65695,203.9653,277.66968,124.65779,268.9867,135.6105,276.51852
471.20428,269.39587,0.0,0.0,473.96283,262.72998,0.0,0.0,460.72382,244.2417,413.3162,240.2923,421.93207,251.02774,404.45215,286.92822,429.463,326.22504,449.83206,302.47546,469.78226,313.13748,269.73154,253.349,274.17755,247.71082,209.48602,279.9825,212.43503,284.6306,118.69005,258.60547,123.585846,272.40085
469.669,271.35788,0.0,0.0,472.77826,264.29242,0.0,0.0,459.5816,244.70544,412.80045,242.11856,420.05527,250.82901,405.5135,288.85135,430.30658,326.2602,451.31296,302.76083,471.01413,311.81815,267.89673,252.36505,271.31195,245.95575,211.08139,279.71527,212.1342,283.38168,119.24635,257.11658,124.68814,271.2173
0.0,0.0,0.0,0.0,463.50946,269.093,0.0,0.0,452.93106,247.72131,409.2215,242.83878,415.74377,251.64276,404.59967,282.44464,432.91345,322.43066,452.96356,300.84265,474.4798,315.61533,274.552,257.2896,278.01263,250.44464,205.79117,281.97226,205.7909,283.15283,115.03635,260.28143,122.03711,270.22656
458.82812,274.6874,0.0,0.0,463.405,267.979,0.0,0.0,452.87103,247.11523,409.5608,245.76312,416.3655,251.77057,404.6715,285.11154,434.08142,321.18045,453.30246,302.14462,478.02185,318.20724,276.60226,257.96848,280.11212,250.05182,207.75156,281.8744,207.40883,281.84402,115.48378,260.0807,123.07152,269.67157
463.3446,275.8706,0.0,0.0,467.13245,268.27997,0.0,0.0,453.62814,249.35397,408.6938,255.87073,420.3697,252.9627,406.19415,288.5095,437.22415,309.25342,466.75504,303.0363,477.99554,323.59692,280.09314,267.50064,286.04303,256.7495,203.563,280.4155,208.95163,277.60736,121.85985,269.2984,132.4918,276.997
464.511,274.24622,0.0,0.0,468.52393,266.56482,0.0,0.0,455.17303,248.11032,409.04144,256.08295,421.45178,252.07089,406.00778,288.42227,437.71533,307.36386,466.56268,302.90686,477.6253,321.77844,278.83264,267.84494,285.25204,256.49582,201.63766,280.06738,207.1636,276.3929,120.45398,270.50357,130.73048,277.27704
464.69696,275.19107,0.0,0.0,468.7564,267.52908,0.0,0.0,455.4704,248.69138,409.1203,256.5102,421.6495,252.09055,405.81366,289.64987,437.76288,307.44952,466.55997,303.22134,477.37585,321.7293,279.39038,268.47922,285.86224,257.0856,201.79071,279.61688,207.57837,276.1592,121.43773,269.41873,131.77333,276.72226
462.10446,272.13254,0.0,0.0,466.29633,265.08664,0.0,0.0,454.5962,246.56357,415.19983,250.59302,418.25992,253.91235,411.89185,286.7513,435.4709,320.3511,460.47134,298.29312,477.78906,315.2088,281.33923,258.77557,282.52017,249.29254,208.93893,278.41174,206.7114,275.65137,116.160904,259.7817,124.39458,266.7516
463.29184,273.8587,0.0,0.0,467.31018,267.0094,0.0,0.0,455.1211,248.22482,414.55206,250.35596,418.8189,254.51434,410.78894,287.28546,434.43204,321.18964,458.26294,298.40356,475.1129,315.35315,281.74796,258.56668,283.69843,249.65332,210.14383,278.36234,209.41373,276.96445,116.953186,259.73856,125.481415,268.27167
466.75848,273.98114,0.0,0.0,470.0232,267.55164,0.0,0.0,459.2421,248.9584,415.68182,244.42264,421.79114,254.37692,408.9126,286.15875,429.41006,326.0835,453.66913,302.24313,469.77454,312.37753,274.0923,253.38977,277.06647,247.22495,214.15288,277.17917,215.40175,280.32602,120.39267,256.37976,126.36641,268.48145
462.28296,276.63025,0.0,0.0,466.58548,270.45312,0.0,0.0,455.93686,249.89392,412.94775,245.13885,419.35272,253.72119,409.4557,282.49655,433.10773,321.86584,456.83704,299.27032,473.4679,315.55002,279.94037,257.89825,283.47864,250.99979,209.32738,279.48312,210.57368,281.21933,118.44658,258.7904,126.11194,269.4358
0.0,0.0,0.0,0.0,465.28305,270.75882,0.0,0.0,454.69193,249.27081,410.6496,242.61269,417.79724,252.55185,407.4944,281.52505,433.54327,322.70425,455.70828,299.2039,474.28677,315.67108,277.8038,257.628,281.7578,251.49811,207.22443,281.82343,208.84286,284.89578,118.0692,258.1407,125.80849,270.32123
461.4383,277.064,0.0,0.0,465.83725,270.86246,0.0,0.0,454.80957,249.04172,410.30112,243.75931,418.09244,252.21243,407.0563,283.83282,434.1112,322.16074,455.1868,299.92966,474.81934,315.90445,279.9474,258.01895,284.18906,251.62433,209.88718,282.5426,211.53491,285.69962,122.93727,257.44757,130.95665,270.5967
465.208,276.1579,0.0,0.0,469.11636,269.93243,0.0,0.0,458.8558,248.40222,411.1264,241.66028,420.8401,251.24237,404.98666,289.0697,429.77084,326.01807,452.26703,304.3212,468.9104,312.63434,272.49518,254.67035,277.82013,248.91449,210.94757,284.0195,213.88348,289.44485,123.459885,258.96017,128.85257,275.26657
466.51508,275.27832,0.0,0.0,470.40704,268.85654,0.0,0.0,459.49692,247.91724,411.96707,242.92094,421.05695,251.40527,405.68277,290.02115,429.6482,325.5547,451.928,303.74512,468.99548,312.79663,274.0103,253.64304,278.87817,247.63385,214.03964,282.27563,216.66203,287.58908,126.43332,258.44995,132.16608,275.29456
461.9904,275.94302,0.0,0.0,466.79083,269.53915,0.0,0.0,456.24664,248.39813,411.99066,247.0336,419.56274,252.32068,407.41397,287.62137,433.5957,320.88104,454.4557,301.18475,474.09344,317.03687,283.2599,260.1503,287.2625,252.47849,210.63643,281.83276,211.79672,283.80243,123.71547,258.07913,132.11409,271.12973
462.30475,276.0262,0.0,0.0,466.6319,269.6836,0.0,0.0,455.2099,248.65674,412.7263,247.19516,418.853,252.4072,408.8176,288.68097,433.69955,321.1497,454.5888,301.96432,474.2313,317.21915,285.38214,259.80627,288.52487,252.21149,213.06146,280.46713,214.01633,282.60565,124.94165,256.97522,133.35965,270.1509
461.7536,276.00027,0.0,0.0,466.3309,269.6225,0.0,0.0,455.2522,248.18555,412.30374,245.53647,417.70682,251.66434,408.1159,286.95853,432.73392,321.2562,453.0735,303.3531,471.70728,317.92996,281.62677,258.02094,284.39062,250.59091,210.64917,280.511,210.75049,282.38342,124.24504,257.95093,132.21565,270.50574
466.836,275.21082,0.0,0.0,470.96298,268.74686,0.0,0.0,459.85117,247.44113,413.10944,242.97507,419.75015,250.32623,406.36255,290.61963,428.96814,324.50745,449.15802,304.65582,467.685,313.9414,273.08902,252.22891,276.3311,245.79166,212.99037,276.80386,213.74515,282.05298,126.259094,251.9017,131.67998,269.75092
463.346,274.72278,0.0,0.0,467.60107,268.0289,0.0,0.0,455.26227,246.70941,412.90857,246.03928,417.3452,251.02374,408.0967,288.4858,432.60614,321.3169,451.69214,302.5277,471.3738,317.66937,281.95538,258.16724,284.0052,250.33475,211.46033,280.85825,211.23267,282.43515,123.01813,257.9798,131.4113,270.9112
463.57642,274.5792,0.0,0.0,467.59644,267.9086,0.0,0.0,454.8679,246.68527,413.49097,246.03125,417.1795,251.13245,409.16174,288.6834,432.61722,321.53693,452.6599,302.57486,471.47504,317.8806,283.27667,258.04108,284.8777,250.34134,212.50085,280.66937,212.26505,282.56696,123.785736,257.95145,132.31787,271.2711
463.58136,274.68726,0.0,0.0,467.69196,267.93317,0.0,0.0,455.0016,246.70282,413.5041,246.90762,417.15906,251.17941,409.1774,289.53278,432.6959,321.15652,452.70483,302.92368,471.64706,317.88013,283.02722,258.52246,284.60223,250.44296,212.32834,281.22333,211.94537,282.57025,123.35904,258.7207,132.00853,271.66522
463.39893,274.32678,0.0,0.0,467.1936,267.89197,0.0,0.0,454.54276,247.06793,413.9453,245.52844,417.3184,251.22818,409.75153,287.88214,431.60764,321.04852,452.24347,303.78903,469.4969,318.78455,284.82706,257.30164,286.33768,249.87057,213.37637,280.8867,213.63518,283.20212,124.07132,259.32825,132.55861,272.75894
464.2874,273.5455,0.0,0.0,467.79422,267.07318,0.0,0.0,454.5994,246.75995,414.36496,246.25067,417.7029,251.52783,410.55005,289.32278,432.62772,321.64038,453.56937,302.61224,471.24115,318.03253,286.2763,257.56213,287.73782,250.1148,215.35669,280.52808,215.9739,282.80295,126.12723,258.4161,134.5749,271.82904
464.3908,274.8078,0.0,0.0,467.92572,268.45917,0.0,0.0,454.9119,247.83777,414.5412,245.87375,417.96564,251.92209,410.993,288.96002,432.41006,322.14658,453.72668,303.00006,470.58157,317.6822,286.3543,257.39975,287.9501,250.2218,215.29391,280.2152,216.17038,282.89337,125.71744,258.66333,134.02803,272.23145
464.19443,275.03415,0.0,0.0,467.87003,268.8051,0.0,0.0,455.32593,248.21552,414.74088,245.74704,418.22107,252.05774,411.06158,287.8791,432.13193,321.5449,453.46454,303.12253,470.06973,318.06757,286.11682,257.18408,287.7997,250.04364,214.8995,279.96594,215.74127,282.57965,125.67856,259.2847,133.77905,272.65848
464.1501,274.84888,0.0,0.0,467.84543,268.55515,0.0,0.0,455.26495,247.9873,414.97174,246.13007,418.22223,252.00858,411.22433,288.37213,432.22583,321.39523,453.66742,303.27945,470.10672,317.8677,286.41812,257.72195,287.95535,250.33508,214.4878,280.08707,215.05722,282.26608,125.442566,259.74365,133.62737,272.6609
464.06964,275.2161,0.0,0.0,467.93243,268.7636,0.0,0.0,455.4402,247.7839,414.72302,246.29144,418.42615,251.57394,409.9858,288.91998,432.12134,321.161,451.9735,303.40652,469.5939,318.12024,286.3328,257.83606,288.06726,250.22043,214.32843,280.7153,214.64795,282.8006,125.42348,259.24402,133.77098,272.47253
464.04828,275.56995,0.0,0.0,467.4047,269.286,0.0,0.0,454.24387,248.29633,413.69983,245.19125,417.94763,251.74576,409.3523,288.06552,432.35223,321.91995,451.85245,302.03482,470.76947,318.09302,286.4306,256.73837,288.48846,249.87549,215.84612,280.64453,217.22815,284.0026,125.90419,258.1096,134.23128,272.5419
463.9079,275.3936,0.0,0.0,467.34308,269.08878,0.0,0.0,454.4146,247.89133,413.657,244.0852,418.207,251.37994,409.20285,286.75107,432.5563,322.17123,452.4768,301.69348,471.55798,318.4273,286.1484,256.48972,288.3454,249.93152,216.36308,280.74805,217.65396,284.4337,126.09192,257.25653,134.42075,271.86554
463.53842,275.12683,0.0,0.0,467.37256,268.48398,0.0,0.0,454.63324,246.5173,413.63977,244.88528,417.53787,249.99979,409.39807,289.56647,432.63464,321.67795,452.6859,302.81766,471.55072,317.09946,285.63562,257.7902,287.38336,250.27567,215.64636,282.69824,215.80261,285.14117,125.533676,257.62936,134.10646,271.78888
463.32028,274.62753,0.0,0.0,467.49796,267.60764,0.0,0.0,454.65283,245.18036,412.79657,246.15573,417.02026,248.9845,408.4497,292.15668,432.4744,321.07098,452.49847,303.72745,471.8647,317.63165,284.70825,259.1961,286.55795,250.72153,214.20343,284.04556,213.69554,285.38235,123.83563,257.53473,132.64526,271.3703
469.5622,272.532,0.0,0.0,473.0963,265.5222,0.0,0.0,459.58765,243.99835,412.97244,243.00832,419.77512,248.0249,407.15637,294.53934,429.6806,323.61404,450.26672,306.01666,468.66272,313.28244,276.8232,254.60251,280.0089,247.62888,217.87276,280.5749,219.12627,285.36136,131.8276,255.0191,137.80426,272.6858
470.951,271.90073,0.0,0.0,474.39008,264.87085,0.0,0.0,460.70847,244.27118,414.12317,243.86649,420.80533,248.79053,408.14276,294.64383,429.85376,323.248,449.48755,306.3256,468.1071,312.7063,276.30316,255.08475,279.36584,247.945,217.06007,275.70593,218.34679,280.14078,131.23529,252.71869,137.08507,269.46436
472.0231,271.6805,0.0,0.0,474.8772,264.8886,0.0,0.0,460.3002,244.68198,414.75348,242.96774,420.9243,249.75891,409.1697,294.3107,430.9084,325.53848,450.5128,304.37134,467.8301,311.70798,278.34738,254.08102,281.2426,247.75397,218.79446,278.19992,220.68576,283.467,133.22537,254.06079,138.77344,271.06802
466.88953,272.5612,0.0,0.0,470.13037,265.83966,0.0,0.0,455.66223,245.57947,414.5494,246.6344,418.8635,251.06958,410.29996,292.18393,434.1962,322.25952,452.55313,302.96817,471.43817,316.73132,287.24484,261.07202,289.18408,253.24142,214.60551,280.98737,215.42267,282.71295,126.33116,258.39316,134.75533,270.85248
471.02362,271.9774,0.0,0.0,473.88452,265.02017,0.0,0.0,459.12665,244.80792,413.7323,244.03607,419.98264,250.46967,408.4826,295.0553,431.32034,326.35617,450.8987,304.01,468.9229,311.47076,277.00647,255.53064,279.7688,249.0499,217.7367,279.09302,218.98833,284.28625,131.34521,253.6373,137.12164,270.9792
470.02673,271.73624,0.0,0.0,473.72192,264.8997,0.0,0.0,460.76874,244.85858,413.9007,244.91504,420.79895,250.2402,408.12354,295.09836,430.22583,324.76968,449.6938,305.48514,467.95367,312.16235,275.05145,255.81625,278.32797,248.54556,213.56113,278.3299,214.58331,282.55252,127.45346,253.48203,132.67992,269.94528
471.34995,271.31625,0.0,0.0,474.32288,264.96426,0.0,0.0,460.66818,246.74664,417.21793,246.57617,420.96237,252.33734,411.97736,296.88474,429.4325,324.9698,450.74252,305.66968,467.58838,310.36057,280.4563,256.00104,281.9756,249.16342,218.30196,276.36636,220.07507,281.0445,134.55577,255.25595,139.44873,271.1053
471.68588,270.8511,0.0,0.0,474.81595,264.42856,0.0,0.0,460.88654,246.47687,416.48767,247.22888,420.15637,252.88983,410.65506,296.4155,429.55548,325.16678,450.9115,305.14935,467.14175,310.60443,277.30823,256.6228,278.71985,249.54068,213.8554,280.9249,215.10443,285.15723,130.90562,258.58792,135.85326,274.29166
472.35455,267.60468,0.0,0.0,475.35727,262.00772,0.0,0.0,463.1967,247.2113,422.04517,249.47025,426.84195,254.71796,417.92722,300.4427,428.14145,324.76788,451.088,305.9762,463.4336,307.7417,290.9145,260.8585,292.52362,254.71832,224.25723,275.054,229.77399,285.20068,134.95317,251.85666,142.5812,274.02502
472.0054,267.5375,0.0,0.0,475.30032,262.08945,0.0,0.0,463.7923,247.25327,421.57986,248.68765,428.21906,254.80966,417.55762,298.64026,428.39948,324.40826,450.42377,305.7517,462.73047,307.7015,292.41202,259.97308,295.0876,254.3682,224.8858,274.237,230.63907,286.0758,135.3986,248.84448,142.90549,273.34464
473.81598,267.1206,0.0,0.0,477.11862,261.75394,0.0,0.0,464.96628,247.29898,421.98712,249.36646,428.2068,255.01105,418.65417,300.33157,428.94098,324.43314,451.40234,306.9228,464.20947,307.39505,290.45792,261.06912,292.86472,255.11914,219.9076,273.0964,226.06238,284.62573,133.2945,248.21722,140.37521,271.93466
474.44592,270.8971,0.0,0.0,477.22375,266.131,0.0,0.0,465.16553,252.08292,424.20245,249.2125,428.8593,258.34836,419.89917,294.76538,428.28275,325.7838,451.96948,304.89438,461.88907,309.0224,291.85672,260.11505,293.38153,255.0791,220.063,277.1162,226.26343,288.4382,127.722885,251.16849,135.09988,272.71713
472.61594,271.1916,0.0,0.0,475.88934,266.00787,0.0,0.0,464.191,250.81332,422.10016,248.48755,426.97662,256.96582,419.23315,295.3477,429.41937,326.5771,452.14044,305.10364,463.83566,308.8386,288.23257,258.9389,289.66214,253.83664,221.4054,278.88983,226.71936,290.13327,130.54655,251.60507,138.41211,274.0321
471.66705,272.54126,0.0,0.0,474.9556,267.02676,0.0,0.0,463.3054,251.0924,422.8199,249.76715,425.86133,257.0699,419.2369,296.70227,429.92114,326.86462,453.25705,305.60724,465.498,308.02243,286.42938,260.15936,286.59622,254.17404,216.91878,276.80716,220.27087,286.37106,125.2159,249.23322,132.95444,270.0433
470.19852,273.57123,0.0,0.0,473.2408,267.586,0.0,0.0,461.01385,251.42578,424.45862,253.13852,423.97534,257.58597,421.61197,299.7697,430.96307,326.1554,455.2028,306.7275,467.64178,308.45166,288.6278,261.03513,286.53082,253.78714,218.57086,277.01535,219.6577,284.3762,126.87546,250.75912,135.18196,269.8971
469.79962,273.6123,0.0,0.0,473.1786,267.84213,0.0,0.0,461.78156,252.01062,422.45374,252.4151,424.2754,258.1214,420.06433,297.3993,429.8233,325.71936,453.62265,306.58658,465.83865,310.12146,283.47876,260.58807,282.92932,253.82413,214.87273,274.04904,217.06473,282.47546,124.29918,250.62967,131.68074,270.68585
470.00946,273.75085,0.0,0.0,472.9322,268.14365,0.0,0.0,460.93555,252.7543,423.51834,252.85986,423.88348,259.23813,421.70398,297.64307,430.62543,326.82266,455.69315,306.06427,467.14392,309.72632,285.84113,261.63608,284.34808,255.0951,215.02312,276.66238,217.0265,284.79047,125.668976,251.94879,133.34084,270.96027
470.08804,274.18546,0.0,0.0,472.74274,268.53873,0.0,0.0,460.48096,252.89694,424.0339,252.9552,424.69537,259.01297,422.0445,298.91022,431.12445,326.98547,455.67883,306.07135,467.5549,308.8419,291.14117,261.03094,289.86957,254.82208,223.50908,277.87558,226.23044,286.76398,132.00731,251.51282,140.66273,271.9619
470.5736,273.64072,0.0,0.0,473.32788,267.9958,0.0,0.0,461.2781,252.19159,423.44995,251.60547,425.28665,258.5534,420.47812,298.00195,431.13254,327.8944,455.3236,305.07703,467.31165,308.16833,289.8931,260.99954,289.33075,255.0553,222.27402,278.81055,225.3702,287.8035,129.8448,251.84885,138.34998,272.11746
469.89587,274.10556,0.0,0.0,472.77533,268.52545,0.0,0.0,461.37,252.16794,422.3698,249.82535,425.38058,258.06723,419.19562,295.72482,430.73648,327.84415,455.30188,303.95236,466.77756,307.52844,286.8879,261.1969,287.03906,255.64151,218.82353,278.41437,222.3696,287.77368,127.351685,251.25055,135.41426,271.37424
470.61322,273.1712,0.0,0.0,473.43292,267.955,0.0,0.0,461.80472,252.33783,423.04773,249.30594,424.7486,258.22543,419.90805,293.9059,431.08112,327.07336,455.46014,303.7695,466.85333,308.03772,285.71494,259.7544,285.16083,254.14465,214.80057,279.60928,218.19662,288.07013,124.59511,253.35391,132.08731,271.4472
468.8347,274.5622,0.0,0.0,471.82022,269.54913,0.0,0.0,461.7362,253.30627,422.7162,247.56702,426.235,257.43625,418.67798,291.93405,429.80133,325.93005,454.489,305.2225,465.5043,309.964,287.59497,257.42847,288.26248,252.43405,219.4603,279.7151,223.87892,289.44687,127.00334,251.66153,134.18642,271.17007
468.87042,272.0161,0.0,0.0,471.00977,267.03156,0.0,0.0,459.9609,251.71173,421.2699,245.90558,426.07663,256.42313,417.42877,292.71378,430.01868,326.31985,454.45352,304.1726,467.01218,308.342,286.71622,256.34915,288.1193,251.85901,221.21616,278.8954,227.25244,289.7167,126.967606,250.31213,133.85564,270.66525
471.18918,270.69183,0.0,0.0,473.11163,265.13068,0.0,0.0,459.3225,247.57132,416.48633,238.98398,421.40842,252.71799,411.30234,284.5929,430.13898,326.28003,452.0769,302.28497,468.1537,313.10886,278.22055,250.15903,280.4325,246.66138,219.22736,278.69208,222.92635,287.84122,131.91188,253.81708,136.3639,272.49417
472.67,269.94656,0.0,0.0,474.24252,264.00525,0.0,0.0,458.99487,244.17383,415.15363,234.47533,421.21832,248.76624,409.1106,284.25076,431.52734,326.36584,450.34686,301.58487,469.37354,311.48056,279.17285,250.13956,281.915,247.2666,222.52588,278.4347,226.46538,288.72153,135.67883,252.34534,140.58958,272.79553
471.45227,268.17044,0.0,0.0,472.49127,262.1402,0.0,0.0,457.06,243.02283,414.91162,233.26106,420.74023,248.9722,408.73846,282.58038,432.08087,327.5343,452.7764,298.6952,471.9238,310.1364,278.01044,248.59464,280.49973,246.35074,221.26823,276.29404,225.26129,287.7928,133.37895,250.0026,138.41414,271.79633
470.90076,267.191,0.0,0.0,472.50403,260.88586,0.0,0.0,457.8203,241.40192,413.97882,233.3334,421.10193,247.9773,407.49976,283.24408,431.80988,327.10855,451.95123,299.74777,471.428,310.16095,276.10013,250.20956,279.29855,247.40054,218.7788,277.82404,222.45401,288.82355,130.51202,250.87311,136.09361,272.76273
470.56415,267.62122,0.0,0.0,472.1996,261.52533,0.0,0.0,457.9245,242.19658,414.0842,232.88641,421.19153,248.48407,407.1378,282.2282,431.82095,327.26212,451.41678,299.65115,471.37595,310.16928,276.0777,249.27081,279.32593,246.92303,219.23584,277.10025,223.17691,288.6437,132.5383,251.32748,137.95107,273.6368
470.80667,267.55786,0.0,0.0,472.47452,261.4682,0.0,0.0,458.28955,242.18188,414.07907,232.91739,421.63934,248.49673,406.8541,282.26196,431.8567,327.2324,450.71344,299.8213,470.60437,310.44617,276.49307,249.09512,280.09116,246.71576,219.86337,277.6261,224.01532,288.99313,132.92448,252.0585,138.30417,274.11053
470.54843,268.0096,0.0,0.0,472.22797,261.47278,0.0,0.0,457.3855,241.06125,413.81424,233.36575,420.7311,247.61478,406.6368,283.62274,432.8935,327.56485,450.53387,298.8529,470.98645,310.30615,278.0511,249.21222,281.15262,246.50235,223.01494,278.09103,225.84879,289.0085,136.51166,251.87436,142.49348,274.6293
471.89212,267.50043,0.0,0.0,473.30835,260.9514,0.0,0.0,457.60333,240.89035,415.16455,234.27898,420.58063,247.60037,408.30344,285.2695,433.41614,327.25293,450.56274,299.5901,470.85364,309.9309,280.09543,249.67554,282.27307,246.55112,224.50955,277.2995,226.84386,287.2726,137.8457,251.53442,143.68944,272.99228
471.72357,267.391,0.0,0.0,473.20456,260.88086,0.0,0.0,457.4416,241.26358,414.8188,235.00928,420.04163,248.26776,408.62988,285.77682,432.8207,327.43985,451.2041,299.78516,470.81573,309.44794,279.44156,249.98755,281.5099,246.88708,223.91006,277.16776,226.33528,287.31552,138.10507,252.3346,143.96494,273.9981
471.327,267.82996,0.0,0.0,473.20184,261.74792,0.0,0.0,458.83588,242.7072,414.6906,234.27144,421.6261,249.35394,407.98422,282.81104,432.50717,327.484,450.29538,299.44046,470.75867,310.44644,279.52942,248.97092,282.79584,246.50208,223.87587,276.93478,227.27356,287.7216,137.43083,252.51263,143.00346,274.1245
470.4787,267.8524,0.0,0.0,472.5155,261.62122,0.0,0.0,458.44736,242.59637,414.61646,235.33258,421.97815,249.3523,407.81235,283.18286,432.6446,326.66397,450.08426,299.70337,470.81842,310.94443,281.3725,249.14062,284.83868,246.25165,225.60945,277.42575,228.56201,287.71594,137.76715,251.9881,143.61955,273.45877
470.05905,267.43295,0.0,0.0,471.97855,261.24496,0.0,0.0,457.87085,242.48018,414.85086,235.38808,421.18658,249.22778,408.0152,283.509,432.3643,326.4655,450.20215,300.61826,470.89612,311.1697,280.52094,249.72058,283.33694,246.54404,222.78015,277.40106,225.48587,286.79764,135.65999,252.58636,141.29803,272.4366
471.6244,266.50952,0.0,0.0,472.96378,260.1413,0.0,0.0,457.43307,241.62054,416.35727,236.08562,420.95425,248.60199,409.3037,284.86456,432.34564,325.44275,449.82175,300.56354,470.46185,311.86545,282.6968,249.91891,284.39084,246.2091,223.87701,277.442,226.30084,286.08212,136.09572,252.31659,141.73976,271.28732
472.28778,266.35532,0.0,0.0,473.43872,260.1462,0.0,0.0,457.82336,242.32538,416.6867,236.3398,421.69888,249.45987,409.9174,284.91757,431.9925,325.95395,449.7914,300.39197,470.0407,311.9557,282.76605,249.9602,284.73834,246.50143,223.82092,276.89743,227.10641,286.1436,135.2748,251.8258,140.79243,271.03824
471.94034,266.8781,0.0,0.0,473.36243,260.66574,0.0,0.0,458.0691,242.4414,417.05603,236.49387,421.3565,248.99911,410.23935,285.08792,431.6527,325.26163,448.65784,301.43518,468.61047,313.19287,283.08374,248.35352,284.71478,244.67316,223.76442,276.0921,226.42639,285.1971,136.79613,252.47571,142.09433,272.11133
471.4961,267.79517,0.0,0.0,473.19867,261.80893,0.0,0.0,458.6455,243.47598,417.01773,236.05887,421.46375,249.60025,410.36462,283.69006,431.2933,325.56476,448.73096,301.44232,467.8858,313.0585,282.2406,247.75107,284.07477,244.4581,222.98215,275.3515,225.68054,284.95483,136.94464,252.38995,142.0433,272.41678
472.26276,267.7862,0.0,0.0,473.94913,261.93707,0.0,0.0,459.43484,244.13159,417.7626,236.69617,422.1387,250.25739,410.8283,283.6729,431.10043,325.22928,448.43484,301.60107,467.26437,313.3284,282.76837,247.9107,284.63742,244.54788,222.70886,274.9115,225.7431,284.3113,136.9253,252.9892,141.81529,272.47302
471.02176,268.0378,0.0,0.0,472.9223,262.13138,0.0,0.0,459.0882,244.58813,418.19272,238.56348,422.26395,251.22815,411.72363,284.7483,431.74182,325.6188,450.27423,301.26578,468.65347,312.28033,283.66415,250.29047,285.333,246.20438,220.65656,276.81494,223.12317,284.67862,133.12245,254.70422,138.40034,272.16867
470.8073,267.84738,0.0,0.0,473.12756,261.466,0.0,0.0,459.10373,243.02573,416.49658,239.4192,421.96106,250.06549,410.37686,286.8758,432.46484,325.4293,450.51074,301.07587,469.91394,311.7508,282.51538,251.87247,284.85013,247.02475,220.55034,278.02588,222.34511,285.07773,132.61247,253.5788,138.37877,271.22073
471.37195,267.34763,0.0,0.0,473.45422,260.90524,0.0,0.0,458.85718,242.79785,417.1106,240.00743,421.8995,250.11902,410.8354,287.5049,432.40723,325.05386,450.39038,301.10028,469.7999,312.28915,283.8567,251.49118,285.7447,246.55313,222.3663,277.43726,223.99458,284.49713,134.63313,253.40894,140.42696,271.328
471.30847,267.52026,0.0,0.0,473.34686,261.05267,0.0,0.0,458.78195,242.75833,417.57785,240.26799,421.87067,249.7648,411.1918,288.29407,432.18567,324.6797,450.05432,301.55603,469.39966,312.74994,284.72742,251.46332,286.34143,246.32553,223.91124,278.41318,225.48218,285.2271,135.84918,254.11359,141.60806,271.9418
471.165,267.6955,0.0,0.0,473.12225,261.4219,0.0,0.0,458.7121,243.00935,416.78882,238.42896,422.05206,249.5849,410.13245,286.46423,432.0293,324.90533,449.50696,301.4328,469.10312,312.8977,284.08353,249.8876,286.34872,245.65546,225.18747,276.82034,227.5351,285.0769,138.47974,252.87436,143.96368,272.09076
470.9787,268.76608,0.0,0.0,473.18323,262.6698,0.0,0.0,459.1305,243.8562,415.55807,237.72552,422.00824,249.79172,409.01068,286.1618,431.7895,325.75507,449.00366,301.89432,469.0011,313.228,282.6145,250.18808,285.66177,246.32288,223.81818,276.2829,226.64322,284.94745,137.80339,251.64642,143.03441,271.0138
470.92767,268.64218,0.0,0.0,473.24103,262.36688,0.0,0.0,459.00238,243.26677,414.57364,237.89636,421.65485,249.48141,408.19186,286.8876,431.89447,326.04395,449.21887,301.85123,469.48557,312.75504,280.96802,251.07129,284.34106,246.9455,222.21481,276.90793,224.91086,285.25754,135.64825,251.42126,140.97264,270.61517
471.94037,267.5852,0.0,0.0,473.97366,261.13525,0.0,0.0,459.11,242.4777,415.66742,238.30362,422.06396,249.65881,409.00836,287.2754,432.6207,326.47934,449.7445,300.83606,470.18005,312.35376,282.80347,251.02512,285.69412,246.8659,225.18842,276.82278,227.47736,284.87384,138.05751,251.82776,143.5689,270.73422
470.42206,268.5211,0.0,0.0,472.47745,261.5893,0.0,0.0,457.24173,241.27223,413.40326,238.18909,420.85886,248.05756,407.19083,289.50555,433.48438,326.8229,449.52783,300.5181,470.96234,311.4337,281.58612,252.38858,284.9627,247.78888,225.72176,278.0734,227.6314,286.01984,137.45384,251.07172,143.58398,271.1444
471.26926,267.74347,0.0,0.0,473.1074,260.74393,0.0,0.0,457.1978,241.06007,413.80057,238.53857,420.89288,248.58337,407.6714,289.1779,433.47595,326.9293,449.92148,299.97415,471.35718,311.20123,282.17242,252.31946,285.25558,247.80136,226.3681,278.4193,228.23538,286.45016,137.42482,251.34299,143.6863,271.30844
471.47113,267.33542,0.0,0.0,472.8518,260.1398,0.0,0.0,455.9352,240.65904,414.992,239.34055,419.98523,248.67526,409.20627,290.4287,433.9988,326.96887,450.60263,300.1026,471.7573,310.61264,284.18784,252.50827,285.8811,247.74771,227.21275,277.82275,228.34521,285.47522,138.79417,251.07028,145.37013,270.6615
471.4806,267.84186,0.0,0.0,472.93228,261.2362,0.0,0.0,457.04645,242.44444,415.12283,238.34799,421.19977,249.76465,408.66412,287.8623,432.96475,326.839,449.4021,300.6924,469.44138,311.44827,283.36768,251.22046,285.9811,247.18585,226.11523,277.40176,228.62329,285.8247,138.3426,252.40018,144.31139,271.789
470.346,268.0806,0.0,0.0,472.19083,261.39026,0.0,0.0,456.96594,242.66107,414.70026,239.84323,420.90588,250.17865,408.52527,289.11487,432.48444,326.66644,449.925,300.97433,469.4826,310.408,282.84732,251.78265,285.52438,247.27753,225.5994,277.57272,227.58734,285.53577,137.52977,252.31482,143.70111,271.80017
469.94806,268.0823,0.0,0.0,471.7756,261.46173,0.0,0.0,456.7725,242.86319,414.0812,239.616,420.93512,250.37637,408.6533,289.0054,432.67392,326.93698,450.0779,301.94,468.964,310.97272,281.48975,251.79865,284.61234,247.44492,224.98639,277.67377,227.44525,285.88495,137.3543,252.35565,143.30685,271.84955
470.344,271.24667,0.0,0.0,472.03888,263.9322,0.0,0.0,458.55353,241.27367,415.7827,234.94342,421.01053,246.75345,408.3012,287.08496,433.22415,329.4427,451.7072,304.9673,468.70016,313.43573,276.25687,249.65326,279.47803,244.73181,228.06699,284.20938,231.3143,284.7367,154.54065,273.75623,159.93405,280.11942
471.99353,270.20227,0.0,0.0,473.4455,263.13852,0.0,0.0,459.7754,241.27515,417.23462,234.22636,422.31525,247.12238,409.51932,285.91895,433.34268,329.50348,452.68802,304.0715,469.27826,313.13828,277.4558,249.36533,280.65622,244.77747,227.0438,284.2639,231.12402,285.17462,153.49762,275.075,158.51239,281.02527
471.82,270.33942,0.0,0.0,473.17206,263.27545,0.0,0.0,459.37607,241.58533,417.61807,234.92162,422.04828,247.44153,410.3501,286.75198,433.39572,329.3792,453.79874,304.629,469.97482,313.09982,278.447,250.04605,281.23315,245.38971,227.98059,282.88525,231.94528,283.73203,154.54321,273.8643,159.56448,279.66714
471.41675,270.54562,0.0,0.0,472.87888,263.54276,0.0,0.0,459.27267,241.62613,416.92545,234.32825,421.76398,247.28183,410.0476,286.11667,433.4342,329.43164,453.88168,304.4945,470.01868,312.71573,277.24683,249.54886,280.3191,245.06424,227.1786,283.33688,231.28546,284.44995,154.13525,274.2914,159.10672,280.39963
471.58603,270.41492,0.0,0.0,473.06738,263.35522,0.0,0.0,459.4948,241.57205,417.4956,235.2645,421.8759,247.35513,410.35626,287.23352,433.41223,329.21863,453.68988,304.63187,469.96802,312.84058,277.62424,250.67902,280.40054,245.73615,226.86246,283.43192,230.67276,283.79324,153.125,274.5279,158.0973,279.88397
471.8916,270.35486,0.0,0.0,473.34937,263.36353,0.0,0.0,459.8852,241.74261,417.56683,235.02231,422.4458,247.52176,410.33514,286.89923,433.1716,329.2158,453.6031,304.9459,469.7689,313.03293,277.81348,250.79028,280.94485,246.01721,226.90765,282.4519,231.22853,283.01184,153.49277,274.2334,158.30357,279.40295
472.07224,271.02243,0.0,0.0,473.49088,264.2123,0.0,0.0,460.37466,242.24173,417.4103,233.38153,422.91772,247.51941,409.1583,284.87497,432.7929,329.3842,452.58057,304.72556,469.78522,312.82532,276.55304,251.29156,280.10358,247.10516,225.49843,282.4801,230.44016,283.68176,151.75159,273.32965,156.4067,278.53845
471.88904,270.906,0.0,0.0,473.59943,263.97794,0.0,0.0,460.63123,241.89377,417.65924,233.8204,422.8535,247.45578,409.16983,284.63406,432.62442,329.20804,451.97266,304.95425,469.13297,313.41312,277.81442,250.73282,281.133,246.39737,227.30713,281.64557,231.28763,282.6878,153.19325,272.47723,158.19168,278.14706
472.56696,268.19107,0.0,0.0,473.77713,262.1701,0.0,0.0,458.26035,244.35574,415.9867,238.08482,422.98907,251.13895,409.9002,287.56836,431.86777,326.74356,450.09705,301.6848,469.05533,310.3894,284.5375,252.4972,287.87903,249.2023,224.92188,274.3281,229.6657,284.51294,137.12843,250.61365,142.46057,270.8111
472.62668,268.0246,0.0,0.0,473.81473,262.01913,0.0,0.0,458.26953,244.3483,416.1931,238.16118,423.0036,251.28766,409.98404,287.40836,431.9203,326.8411,449.91714,301.18002,469.02197,310.42953,284.76016,252.35434,287.974,249.0816,224.84595,274.31546,229.50992,284.53705,137.18283,250.63773,142.53348,270.917
472.40997,270.63284,0.0,0.0,473.96356,263.21967,0.0,0.0,459.79056,240.415,418.2249,234.05382,420.46344,246.66034,409.7649,285.982,431.61484,330.18237,453.61948,304.42545,468.46722,311.65366,276.75644,250.46735,278.1847,245.57117,225.97528,281.91666,227.47305,281.6158,150.79942,272.84778,156.00604,277.49823
471.97223,271.06885,0.0,0.0,473.477,263.50183,0.0,0.0,459.06085,240.32698,417.2545,234.24997,420.0126,246.41461,409.28918,286.79352,431.82874,330.23822,453.22083,304.91803,467.90665,311.56854,275.8481,250.60852,277.5622,245.5646,225.60281,282.35468,227.13696,282.01807,150.42905,272.71182,155.69557,277.5268
472.318,270.7806,0.0,0.0,473.83093,263.17648,0.0,0.0,459.27682,240.26675,417.70615,235.13971,419.93732,246.47693,410.1255,288.2806,431.72137,330.04395,453.89706,305.29932,467.85736,310.72678,276.1103,250.80762,277.4964,245.43237,225.60614,281.7774,226.89594,281.07278,150.48032,272.6891,155.65997,277.25107
472.4364,270.87466,0.0,0.0,473.95,263.23376,0.0,0.0,459.36084,240.15652,417.81702,235.16339,419.87894,246.29669,410.22446,288.54224,431.54004,329.9946,453.93307,305.33624,467.8419,310.68152,275.9635,251.3265,277.24298,245.8294,225.25645,282.28204,226.48346,281.3803,149.79185,272.78625,154.97678,277.09464
468.13806,268.0845,0.0,0.0,470.15228,261.42685,0.0,0.0,454.2047,241.96407,416.97406,242.61275,418.87524,249.1966,414.2627,291.17615,432.98038,323.5169,455.4477,300.03964,467.4137,312.60822,291.31094,259.63385,291.71783,253.06415,219.26233,275.99313,220.65924,280.3653,130.59694,251.10608,139.52112,266.15933
472.43262,270.71967,0.0,0.0,473.87677,263.17642,0.0,0.0,459.47473,240.34142,417.96265,234.97244,420.28052,246.555,410.54715,288.726,432.15225,330.69498,454.2677,305.04785,468.1975,310.63492,275.83368,250.83286,277.31064,245.48483,224.6794,283.13458,226.4031,282.43375,149.749,274.54868,154.87395,278.9238
468.12872,268.08344,0.0,0.0,470.0997,261.65997,0.0,0.0,454.63943,242.03072,417.4936,239.91406,419.45206,249.12506,414.53268,287.00964,433.37204,323.8072,455.56317,299.71683,467.16614,312.77264,290.63242,257.42538,291.11505,251.85641,217.89343,275.71176,219.36546,281.49908,129.67433,250.9064,138.36163,267.01074
468.4472,268.09744,0.0,0.0,470.31857,261.84967,0.0,0.0,454.89758,242.45929,417.86218,239.53516,419.74765,249.31448,415.05344,286.62753,433.16022,323.80664,455.57788,299.82523,466.53925,312.67227,291.2112,256.91867,291.72754,251.62692,218.58209,275.32797,220.45824,281.48557,130.9924,251.27902,139.46649,267.4879
467.60242,268.76123,0.0,0.0,469.43738,262.5341,0.0,0.0,454.23914,243.41165,417.6092,240.53236,419.73416,250.30511,415.0965,286.81842,433.72723,324.30432,455.91833,298.88977,467.76837,312.4024,291.70392,256.83398,292.36707,251.54318,219.74632,274.95807,221.60056,281.09283,131.16792,251.44653,139.57877,267.70618
467.1264,269.65097,0.0,0.0,469.3309,263.4287,0.0,0.0,454.83777,244.04962,417.5638,241.15771,419.75085,250.50067,413.98553,286.94208,432.9812,324.1617,454.96887,298.57028,467.77454,312.2067,291.03784,256.82178,291.70392,251.28217,219.4205,276.4959,221.11325,282.05075,130.51782,251.90466,139.01341,267.59845
463.9392,271.37674,0.0,0.0,467.1634,265.33038,0.0,0.0,454.87012,246.14136,416.5435,243.65309,419.4894,251.85217,412.4294,286.78403,432.26746,323.2082,453.47223,299.90204,467.30444,314.14908,289.56393,256.4735,290.78076,250.23715,217.93732,277.3504,218.6769,281.60394,130.19199,252.53693,138.58669,267.1168
462.0282,272.75812,0.0,0.0,465.90076,266.80618,0.0,0.0,455.22568,247.75397,417.3075,246.83951,419.8266,252.93777,413.6256,290.10898,431.95636,323.05655,454.51556,300.9124,467.9715,314.50027,290.95963,257.72092,292.08258,250.56201,218.81656,277.26767,218.99388,280.33875,131.66245,252.44876,139.95422,266.41537
463.6454,275.26245,0.0,0.0,467.91833,269.32748,0.0,0.0,457.43692,249.80884,417.77704,247.89008,421.24805,254.46573,412.6914,289.05972,432.50388,323.4545,454.09827,299.1369,467.59692,312.47272,290.5346,256.8792,292.21484,249.8952,218.40659,276.76825,218.58862,280.14572,131.79475,252.04535,140.34746,266.72205
460.5772,275.6821,0.0,0.0,465.27795,269.87238,0.0,0.0,456.1465,250.29022,416.16806,248.03107,420.6129,254.45367,411.73914,288.459,432.41122,322.6365,452.78094,301.3693,468.33524,314.56143,289.64474,256.60938,291.97076,249.5752,218.16193,276.67795,218.30212,279.997,132.32614,252.45657,140.64342,266.9812
460.43683,275.00345,0.0,0.0,465.3388,268.96313,0.0,0.0,455.91858,249.06409,415.74158,248.62991,419.8706,253.58325,411.39966,290.68658,432.32904,322.54807,453.724,302.2107,470.54993,315.2743,289.87015,257.5093,291.89072,250.07077,218.74335,276.51154,218.55255,279.5955,133.19691,251.36502,141.90916,266.42722
460.4405,274.89166,0.0,0.0,465.4049,268.73517,0.0,0.0,455.98932,248.60394,415.838,249.04355,419.8451,253.07733,411.53186,291.8996,432.50235,322.13892,453.8711,302.76373,471.23056,315.17526,289.46808,257.74182,291.42215,249.90921,218.18991,276.55994,217.8168,279.34903,132.2296,250.60614,140.87056,265.71762
459.62305,274.81387,0.0,0.0,464.74286,268.97034,0.0,0.0,455.98178,249.0958,415.8816,247.64331,419.30817,253.22672,410.8371,287.64722,431.17908,320.53098,451.52783,303.45126,469.28265,316.98724,288.1493,257.026,289.75742,249.64749,216.36853,276.53424,215.5403,279.33676,132.09337,251.30225,140.15147,265.49463
459.15985,275.11746,0.0,0.0,464.43817,269.06958,0.0,0.0,455.79742,248.4827,415.79138,247.54611,418.96024,252.38818,410.8898,288.59012,431.1059,320.48636,450.64972,304.15454,468.97656,317.3982,288.3132,256.68796,289.7661,249.05264,217.51974,276.45364,216.07213,279.1359,132.76904,250.99658,140.90622,265.7778
459.12915,275.675,0.0,0.0,464.26495,269.8246,0.0,0.0,455.86057,249.20209,416.03622,246.38708,419.3275,252.6731,410.72427,287.06644,430.9962,320.80527,449.3917,304.13492,467.68982,316.83508,287.82315,255.79941,289.43536,248.6781,216.6104,276.2917,215.62076,279.72345,132.0259,251.48315,139.99992,266.58496
458.71002,275.43683,0.0,0.0,463.76,269.69757,0.0,0.0,455.3863,249.5152,415.62494,246.60175,419.0987,253.11679,410.75162,286.81808,431.03662,320.73773,450.06396,304.119,468.5025,316.77408,287.78568,256.02484,289.496,249.0184,216.73138,276.31046,216.05295,279.74426,132.15678,251.65695,140.0514,266.42783
458.54156,275.6841,0.0,0.0,463.62915,269.7523,0.0,0.0,454.89163,249.37625,414.9351,247.7666,418.66583,253.00763,410.36194,288.4786,431.30383,320.66324,450.79797,303.70267,469.66956,316.73654,288.30756,256.50668,290.07996,249.11484,217.8161,276.49078,217.04324,279.50055,133.01366,250.97769,141.21727,265.81406
459.02972,277.03934,0.0,0.0,463.90826,271.32867,0.0,0.0,454.9416,251.03485,415.35812,247.79684,418.9939,253.93921,410.63312,286.80432,430.87744,320.3396,451.46155,302.5363,468.54108,316.9039,289.55365,256.21606,291.24655,249.26038,217.8153,276.23676,217.62424,279.95868,133.44429,251.06116,141.84676,266.43106
459.48352,277.54895,0.0,0.0,464.47122,271.6102,0.0,0.0,455.22534,250.7027,415.15436,247.95773,419.05466,253.52817,409.91562,287.23013,430.70386,320.39746,450.53058,301.98898,468.31525,317.02304,289.81085,255.70001,291.63916,248.59445,218.858,276.72104,218.46657,280.50488,133.4561,251.07654,142.0994,267.2117
459.44385,277.4757,0.0,0.0,464.333,271.54175,0.0,0.0,454.92847,250.78589,415.1339,248.04333,418.94016,253.74203,410.16534,287.1028,431.0267,320.59335,451.06708,301.57968,468.95438,316.91913,289.98306,255.68369,291.7489,248.62756,219.1436,276.67365,218.74808,280.43906,133.3817,251.04724,142.05182,267.05673
459.73767,277.2015,0.0,0.0,464.6738,271.06226,0.0,0.0,455.00058,250.20517,415.01794,248.77017,418.9435,253.41223,409.87985,287.67386,431.346,319.8575,450.94043,301.83414,469.54297,317.43085,289.8386,256.25052,291.5854,248.74121,218.92679,277.10727,218.13481,280.3078,132.75987,251.40628,141.47493,267.2011
460.00827,277.45062,0.0,0.0,464.874,271.4758,0.0,0.0,455.2681,250.98727,415.33228,248.96655,419.42505,254.31723,410.6147,287.5267,431.7532,320.64505,452.24506,300.67694,470.42023,316.3672,290.48584,256.594,292.3444,249.43817,219.15543,276.78644,218.92288,280.635,133.30353,251.1676,142.07626,267.4689
460.5904,277.68307,0.0,0.0,465.38953,271.68256,0.0,0.0,455.51474,251.50888,415.70398,250.33566,419.97156,255.16815,411.21643,288.69336,432.25537,321.04178,452.83844,300.40225,470.70456,316.44427,291.9434,257.31915,293.91483,249.98566,220.22118,276.39676,220.05667,280.0492,133.90813,251.18613,142.88016,267.42426
460.23312,277.7615,0.0,0.0,465.0692,271.77405,0.0,0.0,455.35632,251.44177,415.46924,249.89667,419.7024,254.92462,411.21204,288.60754,432.12637,321.19778,453.0368,300.5665,470.81232,316.27032,291.3864,256.89813,293.37692,249.64966,220.40051,276.20312,220.2525,279.8701,134.30133,251.07004,143.10384,267.2073
460.05695,277.8169,0.0,0.0,464.87424,271.7904,0.0,0.0,455.13174,251.37442,415.3947,249.99109,419.52173,254.74371,411.1605,288.87592,432.02118,320.9824,452.63055,300.85342,470.1568,316.3289,291.42783,256.79654,293.359,249.4426,220.63022,276.05768,220.3558,279.5731,134.63115,251.08218,143.46646,267.1702
460.26453,277.7685,0.0,0.0,465.08014,271.6166,0.0,0.0,455.18958,250.9751,415.7359,250.16217,419.53677,254.19455,411.39413,289.65088,431.69116,320.43088,452.21872,301.69336,469.4695,316.96735,291.88333,257.09485,293.63248,249.44775,221.12471,275.8374,220.61691,279.01422,135.00383,250.84708,143.8014,266.7291
459.79504,278.1423,0.0,0.0,464.4881,272.13788,0.0,0.0,454.87363,251.20459,415.62347,248.68936,419.55283,253.77676,411.61725,288.43494,430.97952,320.5243,451.41464,302.20667,468.12445,317.41055,291.51193,256.03577,293.4343,248.80139,221.07452,276.127,221.0214,280.1493,133.6581,251.15302,142.25188,267.7766
459.67603,277.82547,0.0,0.0,464.26678,271.82922,0.0,0.0,454.57544,251.1644,415.87656,248.73654,419.49194,254.08978,411.87485,287.3813,431.45828,320.2967,451.84998,301.72144,468.30005,317.47284,291.24524,256.13742,292.96167,248.90677,220.11493,276.26324,219.74515,280.06595,132.72386,251.3089,141.36798,267.4275
459.818,277.46173,0.0,0.0,464.3465,271.36972,0.0,0.0,454.2435,250.4992,415.62604,248.35172,418.7602,253.5643,411.7661,287.453,431.47943,320.21344,451.895,301.86322,468.14746,317.67673,290.5156,256.05765,291.90424,248.78992,219.58014,276.17004,218.84225,279.7173,133.40378,250.92865,141.99539,266.75592
460.36264,276.86102,0.0,0.0,464.61487,270.6182,0.0,0.0,453.8473,250.27173,416.13214,250.20169,418.67514,253.90982,412.6444,290.35553,431.8687,320.3619,453.61707,301.95328,469.2957,317.31964,291.7661,257.70807,292.71802,249.89584,220.61436,276.2722,219.80884,279.1637,133.7609,250.8966,142.55853,266.34152
459.96326,276.9188,0.0,0.0,464.44345,270.75177,0.0,0.0,454.22913,250.22507,415.49432,249.53796,418.82706,253.5231,411.7969,289.64285,431.58417,320.01953,452.7459,302.2475,468.47845,317.23904,290.51138,257.35104,291.99582,249.61438,219.50429,276.1634,218.96774,279.18576,133.19469,250.84259,141.79811,266.35538
459.93396,276.99408,0.0,0.0,464.45486,270.71536,0.0,0.0,454.03345,249.87988,414.8564,249.25824,418.3275,253.06076,410.8385,289.32098,431.09097,319.62833,451.79007,302.6592,467.50366,317.7185,289.41504,257.37488,290.93576,249.53168,218.93503,276.82794,218.13516,279.53116,132.68459,250.50586,141.2697,265.63913
458.6468,273.18005,0.0,0.0,463.20267,267.4892,0.0,0.0,452.9248,249.05157,417.48026,249.13797,419.7713,253.74783,416.47974,290.0328,432.4503,318.53503,452.0129,303.1217,471.03162,315.18063,296.69348,259.2839,296.49615,252.49216,222.02727,276.27805,222.67383,284.19235,131.24416,246.90936,144.45383,268.8895
458.59793,273.18564,0.0,0.0,463.12982,267.39227,0.0,0.0,452.6738,248.84372,417.77536,249.9046,419.05905,253.40088,416.6683,291.47165,431.9033,318.09155,451.97223,303.4762,470.48975,315.16153,296.55692,259.85254,295.78787,252.51303,221.76938,276.61768,222.15381,283.4068,131.09247,248.09445,144.35507,268.8475
460.0931,276.49152,0.0,0.0,464.62302,270.0999,0.0,0.0,454.1105,249.62619,415.0974,250.79318,418.35382,253.3082,411.7488,292.4034,431.53238,320.51492,453.54413,302.5813,469.3714,316.41788,290.3551,258.7784,291.714,250.46295,220.55502,278.0037,219.90292,279.95816,133.54933,251.32553,142.28128,265.7224
458.5553,273.47205,0.0,0.0,462.93414,267.63855,0.0,0.0,452.29858,248.905,417.74487,249.31201,419.56174,253.37772,416.92163,290.87335,432.45233,318.49097,451.84058,303.30222,470.84192,315.18045,297.7674,258.5908,297.28314,251.62079,223.64587,275.82843,224.1583,283.782,130.96416,246.32446,144.60495,268.88895
459.9909,276.69803,0.0,0.0,464.53693,270.27615,0.0,0.0,454.1704,249.57364,415.24603,250.40616,418.82516,253.26715,412.21808,292.24527,432.2421,321.21204,453.8092,302.33792,470.37653,316.37405,291.00848,257.5048,292.60028,249.38687,222.30211,277.39328,221.62527,279.88712,133.60474,249.97055,142.32094,265.24118
458.71338,274.30963,0.0,0.0,463.22955,268.53842,0.0,0.0,452.86307,249.35037,417.46948,248.55948,419.7524,253.64038,416.54828,289.9834,432.63403,319.79855,450.99512,302.10947,470.71658,314.54712,296.98206,258.89093,296.74872,252.20297,222.64026,277.19373,223.13026,285.25043,128.93024,246.68332,142.18826,268.89044
460.14307,277.21133,0.0,0.0,464.6554,270.8532,0.0,0.0,454.26575,249.91772,415.22662,249.93866,418.64484,253.2807,411.93167,291.76395,431.80936,321.56232,453.14142,302.00726,469.40564,316.42767,290.366,257.46332,291.87823,249.44287,220.86748,278.79947,220.24133,281.37854,131.83783,250.81772,140.45625,265.9622
460.06488,277.25198,0.0,0.0,464.617,270.94153,0.0,0.0,454.32672,249.92993,414.79156,249.3977,418.63147,253.20987,411.49326,291.112,431.86502,321.5803,452.65155,302.0957,469.16376,316.35095,289.85825,257.54022,291.6258,249.72241,220.61954,278.9287,220.11609,281.68118,132.40044,251.28033,140.88332,266.3812
459.95483,277.18378,0.0,0.0,464.56903,270.85025,0.0,0.0,454.34967,249.8115,414.471,249.37842,418.59662,253.12689,411.11942,291.1283,431.88666,321.64282,452.3343,301.9125,469.34656,316.3082,289.407,257.56616,291.34326,249.70111,220.29105,279.09372,219.86214,281.7408,131.91391,251.409,140.41408,266.39368
459.8905,277.06067,0.0,0.0,464.48572,270.77362,0.0,0.0,454.36758,249.96136,414.3666,249.52066,418.78726,253.42813,410.8529,291.06686,431.83853,321.70306,452.35236,301.92014,469.63208,316.1592,289.39893,257.7537,291.5386,249.95932,220.43881,279.1116,220.29529,281.79456,131.98814,251.75958,140.42992,266.58212
460.22766,277.48203,0.0,0.0,464.88837,271.03873,0.0,0.0,454.61615,249.72748,415.0496,249.8677,418.6779,253.03806,411.26108,291.836,431.7304,321.53854,452.69037,301.73868,469.0987,315.75848,289.58096,258.11774,291.2057,249.94952,219.60764,279.1484,218.86478,281.37137,131.11967,250.9466,139.7392,265.66336
460.03555,277.62204,0.0,0.0,464.64594,271.19583,0.0,0.0,454.5158,249.77615,415.05368,249.48013,418.847,252.89667,411.43063,291.62076,431.73047,321.64697,452.5867,301.88037,468.8386,315.875,289.80615,257.7608,291.5787,249.7077,220.4246,279.34076,219.89682,281.74088,131.36237,251.41089,139.93077,266.21664
460.20352,277.55215,0.0,0.0,464.70203,271.10074,0.0,0.0,454.32098,249.69638,415.29214,249.6152,418.58707,252.71985,411.63257,292.15576,431.5998,321.4518,452.88763,302.18787,468.5645,315.98016,289.99606,257.8993,291.47,249.7175,220.17139,279.41,219.58206,281.57,131.47989,251.41653,140.05643,265.88443
460.07233,277.44284,0.0,0.0,464.55597,271.03027,0.0,0.0,454.18573,249.7019,415.43918,249.58942,418.48984,252.76056,411.7229,291.9023,431.50342,321.30945,452.6336,302.1451,468.23053,316.43576,290.37143,258.1081,291.69272,249.95145,220.09973,279.01923,219.358,281.15988,131.87442,251.25897,140.46251,265.66348
460.30157,277.36304,0.0,0.0,464.70056,270.95984,0.0,0.0,453.88364,249.63547,415.09814,249.07898,418.1494,252.896,411.762,291.23395,431.87604,321.69415,452.70898,301.9748,468.39932,316.23392,290.26013,257.63947,291.5265,249.81918,219.61426,278.01044,218.66962,280.78735,132.40077,250.48486,140.90514,265.60413
460.3622,277.81268,0.0,0.0,464.98853,271.241,0.0,0.0,453.9896,249.63382,414.45694,250.41269,417.5654,252.87381,411.1144,293.1546,431.3233,321.60065,452.8474,302.17056,468.62427,315.96646,289.5942,258.52975,290.84213,250.23166,219.31387,279.0904,218.25363,281.32324,132.17802,250.72388,140.99152,265.76724
460.22333,277.6799,0.0,0.0,464.74997,271.11487,0.0,0.0,453.79028,249.42847,414.0511,249.643,417.664,252.74854,411.04736,292.76096,431.8481,322.16907,452.62665,302.32977,468.6286,315.5763,288.82837,258.14755,290.435,250.06296,218.97897,279.43402,218.15158,281.93463,131.46214,251.5842,140.22466,266.71445
460.21466,277.65326,0.0,0.0,464.74237,271.1115,0.0,0.0,453.78235,249.48074,413.99167,249.5083,417.5887,252.8407,411.03265,292.41614,431.89362,322.24747,452.641,302.17606,468.69794,315.46603,288.53513,257.9161,290.1269,249.92474,218.88007,279.2461,218.04193,281.84024,131.56903,251.51877,140.30145,266.6953
461.56976,277.84924,0.0,0.0,465.65118,271.23492,0.0,0.0,453.72992,249.45859,416.09772,249.94617,417.81104,252.13324,412.3517,292.17712,430.0841,319.78705,452.5121,301.3043,467.29718,316.12686,291.5481,259.2074,291.95508,250.64139,219.3974,278.69846,218.6943,280.6458,129.81851,252.35751,138.77869,266.8614
461.5714,277.87744,0.0,0.0,465.72235,271.29675,0.0,0.0,453.82556,249.42023,415.84448,249.67963,417.578,251.9732,412.02267,292.17502,429.95963,319.8738,452.13385,301.7201,466.71704,316.16586,290.83057,259.23172,291.2397,250.67233,218.20743,278.9463,217.35086,280.9042,129.13216,252.50348,138.04716,267.02713
461.81546,278.086,0.0,0.0,465.79614,271.72546,0.0,0.0,453.95367,249.88937,416.074,248.91568,417.8602,252.27423,412.28128,291.32483,430.05698,320.24002,452.10425,302.4181,466.03192,316.71924,290.5948,259.24643,291.14413,251.03229,216.32309,279.26376,215.77661,281.68994,127.3954,253.60266,135.8669,268.11154
461.78583,278.19525,0.0,0.0,466.0578,271.87347,0.0,0.0,454.7428,250.09482,416.39813,249.37115,418.21634,252.35132,412.30237,291.65848,429.62988,319.86395,451.6914,302.7642,465.70926,316.40094,290.52203,259.26398,291.1127,250.8937,216.67148,278.61685,216.01859,280.86447,128.23448,252.9595,136.48157,267.3745
461.87225,278.14746,0.0,0.0,466.06427,271.83066,0.0,0.0,454.5853,250.12485,416.12766,249.16608,418.15857,252.44409,412.12555,291.43637,429.88052,320.054,451.81183,302.4583,466.04492,315.7786,290.16742,259.04074,290.876,250.82104,216.66315,278.17267,216.21469,280.62985,128.27612,252.3729,136.51578,266.85736
461.88226,278.21118,0.0,0.0,466.05084,271.94937,0.0,0.0,454.7163,250.2078,416.22598,248.82147,418.2608,252.456,412.72778,291.2458,430.09015,320.3272,452.69492,302.2367,466.04144,315.28534,289.7255,258.7631,290.49698,250.70663,216.85681,278.09558,216.58018,280.8109,128.59166,252.24329,136.8026,266.9384
461.82812,278.18228,0.0,0.0,465.9508,271.96066,0.0,0.0,454.70587,250.35883,416.1586,248.68607,418.43774,252.53812,412.68893,290.9969,430.15237,320.34146,452.7131,302.04822,466.13007,315.33594,289.51047,258.52966,290.43887,250.53894,216.60782,277.62924,216.55226,280.42984,128.2266,252.293,136.28519,266.96472
461.49475,278.05945,0.0,0.0,465.62985,271.65637,0.0,0.0,454.47443,249.9006,416.12256,249.09424,419.01263,252.4111,412.8468,291.69644,430.97522,320.65106,452.78973,302.08597,466.98138,315.55988,290.7596,258.38574,292.0805,250.17969,218.23184,278.14365,217.96605,280.8811,127.84914,253.33374,136.13281,268.49637
460.88562,278.2743,0.0,0.0,465.12317,271.92087,0.0,0.0,454.25092,249.92758,415.97852,248.71375,418.7518,252.13434,412.69095,291.7199,430.60486,320.71164,452.44284,302.06973,466.80093,315.87347,291.0891,257.67072,292.38617,249.62341,218.8429,278.26065,218.55438,281.52325,128.71191,252.90042,136.98688,268.97855
460.87527,278.37408,0.0,0.0,465.14764,272.03714,0.0,0.0,454.31396,250.00797,416.1328,248.50241,418.68405,252.14426,412.83374,291.34982,430.4957,320.6352,452.47662,301.95865,466.76862,315.60544,290.94992,257.8711,292.0803,249.89758,218.69403,277.60092,218.26727,280.8715,129.24326,252.31561,137.43956,268.2723
461.3305,278.44537,0.0,0.0,465.10583,272.2099,0.0,0.0,453.7223,250.23929,416.727,247.66797,418.5825,252.26419,413.7857,290.96188,430.85107,321.29794,453.19397,301.25647,466.7691,315.04553,291.47772,257.78656,292.21075,250.19278,218.55943,277.61334,218.50928,281.36197,128.92291,252.4169,137.09013,268.45206
461.2932,278.43542,0.0,0.0,465.06833,272.25107,0.0,0.0,453.72382,250.22125,416.79608,247.215,418.5001,252.20358,413.88843,290.39017,430.9805,321.3081,453.11835,301.41666,466.5056,315.06393,291.18716,257.39297,291.84946,249.91998,217.47887,277.2584,217.3493,281.1757,128.54092,252.49353,136.66391,268.64584
460.75082,278.14694,0.0,0.0,464.3905,272.43768,0.0,0.0,453.76556,251.06808,416.97412,245.4638,418.97974,252.9816,414.21182,287.29282,431.1355,321.97183,454.0788,300.58856,466.41302,314.95523,290.82483,256.15808,291.8341,249.67242,216.739,276.03445,217.33664,280.99017,128.8514,252.74594,136.51254,268.97055
460.64297,278.01642,0.0,0.0,464.34628,272.26382,0.0,0.0,453.76965,250.87463,417.03217,245.67722,419.06787,252.72864,414.24802,287.42722,431.00104,321.3036,453.88022,300.79623,466.50296,315.46158,291.46295,256.05698,292.43774,249.50009,217.95978,275.36258,218.43109,280.45877,130.31209,251.54639,137.92976,268.24557
461.12128,277.92834,0.0,0.0,464.7033,272.15546,0.0,0.0,453.90198,250.9766,417.39484,246.07986,419.21646,252.89651,414.61652,287.86047,431.0313,321.21664,454.15564,300.66373,466.63,315.50238,291.72064,256.29248,292.55014,249.64117,218.74136,274.96503,219.28357,279.77612,131.19986,251.58167,138.74414,267.86536
461.0349,277.9982,0.0,0.0,464.6468,272.27997,0.0,0.0,454.0432,251.137,417.3758,245.67722,419.49567,253.02863,414.4651,286.78824,430.88434,321.16498,453.8706,300.5251,466.3247,315.77167,291.73215,256.4731,292.76746,249.95477,218.45442,275.35464,219.07828,280.13327,130.59203,252.30646,137.91997,268.12375
461.21198,277.9904,0.0,0.0,464.63885,272.44,0.0,0.0,453.81158,251.87274,417.42923,245.71893,419.4837,254.00806,414.9353,285.8867,431.35602,321.81082,454.8024,299.3708,467.06,315.47827,292.0104,256.31406,292.9789,250.22736,218.65341,274.8439,219.5925,280.1342,131.10481,252.01761,138.50081,268.01035
461.21643,276.79828,0.0,0.0,465.17047,270.76074,0.0,0.0,454.6148,249.86722,417.09744,248.10767,418.9256,252.43616,413.85626,291.78616,430.2541,321.0788,454.00742,302.82996,466.33746,314.7054,289.80493,257.91614,290.71484,250.02475,216.81117,277.3673,217.06985,280.20074,127.77078,253.07355,135.24757,267.28793
462.90668,275.37015,0.0,0.0,466.76837,269.19272,0.0,0.0,455.25006,248.97351,417.90668,250.16599,418.82068,252.3693,414.4916,294.40463,429.9883,320.26294,455.11203,302.31778,466.91623,314.34256,291.47675,260.00754,291.6905,251.27527,217.7548,277.87125,217.76556,279.24683,128.60683,252.52966,136.42584,265.38852
467.88254,273.7186,0.0,0.0,471.12766,267.36688,0.0,0.0,459.82114,247.89688,421.38486,248.1955,422.0475,251.48016,415.18896,295.66013,427.93872,321.36166,450.80115,305.94748,464.26974,312.32803,287.8556,254.82724,287.6291,246.83148,225.06683,277.75986,224.73691,281.1154,135.35553,253.06198,140.39084,268.62274
465.50546,273.4589,0.0,0.0,468.22687,267.1382,0.0,0.0,454.78723,248.01187,419.21234,250.91626,419.49835,252.26874,415.64456,297.16843,429.13702,320.4476,453.73285,303.09335,463.90918,315.20486,293.64197,260.21103,293.46555,251.28143,221.01959,278.73438,222.07448,280.54706,128.2203,254.73407,136.09998,268.3995
466.37302,270.2325,0.0,0.0,468.73157,263.38968,0.0,0.0,453.65253,244.60306,417.7803,250.61884,418.7586,250.76892,414.39407,298.51117,430.58246,320.29727,453.9474,302.39032,465.5435,314.0206,293.2715,261.4296,293.16803,252.24924,221.42555,278.70374,222.21913,280.59833,128.24727,254.15427,136.9798,268.87228
473.20996,269.6969,0.0,0.0,475.05945,262.75964,0.0,0.0,458.94138,243.85236,419.12057,246.17023,421.32922,250.32071,412.67383,298.61575,429.6849,324.11505,450.8838,304.21353,466.52948,309.1412,287.0663,257.193,287.4276,250.04459,224.43567,278.65173,225.73218,283.96768,135.77467,253.5509,141.49799,271.23105
472.3162,270.35666,0.0,0.0,473.99435,263.391,0.0,0.0,457.63666,244.50748,418.78424,246.80173,421.04236,250.88528,412.51996,299.121,429.9193,324.50192,450.7387,303.85678,466.8895,309.4716,289.34387,256.9764,289.64215,250.05408,227.42654,278.264,228.73044,284.24884,138.24878,252.50821,144.4268,271.32904
472.497,266.55835,0.0,0.0,474.00543,259.95306,0.0,0.0,458.49655,243.34685,422.52197,247.38144,424.49722,251.49307,417.72235,301.34564,429.55945,325.21805,450.93015,303.41858,463.37442,306.85516,294.22348,260.9423,293.64465,254.26965,225.72318,276.84836,228.95654,286.07446,132.11674,249.38544,141.04228,271.3687
471.47525,267.57477,0.0,0.0,473.0785,260.7865,0.0,0.0,457.8319,243.71045,422.47662,248.74774,424.17908,251.52414,417.90356,302.78143,429.9718,324.72766,451.4099,303.65475,463.4433,306.32413,294.27496,261.53296,293.53326,254.28442,226.08746,276.98035,228.87222,285.44824,132.3571,249.27484,141.65953,271.08038
471.38907,267.48495,0.0,0.0,472.9978,260.6494,0.0,0.0,457.6642,243.5862,422.26184,248.85254,423.92786,251.5589,417.55972,302.7751,429.9791,324.72412,451.39572,303.6763,463.6125,306.29153,293.85532,261.5688,293.07724,254.2714,225.42685,276.7101,228.04471,285.00418,132.19499,249.43646,141.41779,271.02667
470.82394,267.57172,0.0,0.0,472.64853,261.0166,0.0,0.0,458.3498,244.28003,421.58276,248.1925,424.7843,252.09659,416.52585,301.08646,429.343,324.78574,451.15814,303.73328,463.28766,306.57233,291.66577,261.42102,291.89377,254.48755,222.59505,275.85706,226.00876,284.81894,128.79399,248.4231,137.26772,270.1397
472.28998,269.25705,0.0,0.0,474.05234,262.0327,0.0,0.0,458.02054,243.41083,418.47375,247.62573,421.3141,250.89804,411.55093,300.05524,430.21756,324.66232,451.28192,303.86075,467.15115,308.59628,285.3614,259.00388,285.9103,251.40479,222.15111,278.89313,223.10078,283.87112,132.40869,252.36716,138.489,270.14355
472.4651,269.39218,0.0,0.0,474.13873,262.0863,0.0,0.0,457.73853,243.19781,418.5008,247.40219,420.9154,250.65973,411.45755,300.2243,430.41315,324.81238,451.35852,303.7586,467.28595,308.3351,285.76108,258.94144,286.028,251.384,222.44867,278.9682,223.16272,283.90625,133.368,252.75574,139.53542,270.55573
470.75113,267.12296,0.0,0.0,472.59906,260.27637,0.0,0.0,458.134,242.98988,421.48987,247.98557,424.65442,250.60101,416.60437,302.42368,429.66437,324.1659,451.82434,304.3681,463.64352,306.32962,292.28293,261.33395,292.52097,253.88715,224.50505,275.73813,227.74243,283.88846,129.44295,248.77606,138.32072,270.06226
470.99786,269.69846,0.0,0.0,473.01825,262.323,0.0,0.0,457.2636,242.84428,416.69458,246.64536,420.36948,249.41486,410.91675,299.9021,430.42465,323.94504,451.51624,304.49564,467.61676,308.3777,283.76346,258.2069,284.8412,250.42654,222.92117,280.05545,224.06534,284.4848,133.16464,253.87836,139.48749,271.09674
467.78076,269.72696,0.0,0.0,470.02493,262.54172,0.0,0.0,454.03745,243.27763,416.71536,249.48474,419.11447,249.74991,413.56067,298.60706,432.45782,320.7664,454.73248,303.026,467.90063,312.92627,291.7609,261.80435,292.46338,252.49115,219.39142,279.7015,220.38898,281.12872,124.2486,255.24606,132.6959,268.9025
467.10742,270.35254,0.0,0.0,469.51324,262.9604,0.0,0.0,453.6631,243.22661,416.24078,249.87936,418.90115,249.6759,413.49237,298.4371,432.6576,320.72754,454.69983,302.3155,467.44434,313.02304,291.55658,262.13995,292.35904,252.64117,220.27748,279.27173,220.79512,280.42587,124.90817,254.85175,133.7269,268.6677
468.86774,267.52322,0.0,0.0,470.5467,260.55734,0.0,0.0,455.92273,243.04715,420.3559,247.5805,423.0667,250.52072,415.9173,300.1653,430.63037,323.2611,451.73108,304.2882,464.073,306.9715,290.96072,259.7755,290.8102,252.3787,223.67004,275.1731,225.86258,282.8838,128.93199,248.85898,137.77983,269.7448
466.88556,270.57083,0.0,0.0,469.17053,264.36713,0.0,0.0,457.2128,246.66437,422.38177,247.0214,424.46375,252.2337,417.91605,295.76544,429.82965,322.74805,451.342,304.16797,462.00052,308.53357,293.36917,257.71118,293.07913,251.1148,225.67444,276.38522,227.68915,284.7818,131.44159,249.27963,139.76016,270.09534
462.3201,274.06766,0.0,0.0,466.20245,267.36282,0.0,0.0,454.494,246.68689,416.04483,249.32098,419.0938,251.11435,413.25528,293.77142,430.98166,320.5979,453.33826,302.16605,465.66418,314.11685,290.62677,259.11295,292.01895,250.19043,219.08597,279.5141,218.63248,281.1019,125.797516,254.56757,133.87852,268.60178
461.59738,274.75742,0.0,0.0,464.75845,268.4914,0.0,0.0,453.215,248.61206,417.25812,248.98077,419.28857,252.49835,414.44476,292.9706,430.6193,321.33966,454.02658,302.04117,464.50037,314.32025,291.7763,257.92078,292.83093,249.62057,219.62167,278.33707,219.9867,280.67252,125.498566,255.80783,133.27576,269.8279
461.47473,276.14398,0.0,0.0,465.54065,269.27396,0.0,0.0,454.5858,247.26733,416.4915,249.19641,419.54968,250.2529,412.88947,293.94168,429.9203,319.56198,452.78888,303.80222,463.93048,315.9866,290.75623,257.8899,292.4163,248.71304,220.34741,279.0327,219.93394,280.68948,126.23714,255.66684,134.1416,270.50342
461.0188,281.64987,0.0,0.0,465.57507,275.8507,0.0,0.0,457.51437,253.3653,421.4236,246.62427,422.25052,253.0979,416.88516,282.1279,426.75772,317.14832,454.52478,300.67557,458.6955,317.92783,291.9291,255.35052,292.59753,247.96948,220.32117,278.81546,219.99431,282.38052,128.45837,256.01538,135.60945,270.9382
0.0,0.0,0.0,0.0,0.0,0.0,0.0,0.0,0.0,0.0,426.55267,249.50916,425.43494,258.2315,425.95465,260.57715,417.5661,296.65152,433.86392,280.7228,423.6315,293.7825,302.01193,256.0224,301.16864,248.50198,226.06465,280.11035,226.19447,284.32275,133.45807,264.3094,142.10397,276.9326
0.0,0.0,0.0,0.0,0.0,0.0,0.0,0.0,0.0,0.0,422.0834,252.14026,422.1559,253.28143,427.44836,251.89087,421.09537,271.66687,429.81885,259.30356,430.50153,259.90863,302.54663,254.81427,301.94003,243.62305,225.67981,280.7601,226.61632,280.29498,132.31303,268.9216,139.95137,276.88123
450.23053,303.70984,0.0,0.0,0.0,0.0,0.0,0.0,0.0,0.0,427.41315,251.22186,421.80994,261.40845,428.9015,251.3252,417.69083,291.28613,429.59985,265.6088,421.05508,281.8994,303.26303,253.60196,299.67575,245.86029,223.11421,280.93344,220.74759,284.04053,133.22707,264.4219,142.0607,275.52798
0.0,0.0,0.0,0.0,0.0,0.0,0.0,0.0,0.0,0.0,425.50934,247.78381,420.43762,262.40002,429.7986,251.42572,417.10684,299.23355,433.4538,272.32974,420.63794,293.00363,302.16068,251.57202,299.16467,245.91089,224.79166,279.4527,222.8313,285.2071,133.95306,262.43286,142.56181,275.33066
0.0,0.0,0.0,0.0,0.0,0.0,0.0,0.0,0.0,0.0,424.5661,245.47906,422.28824,259.8883,434.79785,248.61197,424.0949,294.83115,434.46735,264.86502,424.99094,278.27823,302.1702,250.65756,300.59012,244.46426,225.46457,278.92358,224.75238,284.12543,132.92012,264.4474,140.65213,275.82892
0.0,0.0,0.0,0.0,0.0,0.0,0.0,0.0,0.0,0.0,423.68976,245.44507,420.59427,253.18018,436.08154,248.78003,426.3125,280.53085,433.7706,257.8494,433.99377,262.7522,303.47247,252.12262,300.72537,243.31633,227.34729,277.47806,226.69885,280.41333,132.37251,266.86893,139.4952,277.2713
0.0,0.0,0.0,0.0,0.0,0.0,0.0,0.0,0.0,0.0,423.04837,246.64935,421.53375,257.1503,435.68616,247.8201,424.12552,284.52023,432.45355,256.60873,431.61133,263.1776,304.891,252.67459,303.14764,245.2349,229.27182,278.11026,229.60748,283.95535,132.1197,263.6914,139.45557,277.03915
0.0,0.0,0.0,0.0,0.0,0.0,0.0,0.0,0.0,0.0,423.2181,248.79742,424.44696,262.88007,432.01227,250.38882,422.37857,295.57492,431.69418,266.67624,425.51285,281.5103,305.24286,254.86374,305.2286,249.41037,230.6822,279.4779,232.07967,288.0662,135.50455,259.0268,143.98892,274.84323
0.0,0.0,0.0,0.0,0.0,0.0,0.0,0.0,0.0,0.0,424.3257,249.89337,426.73758,261.89685,431.3371,252.08044,423.63742,292.7973,431.30945,264.55292,427.87885,275.72525,308.13995,256.01303,308.6545,249.8168,231.81842,280.06915,234.14261,288.01993,137.73975,258.57452,146.82576,274.0083
0.0,0.0,0.0,0.0,0.0,0.0,0.0,0.0,0.0,0.0,423.36594,251.4848,427.62433,258.8574,429.494,252.13617,424.2373,283.9373,429.61078,255.86362,432.2501,262.81128,307.2206,258.03107,308.4202,250.21216,233.39825,280.641,237.3404,287.458,137.14708,259.64166,146.47452,275.14185
0.0,0.0,0.0,0.0,0.0,0.0,0.0,0.0,0.0,0.0,426.42307,250.87726,428.41907,262.85052,429.52148,251.87274,422.4176,293.48495,429.9997,264.17682,428.15338,277.74408,308.32193,256.3872,308.45627,250.40787,232.57663,279.89404,234.95526,288.60504,138.86107,257.25668,148.95117,274.45712
0.0,0.0,0.0,0.0,0.0,0.0,0.0,0.0,0.0,0.0,428.9035,254.08957,428.45795,261.98444,430.68652,259.43338,422.14926,292.0032,433.0594,273.0181,428.45782,277.72504,309.23734,258.41132,308.143,250.71878,233.17053,280.07635,234.5567,286.42825,137.8989,259.19525,148.15875,274.70474
0.0,0.0,0.0,0.0,0.0,0.0,0.0,0.0,0.0,0.0,433.22333,252.27762,432.45877,261.51294,429.33044,262.85898,423.72867,298.94885,431.43365,286.20966,430.4726,299.53406,308.51263,260.3586,307.19553,252.99387,228.93015,280.0836,229.08524,285.8435,136.28827,260.05878,146.33461,274.6326
462.98276,277.65833,0.0,0.0,467.53357,271.72177,0.0,0.0,464.49878,247.70276,429.63495,236.37668,429.76135,245.58212,420.20673,267.5592,427.3858,306.96338,440.0074,308.9601,439.47632,316.3981,290.21225,250.16013,291.52628,242.32834,229.0364,278.83032,227.3945,275.74493,155.99725,274.47757,160.33733,277.07825
466.86267,277.88364,0.0,0.0,470.50323,270.0795,0.0,0.0,460.6458,244.33966,421.71585,245.27023,421.61182,246.4064,414.67178,299.89856,433.68622,326.62112,453.4384,310.86395,466.6153,316.24506,283.68384,255.62912,283.76505,245.79712,228.38144,285.2151,225.8071,279.7732,151.9757,271.85388,157.31816,276.07767
469.64886,276.36743,0.0,0.0,472.84592,269.59354,0.0,0.0,462.97995,246.23904,422.1227,241.53879,423.42178,248.40964,414.4887,294.12375,432.58173,327.68268,452.31708,309.2142,465.72885,314.11588,282.2624,251.7445,283.53186,244.15878,227.31467,283.9139,227.90692,280.68695,153.58017,273.9598,157.79749,277.52045
473.49835,272.77737,0.0,0.0,475.3346,265.61078,0.0,0.0,462.231,243.85141,423.00583,241.58957,422.9469,248.50839,413.99084,295.37555,432.17114,328.3261,453.35376,306.9771,465.89102,312.02957,282.5282,252.67566,282.7254,245.25214,228.01096,283.88647,229.14888,280.699,152.72739,274.2168,157.19212,277.17032
474.821,271.7954,0.0,0.0,476.22742,264.73642,0.0,0.0,462.22913,243.81583,422.624,240.63928,423.33298,249.02277,413.34314,294.55484,432.03693,329.18314,453.4692,306.71548,466.27118,312.1038,282.99213,251.81781,283.57452,245.20145,229.23904,282.71484,231.31235,280.64413,154.90591,273.6718,159.13318,277.0759
477.06323,265.67432,0.0,0.0,478.24478,258.70178,0.0,0.0,460.13635,241.56793,420.84036,244.45859,422.44806,251.16437,412.20044,295.93472,431.82513,326.4941,450.453,301.9248,466.9084,309.93958,289.28528,255.90921,289.0843,249.73029,224.23964,277.57712,224.76855,283.56488,136.49774,252.93607,142.28503,270.67862
475.74066,264.8011,0.0,0.0,477.21866,258.3534,0.0,0.0,460.42508,241.69666,419.73157,241.15189,423.19574,251.92633,411.27737,289.8364,432.3446,327.40768,449.90695,300.8954,467.58173,310.64243,288.70782,253.8598,289.78998,249.3613,223.31512,274.75766,224.43372,283.02734,136.80516,252.49011,142.37842,271.9882
475.458,264.45868,0.0,0.0,476.9828,257.9648,0.0,0.0,460.3489,241.23766,419.12195,241.68987,423.05054,251.14618,410.52414,292.3178,431.57642,326.8413,449.06818,303.00125,466.20837,310.81467,287.6107,254.85532,289.04993,249.72302,221.94838,275.8244,223.53644,283.20618,135.35892,253.82404,140.65585,272.31873
475.5096,264.92175,0.0,0.0,477.17444,257.92673,0.0,0.0,459.99713,240.06502,418.5092,242.2593,422.62228,249.91656,409.68414,293.66858,432.0794,326.3647,448.31912,302.97015,465.9909,311.48285,287.62622,255.65088,289.04877,249.77792,222.63268,277.62714,223.34914,283.95218,135.27748,254.49799,141.12764,272.69485
475.23776,265.28925,0.0,0.0,476.78857,258.58636,0.0,0.0,459.67383,241.08067,418.97662,242.16722,422.52835,250.47827,410.9313,293.364,432.14932,326.46317,448.9842,301.69412,466.23383,310.37396,289.71823,255.47098,290.83615,249.99841,224.03098,276.364,225.0998,283.3222,137.97633,254.5458,143.58836,273.15173
475.47473,264.7653,0.0,0.0,476.98682,258.28555,0.0,0.0,460.1571,241.44208,419.32312,241.06871,423.36023,251.45074,411.02902,290.55756,432.21606,327.1743,449.07062,300.9047,466.5136,310.6354,290.82162,253.4432,292.29486,249.02606,226.69513,274.85355,228.09291,283.47186,140.75343,254.18954,146.41368,274.5215
475.7673,264.65744,0.0,0.0,477.22223,258.275,0.0,0.0,460.58484,241.73718,419.82217,241.22128,423.74628,251.77322,411.43805,290.50146,432.08386,327.11563,449.3695,301.17935,466.5281,310.38342,290.2567,254.25229,291.7003,249.7377,225.31535,275.1077,227.031,283.29095,139.08846,254.70981,144.58554,273.9294
475.79224,264.5267,0.0,0.0,477.1103,258.16815,0.0,0.0,460.4645,241.6525,420.36218,241.20486,423.98868,251.35272,411.91138,290.965,431.90417,326.45047,449.31238,301.39578,466.4397,310.35483,291.58923,254.77216,292.85876,250.12122,226.53047,275.2822,228.58417,283.22083,140.11359,255.27802,145.62784,273.9871
475.84235,265.1587,0.0,0.0,476.86298,259.1974,0.0,0.0,460.5085,243.046,420.52753,239.90732,424.67883,251.96924,412.68787,289.39575,431.2002,326.83502,449.71228,301.1717,466.00217,309.98776,291.36346,253.57788,293.12186,249.73547,226.22241,273.08728,229.7761,282.46158,139.00278,253.83136,143.95464,273.19574
474.66122,265.7308,0.0,0.0,475.99734,259.64682,0.0,0.0,460.52737,243.15648,421.01282,241.37889,424.7862,251.83069,412.58984,290.53854,430.777,326.10745,449.65262,301.5041,465.1084,310.89264,292.17172,254.32132,293.79303,249.59137,226.07321,274.52484,228.79471,282.1797,137.97583,254.54602,142.68318,272.2131
468.76883,269.8789,0.0,0.0,471.6459,263.84073,0.0,0.0,459.3838,245.85632,417.52496,242.33353,423.4772,252.90958,409.77908,288.25812,430.893,326.39902,449.35583,301.00497,465.66968,311.5962,289.7654,252.19205,292.66577,247.71216,228.12727,275.71375,229.45395,283.73334,141.53487,254.52869,146.8728,274.34036
469.5001,268.61707,0.0,0.0,472.5924,262.08856,0.0,0.0,459.66074,243.94307,417.08276,243.74344,422.89975,251.74261,409.47357,290.6207,431.03696,325.42307,449.92737,301.88507,466.06415,311.61667,287.8086,252.58136,290.51855,246.84756,225.41592,276.50568,225.69276,282.73465,138.13068,253.89816,143.64522,272.43372
469.86255,270.04767,0.0,0.0,472.54138,263.77917,0.0,0.0,459.16544,244.91934,417.51926,242.08174,422.34375,251.51224,410.38626,290.14453,431.0415,326.27194,449.65405,302.61588,464.94293,311.7285,288.72736,252.03256,290.95514,246.97745,227.49002,277.6918,228.11583,284.56952,140.56311,254.991,145.67366,273.60574
469.59906,270.97302,0.0,0.0,472.2468,264.5318,0.0,0.0,458.6709,244.80664,417.81137,242.61255,421.90613,250.80524,410.37256,291.3158,431.04904,325.5424,449.2829,303.17514,464.36105,312.03574,289.4068,252.95004,291.16916,247.32599,226.79387,278.92264,226.88716,285.0345,139.733,256.039,144.9983,274.2386
469.32523,271.52026,0.0,0.0,472.35864,265.1347,0.0,0.0,459.66296,245.02304,419.0082,242.75708,422.3228,250.31409,411.57727,290.79654,430.76666,324.3617,448.66492,304.11908,463.35333,312.96362,289.91928,252.9581,291.27744,246.90414,226.3417,279.46814,225.8858,284.88766,139.1876,256.90506,144.42033,274.46194
468.38995,271.34006,0.0,0.0,471.7178,264.58984,0.0,0.0,459.00427,243.85405,418.0777,243.25658,421.524,249.68277,410.89734,291.2826,431.08142,324.3916,448.7383,303.27267,464.11777,313.00385,289.43225,253.78735,290.69968,247.30661,226.40063,279.89102,224.88452,284.78717,139.01276,255.88766,144.79501,273.7149
466.98108,273.42926,0.0,0.0,470.2011,267.06512,0.0,0.0,458.34708,246.422,418.20572,243.51883,421.70285,251.24033,410.80817,290.43695,430.98535,324.84326,449.39706,302.72488,464.39722,311.9193,289.98315,253.47083,291.36908,247.62103,227.6383,279.39236,226.82585,285.03964,141.06538,255.77802,146.74518,273.96182
466.67102,273.59357,0.0,0.0,469.80927,267.26978,0.0,0.0,458.05457,246.75293,418.16156,243.64291,421.54736,251.38474,410.87103,290.4447,430.76685,324.60486,449.32205,303.4515,464.27493,312.43033,289.0738,253.16696,290.38687,247.3288,227.31035,279.4549,226.62326,285.16357,141.17995,256.066,146.69215,274.22977
462.66086,273.3948,0.0,0.0,465.9286,267.13974,0.0,0.0,453.664,246.69138,416.67502,245.75778,418.4547,250.88748,411.76843,288.2464,429.9046,320.30902,450.19528,300.11505,464.07062,315.8317,292.9768,256.8959,293.63586,249.49847,221.01453,278.68167,221.00009,281.63974,128.99141,255.67075,137.51152,270.25836
466.7187,273.20163,0.0,0.0,469.6454,266.96616,0.0,0.0,457.49673,246.93073,417.29648,243.5786,421.00156,251.85837,410.5271,291.25488,430.9383,325.84045,450.0283,303.9802,465.10727,312.19244,287.9216,253.04086,289.48364,247.35666,226.29419,280.03238,226.17758,285.68176,139.32332,256.9003,144.71739,274.4553
466.48224,273.10934,0.0,0.0,469.52362,266.74814,0.0,0.0,457.54187,246.3563,417.31705,243.59102,421.04248,251.07028,410.35104,291.09543,430.80624,324.83945,449.4895,304.21494,464.3526,313.13782,287.3473,253.34634,288.90268,247.18372,224.7175,279.667,224.20584,284.62234,137.4442,256.04233,142.75938,273.00073
467.2781,272.82776,0.0,0.0,470.32202,266.35413,0.0,0.0,457.9246,245.76678,417.00726,243.59006,420.91553,250.60019,410.17285,292.01743,430.8821,324.98914,449.4342,304.09122,464.67407,312.9238,286.57877,253.39038,288.23593,247.10126,225.11378,280.71585,224.71024,285.6158,137.62492,256.2787,142.92603,273.4383
468.1113,272.46432,0.0,0.0,471.1336,265.76648,0.0,0.0,458.1292,245.00525,416.89792,243.99565,420.8323,250.06955,410.36044,293.11084,431.09344,324.85107,449.49548,304.166,465.16827,312.9631,286.16208,254.11649,287.73532,247.41025,224.64014,281.44763,224.02155,285.87994,136.2892,255.90326,141.64133,272.71503
468.5104,272.07623,0.0,0.0,471.8163,265.1904,0.0,0.0,458.70093,244.13339,416.97015,244.62878,420.62207,249.21384,410.47034,294.2839,430.79315,323.84946,449.04138,304.65573,465.0667,313.35675,286.51202,253.99219,287.84903,246.86322,226.54254,281.95517,225.36755,286.10617,139.18184,255.58289,144.68564,272.97263
469.52893,270.00247,0.0,0.0,473.2193,262.98376,0.0,0.0,460.40308,242.43243,418.0374,245.19067,421.30392,248.53787,411.69986,294.2626,429.6682,322.1889,449.12195,305.29257,465.1098,313.28543,285.67233,255.01498,286.8367,247.1271,223.45183,281.1972,222.03568,284.62323,134.92241,255.25711,140.43738,271.94458
469.6784,270.00897,0.0,0.0,473.4273,263.3209,0.0,0.0,461.03598,243.4317,418.22974,245.20834,421.591,249.37363,412.20755,294.41083,429.2106,322.70047,449.09467,305.66245,464.87463,312.64023,285.707,254.90402,287.08398,247.30655,223.26996,280.72165,222.59406,284.33047,135.59752,256.19122,140.50682,272.357
470.54233,269.73764,0.0,0.0,473.8266,263.0585,0.0,0.0,460.52542,243.47836,418.0572,244.74948,421.63553,249.5202,411.83224,294.4313,429.24887,323.20526,448.70734,305.444,464.83173,312.81604,286.38925,254.64172,287.85025,247.40707,224.70691,280.19537,224.59444,284.31805,136.34033,256.0296,141.32466,272.45496
470.75912,269.59857,0.0,0.0,474.1184,262.89343,0.0,0.0,460.9264,243.46875,418.39398,244.86957,422.02136,249.87714,411.87564,293.81528,429.47858,323.43704,448.79706,304.97083,464.9005,312.67108,286.90836,254.37918,288.40173,247.20444,225.40576,280.5871,225.02753,284.66016,136.3186,256.48523,141.42642,272.93982
470.29605,270.7324,0.0,0.0,473.4982,263.981,0.0,0.0,460.08575,244.00302,418.72345,244.64511,421.65082,250.06955,411.99286,293.0232,429.42847,323.73407,449.09747,304.25336,464.48734,312.5983,288.7678,254.29684,289.7755,247.44061,227.60219,280.58142,226.70241,285.14697,138.28456,256.18958,143.82535,273.42654
470.4918,270.31372,0.0,0.0,473.8874,263.39056,0.0,0.0,460.4072,243.2758,419.0152,245.7905,421.1141,249.2528,412.18463,295.11774,428.93774,322.5637,448.61792,304.85983,464.1569,312.498,288.41684,254.89667,288.8669,247.2973,228.01448,281.6031,226.60635,285.24564,139.83809,256.6007,145.38158,273.4737
470.16418,270.55978,0.0,0.0,473.58218,263.6414,0.0,0.0,459.97772,243.17014,417.87445,245.06137,420.27713,249.0346,411.8073,295.39786,429.29037,323.48688,448.7287,305.35773,464.40356,312.16446,285.77206,255.28793,286.354,247.85178,225.16331,281.5469,223.92723,285.37292,138.57405,256.14938,144.06082,272.9397
470.24774,270.59738,0.0,0.0,473.52646,263.7716,0.0,0.0,459.93964,243.5244,417.9881,244.93701,420.65607,249.35635,411.62848,295.35257,429.2652,323.68597,448.93652,305.3444,464.8476,311.90558,286.3902,255.33047,287.14362,248.15024,225.80295,280.89783,225.03577,285.1743,138.99477,255.81152,144.47809,272.91577
469.8323,271.1202,0.0,0.0,473.12738,264.3335,0.0,0.0,459.55032,244.27722,417.99973,246.03351,420.19965,249.85672,411.5691,295.75568,428.74963,322.97992,448.84055,305.98773,464.50095,312.58157,286.22433,255.45679,286.67148,248.03357,224.996,281.92462,224.16591,285.9703,138.87506,256.9097,144.43398,273.94104
469.90164,271.25668,0.0,0.0,473.2074,264.6438,0.0,0.0,459.76398,244.7449,417.7599,245.47864,420.27808,250.07404,411.0748,294.81113,428.34113,322.83786,448.53412,306.12717,464.11108,312.56403,285.55722,254.93243,286.26642,247.82007,223.8879,280.8543,223.48158,285.3305,138.60793,256.6025,143.95331,273.7854
470.08664,270.89612,0.0,0.0,473.55695,264.27182,0.0,0.0,460.6456,244.35287,418.7575,245.15277,421.50055,249.87167,412.02914,294.23373,428.56076,322.77063,448.73688,305.85056,464.1284,312.44998,287.76923,254.58298,288.67517,247.51462,225.96713,279.11316,225.28107,283.7258,139.37772,254.98157,144.55153,272.3701
470.2707,270.64062,0.0,0.0,473.6285,264.12378,0.0,0.0,460.72992,244.36469,419.17252,244.75171,421.8656,249.75241,412.22787,294.17914,428.41965,322.55978,448.42105,306.08112,463.71735,313.1599,289.44705,254.29086,290.33603,247.58441,228.37885,278.49945,228.16095,283.7875,143.63577,255.22433,148.86082,273.38736
469.83728,271.31757,0.0,0.0,472.9798,264.7481,0.0,0.0,459.64117,244.83585,418.112,244.75049,421.61987,250.08499,411.9324,294.84604,428.90308,323.49194,448.18726,305.9665,463.63916,313.24625,289.99335,253.64917,291.20776,247.53937,232.28033,278.1592,232.31723,285.20215,147.19519,251.74744,152.95187,272.71652
469.28406,270.9877,0.0,0.0,472.56705,264.4999,0.0,0.0,459.64832,245.15067,418.54263,246.91742,422.1603,250.48022,412.5365,296.99875,428.79807,322.26086,447.87372,306.75034,463.3428,314.13812,291.75552,254.53647,293.05707,247.80801,232.48615,278.40802,232.75327,285.4523,147.43967,251.45938,153.08571,273.30026
468.98822,271.27182,0.0,0.0,472.49118,264.61298,0.0,0.0,459.65405,244.63876,417.97122,247.03091,421.91153,249.73462,412.57434,297.94293,429.1132,322.26257,448.1334,306.50696,463.9773,314.1047,291.80743,255.43723,293.18893,248.4479,233.59094,279.86176,233.56685,286.71628,148.26202,251.6771,154.10516,273.8802
468.14328,273.08832,0.0,0.0,471.41223,266.4087,0.0,0.0,458.31247,245.73303,417.1236,246.1348,420.43665,250.28369,411.5407,296.12466,429.6081,323.67084,448.91583,305.56494,464.85846,312.64987,287.59164,255.15817,288.65543,248.15598,226.80118,278.12823,226.31891,283.86404,138.99521,251.07068,145.09328,270.92084
467.65524,274.93167,0.0,0.0,470.685,268.40836,0.0,0.0,457.13803,246.71579,416.00513,243.02718,419.00827,250.0799,409.9015,291.21503,429.6936,324.07486,448.85678,304.16644,463.95245,313.21307,285.91803,252.8999,286.73047,247.07669,225.668,279.60522,224.70938,285.99503,140.75069,252.48187,146.43388,272.06003
464.28262,276.19827,0.0,0.0,467.35168,269.66574,0.0,0.0,453.07367,247.60422,415.50403,245.5044,416.71564,250.90933,412.13806,289.64792,432.0935,322.23813,451.5522,301.08182,466.61682,316.03168,290.7385,257.3362,290.68088,250.15576,217.71404,278.9116,216.95984,282.47498,128.08609,253.50436,136.94188,269.2006
468.21384,276.6451,0.0,0.0,471.01102,270.32074,0.0,0.0,457.5957,248.05481,416.39105,240.45671,419.6298,251.04816,408.98343,286.80164,430.228,325.71518,450.28702,302.77795,464.41193,312.51843,283.17984,250.38696,284.38452,245.60059,218.66719,275.9086,218.31914,282.91498,136.16003,253.8523,141.4049,272.51407
468.8861,276.9979,0.0,0.0,471.78534,270.67645,0.0,0.0,458.45618,248.2362,417.3141,240.6375,419.73166,250.62708,409.06604,286.8642,429.60663,324.81186,450.19046,303.72998,464.2354,312.9301,282.34048,249.05228,283.1728,243.82098,217.36569,276.54523,216.73245,282.82156,133.14732,255.71255,138.03064,273.6303
468.82913,276.9799,0.0,0.0,471.74478,271.22998,0.0,0.0,459.42493,249.0014,417.55304,237.86829,421.16647,250.56729,408.69006,283.03906,429.16626,324.45752,449.27997,303.5033,462.9186,313.31894,283.01028,248.51508,284.89075,244.12534,215.05385,276.4697,216.26094,283.2082,132.07327,259.89197,136.36223,276.43677
468.43347,276.83408,0.0,0.0,471.37454,270.80453,0.0,0.0,458.64737,248.35306,416.1325,238.86806,420.3672,250.31323,407.8245,285.4203,429.9008,325.07156,449.2653,303.95312,463.736,313.1518,280.8604,249.1543,283.00076,244.25082,213.75766,276.6495,214.61003,282.86526,130.50156,258.77197,134.9052,275.40485
468.97922,276.89682,0.0,0.0,471.7484,270.88568,0.0,0.0,458.43152,248.90646,416.40924,240.04684,419.61133,251.1499,408.5504,286.9731,430.07312,325.695,449.53745,304.1862,464.01294,312.696,279.9286,249.98679,281.35416,244.91074,212.083,276.92004,212.74355,282.88712,130.1656,259.31174,134.63264,275.64835
464.98328,276.76437,0.0,0.0,468.0667,270.87064,0.0,0.0,454.4573,249.26788,416.10687,243.14038,416.695,251.71707,411.5148,284.16306,431.16205,321.44168,451.68427,300.26407,465.296,315.77106,286.90628,256.0435,286.8759,249.61728,210.50632,277.81552,210.9455,280.6388,125.22598,259.26978,132.92065,271.28378
463.51593,277.0421,0.0,0.0,467.3319,270.21396,0.0,0.0,454.71655,247.8071,417.95078,248.22107,418.04697,250.48367,413.08948,290.4643,431.1454,318.5791,453.4876,303.151,464.81992,315.19543,291.1629,259.49387,290.75577,250.18,212.96474,278.17258,211.00536,277.46762,123.737946,258.4603,132.0514,268.5488
463.6831,276.7729,0.0,0.0,467.59125,269.8407,0.0,0.0,455.04837,247.04507,416.5254,246.96118,418.51318,249.97903,411.4001,289.68533,431.74335,319.64545,452.33588,302.3861,465.34558,314.85272,290.29968,258.50967,291.12576,249.53943,214.81177,278.88016,213.34125,278.36005,123.47943,259.33588,131.64166,269.44092
463.99738,277.31186,0.0,0.0,468.02524,270.40958,0.0,0.0,455.81262,247.33807,417.404,246.5409,418.92816,249.86423,411.33136,288.42383,430.7495,319.08316,451.997,302.11057,463.1328,315.31656,291.42264,258.1038,292.01617,249.30817,216.603,279.6142,214.99403,278.92508,127.068634,260.70117,135.37465,270.5124
463.86252,277.79272,0.0,0.0,467.89545,270.93698,0.0,0.0,455.71814,247.70111,418.2232,246.73419,418.48813,249.62125,411.64105,288.19836,429.3995,317.9299,451.8271,302.88864,461.55945,316.05194,292.06995,257.48914,291.95435,248.49542,216.49448,279.90167,214.69264,278.88303,127.88536,261.76212,136.16084,271.2588
462.55984,278.01578,0.0,0.0,466.98892,271.26447,0.0,0.0,455.68896,247.78668,416.74835,246.60086,418.48947,249.61307,410.23642,288.69824,429.84097,318.5996,451.18817,303.1531,463.67172,316.70932,291.36826,258.525,292.1728,249.62881,215.6876,280.44107,214.22299,279.54288,127.69524,261.85992,135.82318,271.44876
463.0788,277.4566,0.0,0.0,467.47937,270.65237,0.0,0.0,456.0321,247.75919,416.86966,247.73187,418.49042,250.06357,410.58017,289.7931,429.7183,318.72696,452.19153,302.8538,463.97504,316.15164,290.12766,258.68335,290.806,249.42462,215.0121,280.26407,213.51266,278.74927,125.94771,259.74747,133.69543,268.53174
464.9328,276.7877,0.0,0.0,469.30743,269.68832,0.0,0.0,456.8902,247.1513,418.02075,249.85095,418.285,250.52792,411.40137,293.40262,430.3973,319.3909,454.05435,303.56442,465.4319,313.73627,288.64142,260.6632,288.33325,250.47153,210.43933,280.18668,207.9655,277.57462,121.40086,259.84055,129.3182,268.11438
464.86514,276.95776,0.0,0.0,469.04755,269.96423,0.0,0.0,456.89667,247.28214,418.39343,248.7276,419.41962,250.19885,411.63657,293.05344,430.82135,319.6746,453.28705,303.51117,465.38226,313.3199,291.00745,260.41144,291.2311,250.68765,213.80974,279.94162,212.29695,278.1764,123.48265,259.59793,131.77498,268.47708
465.4617,276.7386,0.0,0.0,469.4297,269.88626,0.0,0.0,457.4583,247.71222,419.6932,248.51666,420.65424,250.56,412.91415,292.79498,430.62247,319.74265,453.3701,303.9313,464.03058,314.31195,293.25797,259.48306,293.5327,250.15634,217.17542,278.2126,216.15154,277.2039,127.00171,258.1165,134.97763,267.58823
465.82645,276.80978,0.0,0.0,469.55438,269.9874,0.0,0.0,457.21457,247.8941,420.28973,248.58829,420.63934,250.629,413.64484,293.0419,430.24854,319.40805,453.57446,304.12732,463.67456,314.3104,294.96997,260.0197,294.81137,250.91779,220.1768,278.6142,219.37274,278.08948,130.40793,257.90607,138.74426,268.04694
465.661,276.7717,0.0,0.0,469.40015,269.8952,0.0,0.0,456.90234,247.75055,419.91943,248.79065,420.05176,250.55103,413.3528,293.36166,429.9905,319.48853,453.42163,303.8809,463.67477,314.27173,294.20618,259.89883,293.8832,250.72467,219.97626,278.74475,219.07031,278.2398,130.0647,257.8436,138.51941,268.28812
465.5843,276.56137,0.0,0.0,469.44955,269.73328,0.0,0.0,457.31464,247.69217,420.74725,249.28772,420.0208,250.30438,413.7983,293.2386,428.80957,318.16888,452.08466,304.732,461.36996,315.49475,294.03006,260.10895,293.24243,250.51346,219.41147,279.6337,218.09506,278.54074,129.4452,258.1076,137.71178,268.00314
465.70407,276.3641,0.0,0.0,469.55814,269.56067,0.0,0.0,457.47717,247.68271,421.1825,249.6926,420.42493,250.14664,413.9168,293.9148,428.4782,317.4398,451.49933,305.54227,460.64838,315.8085,295.66122,260.4213,294.88638,250.6666,220.76857,279.4613,219.54062,278.25122,131.10092,258.86636,139.19983,268.68185
468.33905,272.79266,0.0,0.0,472.18054,266.63333,0.0,0.0,461.5691,247.60129,423.1518,248.38669,425.9833,251.11331,416.44263,295.41602,427.02246,318.57483,448.9907,307.18234,460.58142,312.48956,294.14,258.9016,294.27377,251.26187,223.56421,275.31888,224.84244,282.48294,132.89676,247.91193,141.07631,268.077
468.56165,272.64392,0.0,0.0,472.51288,266.52695,0.0,0.0,461.91864,247.57019,422.69858,248.51874,425.54697,251.18866,416.23785,295.4014,426.8255,318.55823,448.85864,307.23883,460.13705,312.46246,291.8969,259.8724,292.05066,252.0458,220.72502,276.83292,222.21509,283.41898,131.35176,250.22144,139.4617,269.42148
468.43652,275.01944,0.0,0.0,472.47177,268.47018,0.0,0.0,461.04507,246.83282,419.40823,245.7381,421.4448,249.78888,411.1673,293.00116,428.2387,321.03424,448.39362,306.10052,463.69485,313.4348,286.43344,255.81549,287.01526,248.05362,220.80751,279.84836,219.85867,282.62155,136.73265,257.15677,142.5201,271.99103
469.07172,272.6047,0.0,0.0,472.78223,266.62976,0.0,0.0,462.01828,247.61972,422.32928,246.4461,425.737,251.34827,416.2893,293.92096,426.55438,320.29303,449.3228,306.91977,459.03873,311.87833,291.46124,258.6975,292.00937,252.03186,221.98071,275.51233,224.36076,284.0541,132.90704,249.12299,141.01874,270.17767
469.37354,272.11478,0.0,0.0,473.06335,266.24365,0.0,0.0,462.47113,247.5798,422.56525,246.32956,426.31772,251.31702,416.13754,293.9661,426.26266,320.0655,449.02402,307.05148,458.73175,312.31912,292.1854,258.80377,292.98248,252.22821,222.88121,276.13007,225.85107,284.77185,134.08444,250.1785,141.94708,271.06516
469.1093,271.99567,0.0,0.0,472.81903,266.15637,0.0,0.0,462.43146,247.53696,422.79572,246.50659,426.3734,251.13611,416.27753,294.301,426.21167,319.72644,448.41345,307.546,458.27045,312.66245,292.43036,258.43713,293.14093,251.67981,223.33353,276.9968,226.1618,285.38684,134.35936,250.31479,141.96744,270.98737
470.18835,271.42636,0.0,0.0,473.74918,265.53857,0.0,0.0,462.76508,247.11621,423.61133,246.53647,426.67438,251.15414,416.9939,294.87436,426.15027,320.03943,448.9685,307.3354,458.73236,311.20538,295.2634,258.58646,295.62067,252.07166,227.514,276.9146,230.18915,285.78534,137.87718,250.38608,145.8392,271.79272
471.07904,271.45996,0.0,0.0,474.4386,265.52917,0.0,0.0,462.9511,247.4747,425.44864,247.5362,426.86963,251.62933,419.1858,294.9347,426.36896,319.4413,449.5073,307.75168,458.04654,310.88385,296.7107,258.40002,296.06717,251.47961,227.7579,275.14404,229.51158,283.5074,135.97217,248.9107,144.18001,269.9068
472.62006,271.52957,0.0,0.0,475.0074,265.29562,0.0,0.0,461.34955,247.72034,425.61688,249.01962,426.1522,252.67493,419.04813,299.32843,428.743,322.70944,451.96368,306.43756,461.11072,308.2936,298.44476,260.0189,297.06378,252.9552,229.27332,275.81253,231.03854,283.21945,136.94475,248.85965,145.97583,268.53796
473.04126,273.4249,0.0,0.0,475.12375,266.91373,0.0,0.0,460.40674,247.8685,423.55856,248.61423,423.3825,252.42142,415.1715,298.2383,430.45398,323.0664,450.94635,305.06924,465.25235,310.13202,294.68848,257.15503,293.7496,249.71616,229.55203,275.68137,229.49179,279.43387,141.62906,252.6836,147.39728,268.12033
472.7762,273.3193,0.0,0.0,475.205,266.9662,0.0,0.0,461.3726,248.1944,424.44666,249.26593,424.08582,252.77588,415.9413,297.84805,430.01828,322.37628,450.36627,305.58185,463.69427,310.83813,296.11438,257.2872,295.205,249.62036,230.42435,276.24863,230.13153,279.37155,143.10574,253.6817,148.56767,268.28003
473.24585,272.88464,0.0,0.0,475.64255,266.55032,0.0,0.0,461.66736,247.86731,424.56036,248.91571,424.18506,252.56711,415.93503,297.7874,429.9537,322.44138,450.4314,305.51617,463.64597,310.88184,296.13266,256.9736,295.2353,249.37637,230.4606,276.092,230.28041,279.2583,143.44684,253.5487,148.80598,268.12003
473.29462,272.9422,0.0,0.0,475.659,266.65063,0.0,0.0,461.65186,248.0281,424.43832,248.7916,424.11743,252.74469,415.8656,297.9566,430.17853,322.96143,450.6233,305.49582,463.8822,310.8798,295.87332,256.6251,295.0235,249.1854,230.55176,276.27173,230.4498,279.6351,144.01482,253.50229,149.27301,268.24948
473.58472,272.89395,0.0,0.0,475.81662,266.77322,0.0,0.0,461.81177,248.07275,424.5856,246.68463,424.1011,252.72058,415.87833,294.7281,429.4896,323.29883,450.1834,304.92166,462.46878,311.0664,294.86877,254.65082,294.0271,248.03952,229.95456,275.62244,230.06732,280.14203,143.1216,253.26453,148.2978,268.82205
472.58997,270.9559,0.0,0.0,475.44382,265.06335,0.0,0.0,462.9887,247.59381,425.76917,247.06818,426.97003,252.96732,419.20047,295.99567,427.69,323.71753,450.84244,305.90768,458.6365,308.77438,297.46222,258.5675,296.72684,252.28253,228.99586,275.73135,230.90326,283.84695,136.19371,249.6615,144.68108,269.34903
472.32715,277.32806,0.0,0.0,474.71094,270.79044,0.0,0.0,463.75635,247.50238,427.0682,238.98305,424.50705,248.95148,416.35318,288.0553,429.36148,326.23904,451.78363,308.45074,463.213,314.96738,288.4863,250.09192,287.45407,243.85466,230.54749,278.95422,231.1048,277.07822,157.78519,273.33054,162.49124,276.38104
470.95154,277.99704,0.0,0.0,473.47452,271.35132,0.0,0.0,462.95938,247.55194,424.15686,237.57745,424.9771,249.67148,413.9944,285.0927,430.7798,328.4435,454.68298,304.13287,466.45126,312.79123,285.60092,249.34225,286.66162,243.8982,227.70177,279.03717,229.4557,278.14905,153.51508,274.26428,159.0251,278.14227
474.3669,274.5758,0.0,0.0,474.6388,268.6769,0.0,0.0,459.51993,249.68686,428.65546,241.5322,427.84076,253.54788,418.11984,287.19308,430.90863,326.51114,457.09802,299.19077,468.75336,314.57718,306.40775,243.43535,305.7258,239.8059,239.00293,271.7303,241.826,280.8992,147.27309,253.20782,153.63684,272.33417
473.01627,275.28027,0.0,0.0,474.1341,269.71564,0.0,0.0,462.41562,250.2345,432.07874,241.48651,431.31464,251.35086,419.57144,287.67462,427.70673,322.80115,455.7563,302.34317,464.89087,315.85068,313.05612,239.93274,313.2091,235.24649,248.25714,268.26517,252.37372,274.52747,154.06012,258.29205,160.38448,273.09552
471.10553,275.77533,0.0,0.0,472.50818,271.05212,0.0,0.0,459.9303,253.11969,429.92078,243.09924,425.93,253.88171,420.34396,285.17545,426.0927,320.80286,460.91852,299.29178,459.4886,318.21942,310.80728,243.42036,308.7895,239.65465,242.30492,271.11163,247.88516,277.6781,166.11827,259.42853,174.36739,274.16464
488.26434,239.92712,0.0,0.0,490.24628,233.40555,0.0,0.0,478.43735,218.8764,443.12976,220.47037,446.09683,228.73648,433.81497,265.83652,456.9944,300.10132,480.43292,273.6911,496.25064,289.89465,319.49048,212.25531,320.58203,208.69934,275.57947,256.32547,277.40036,264.222,204.95575,242.90541,208.72963,263.09155
492.2196,238.95244,0.0,0.0,494.1987,233.29242,0.0,0.0,482.5243,220.43826,449.58594,219.16046,455.4948,228.28116,426.68008,248.93689,449.1327,289.52182,476.93216,251.85916,496.78156,289.65207,345.69873,215.30786,349.78027,209.77325,272.24054,243.94543,277.48877,243.21983,183.02737,242.57599,189.30508,245.07303
491.97437,232.43929,497.6767,232.5581,495.40607,223.71347,0.0,0.0,481.4403,211.29514,453.77252,240.29868,452.32462,212.57066,432.42734,285.99405,437.41098,250.60004,483.08545,287.21973,492.9702,277.95496,356.02615,232.40173,354.68857,213.04419,278.413,242.46863,283.0063,229.83522,191.27528,262.7645,198.42523,262.57596
490.3042,233.89743,0.0,0.0,494.69727,226.45277,0.0,0.0,483.28128,212.03204,451.1703,231.91724,450.85083,214.61848,424.4254,277.31778,439.40173,263.76816,473.9148,280.6494,490.99625,289.40372,346.90872,230.06776,346.31485,214.5386,260.75552,249.19592,264.8325,240.02512,185.8968,257.34137,194.52225,259.76227
489.99158,232.8509,493.43936,231.31277,493.6909,226.39291,0.0,0.0,484.81268,213.7865,453.2655,227.54352,456.27222,225.60353,436.71542,260.1309,449.96765,284.60522,478.84164,261.22156,486.67352,295.02734,346.2272,227.6681,349.10638,216.63873,267.12616,254.25854,267.81274,247.64249,173.68135,251.56387,181.43771,252.6398
490.5535,231.69693,0.0,0.0,494.63516,225.08095,0.0,0.0,485.8328,212.63635,453.89685,228.72563,456.0216,224.28316,437.34567,263.34476,449.6666,282.86578,482.05548,261.3491,488.68738,292.05453,344.36957,231.7825,346.28513,219.76672,264.002,251.21918,263.9133,243.86182,172.48532,244.48059,180.11125,245.32285
495.84793,229.82104,0.0,0.0,498.6596,222.3043,0.0,0.0,487.2527,208.75558,458.16708,229.92046,458.07394,219.10114,441.4347,277.9522,449.08914,279.6715,476.91635,279.31656,478.6693,291.34372,346.66855,234.31772,347.32013,219.92564,269.26843,252.06662,268.65546,243.77092,176.18802,244.16052,182.94098,245.7193
494.41504,228.40314,498.64355,227.2469,498.0479,221.43579,0.0,0.0,487.0706,210.25197,453.54602,227.75887,456.70816,223.7285,437.58978,263.99014,449.92438,284.12387,478.45715,265.6423,487.82318,293.42737,343.03033,223.8066,345.55353,212.38155,271.39487,250.29105,271.36655,244.49716,176.37685,242.14447,183.95764,245.3558
494.59473,227.25641,498.60098,226.8866,498.49176,220.16382,0.0,0.0,488.80096,208.98497,458.8443,232.78693,458.80325,221.8474,445.8806,272.30286,451.87357,280.2687,486.18134,266.6467,488.3753,289.93118,348.36356,230.823,349.38608,215.6924,267.99893,250.99188,267.44,239.88358,170.54144,248.34555,178.07216,246.38254
494.3086,224.13747,0.0,0.0,496.7181,217.23428,0.0,0.0,485.1693,208.42851,459.28217,232.54442,456.60974,222.38797,444.36325,277.4819,446.3404,281.0742,477.26395,274.48212,473.27475,293.68317,346.5146,238.94475,345.30014,224.6665,265.20068,254.76645,264.52036,246.79984,175.56137,244.67737,184.11658,245.54517
493.41595,228.86823,0.0,0.0,495.6867,221.6749,0.0,0.0,484.77942,209.49481,455.36768,229.30612,458.57825,220.23683,443.19263,275.5557,454.10828,281.75342,482.2989,277.98898,484.15662,294.96857,345.08047,229.63438,347.91208,215.97028,270.03912,248.67139,271.82373,241.41412,171.43953,242.17941,179.2089,244.58667
496.0865,226.77437,500.87286,224.78185,498.8401,220.54222,0.0,0.0,488.0548,210.21025,459.1513,224.92752,458.5188,222.37596,441.6962,265.1121,449.524,282.7309,474.3205,254.78857,481.29727,293.4292,342.87512,225.41052,342.73624,215.28357,261.36682,248.21667,264.075,249.58246,167.4287,238.44046,177.23114,252.68933
494.91553,227.39278,0.0,0.0,497.41705,221.26018,0.0,0.0,487.74164,211.40515,458.0783,226.81271,458.60178,222.94727,445.13507,269.67618,451.2122,283.21735,478.27347,270.6989,473.48703,293.2874,339.065,229.58089,340.01544,218.46497,265.09796,245.34723,266.98373,242.43037,185.63509,239.43475,193.91074,246.53955
502.74753,229.28264,0.0,0.0,504.06378,224.0942,0.0,0.0,492.5536,216.3564,462.3383,223.4048,461.9836,227.02211,447.31754,262.4662,452.9546,285.03085,469.74872,263.40707,470.7567,289.3049,332.01822,226.23007,332.28494,217.8968,257.1123,238.44777,261.89807,240.11461,188.47276,241.46011,195.30673,251.49771
500.5538,228.92094,0.0,0.0,502.45752,223.03815,0.0,0.0,491.75525,213.74811,461.45593,224.71971,460.47803,223.75467,446.00623,269.732,451.01105,285.11993,475.13004,272.76334,475.53644,296.06836,335.1504,222.36853,335.11755,212.848,267.59247,238.21716,272.00296,237.13991,197.39532,242.17094,204.3767,249.99286
499.5708,226.62558,0.0,0.0,501.5207,220.79582,0.0,0.0,490.87042,211.86871,459.76978,222.6583,460.37384,224.27916,445.8117,268.6986,456.92523,291.0504,481.9671,265.3425,487.26868,293.89493,335.7849,223.7312,336.35806,215.43478,266.9086,236.33203,270.95856,237.07492,193.44237,236.04443,201.17531,246.60852
498.26288,223.33278,503.85406,222.57967,501.38605,215.60426,0.0,0.0,489.76617,206.76068,460.90546,235.84453,457.70773,222.34195,448.1547,284.60657,455.45428,288.42795,489.05957,264.99512,494.20325,290.8148,334.95782,231.61397,333.2784,215.06128,254.50696,244.78308,252.67763,234.52481,152.01144,233.89143,160.2497,236.7887
495.45654,220.81363,502.35233,219.84198,499.84906,212.89595,0.0,0.0,491.09857,203.36688,459.6142,232.5274,457.5566,219.27455,445.71472,280.2031,454.43005,285.53192,484.82404,267.5922,485.578,293.22232,327.90176,232.10608,326.79138,215.60141,252.01584,245.44373,248.45816,234.69139,159.95677,235.91275,168.5263,238.90135
502.4473,225.42435,0.0,0.0,505.8526,218.19557,0.0,0.0,494.15198,205.93008,456.5691,222.42041,457.5224,217.40207,444.60168,273.84473,454.78723,287.7213,483.03375,273.9391,478.9422,297.7225,328.03964,219.11794,328.65237,208.30827,267.1538,241.10196,267.3958,238.00003,197.55301,232.90927,203.89941,242.5437
505.414,227.22325,0.0,0.0,509.90225,219.24815,0.0,0.0,497.3183,204.19138,454.92285,222.37238,457.69357,215.4003,442.163,277.41797,455.36334,288.7082,481.35742,275.56177,482.53815,296.88257,327.71576,221.79768,329.33167,210.4935,268.39624,242.6324,269.0186,239.37001,197.54544,231.49939,205.6947,242.31258
505.78394,225.04527,0.0,0.0,510.81277,216.57469,0.0,0.0,498.47293,201.0576,458.2499,218.93051,457.45578,214.14655,443.5516,267.01892,452.54425,287.99457,478.53433,271.17667,474.82697,301.69235,323.73242,220.39604,323.1262,208.37686,250.40408,242.3095,246.64542,238.29808,171.80902,229.6344,181.12152,240.14383
506.90994,225.56477,513.0544,223.12355,511.24118,216.60396,0.0,0.0,500.5968,201.32918,463.57614,224.36916,464.00665,211.21434,448.9536,282.938,457.08615,283.5545,478.866,277.8048,477.94684,290.9439,326.258,219.5213,327.08142,203.79187,263.75772,238.35063,263.75803,229.42487,179.65329,233.17087,187.6374,238.21614
504.3272,224.23596,512.50287,222.32954,510.10208,214.97813,0.0,0.0,501.5614,200.76219,461.70593,226.72183,460.98413,213.61559,448.23334,279.8504,457.29883,285.31824,480.32455,272.3197,478.85175,289.56088,318.271,221.01505,317.72357,205.52144,266.74643,248.49521,263.288,237.87715,193.22934,235.0325,200.53226,238.9662
505.6391,222.73738,514.7319,220.56456,511.04364,213.0816,0.0,0.0,501.04102,199.51611,463.3928,227.77335,460.22726,214.83426,449.5611,278.2827,453.84448,284.8572,478.87506,270.55496,473.20026,292.80643,318.55896,226.21277,316.39127,210.4677,258.6845,248.14789,253.7089,238.81346,183.85158,228.64963,192.4338,235.05502
505.5619,224.07149,0.0,0.0,509.1408,214.13239,0.0,0.0,494.61096,197.0012,454.49304,222.06026,457.82663,211.57411,445.45782,284.79037,466.8709,293.52164,492.72458,276.65738,497.81622,296.35782,314.99652,226.25716,316.5528,212.01031,242.17078,249.74518,242.37677,246.00873,154.83345,224.29399,166.6282,238.54861
502.77338,219.46481,0.0,0.0,506.55865,209.61981,0.0,0.0,494.46,194.15724,454.8094,217.62622,458.0611,211.30974,444.72565,277.02014,468.46442,293.96545,495.74854,274.78833,500.26508,297.69937,314.32642,223.22989,315.3968,211.54514,254.38948,247.1264,253.56717,244.85883,178.1787,218.09431,189.19086,232.66309
504.08514,222.88496,0.0,0.0,508.60486,212.53275,0.0,0.0,496.05927,194.92131,456.0049,219.13832,458.10062,209.3565,445.18375,277.22046,466.83582,290.22906,497.4057,274.50046,500.95053,293.25925,319.5372,217.89075,320.05777,204.5409,261.8738,242.24782,259.30475,235.61049,181.43336,217.33249,191.75545,226.31778
512.5498,224.23097,0.0,0.0,517.83875,209.637,0.0,0.0,499.9675,185.8223,453.9052,221.58734,455.26074,198.25981,433.84662,285.14847,466.06818,270.59583,482.10315,289.5674,493.08545,295.82532,303.18835,232.115,301.7398,213.89847,238.80237,256.69928,236.7687,246.74939,185.73772,223.76868,198.08499,235.73946
513.4912,222.459,0.0,0.0,519.96747,205.21031,0.0,0.0,505.3507,184.25523,462.69055,233.16838,459.56323,198.87505,434.58118,283.7108,467.66345,245.22781,459.25623,289.83975,478.47852,274.7704,301.89203,238.92815,297.632,215.75816,245.99843,265.3047,238.44382,247.8713,215.61789,223.75543,224.8818,231.40254
511.84283,216.60667,0.0,0.0,518.84534,200.38123,0.0,0.0,503.15436,182.30338,458.33173,233.6362,457.29965,199.04605,431.18103,284.08987,462.08875,247.2139,468.3679,287.40637,484.15613,275.9295,310.8529,236.00517,307.40482,214.00238,253.92923,264.03275,246.87491,249.14575,0.0,0.0,0.0,0.0
514.8214,222.46492,535.14514,218.6311,522.3222,203.79375,0.0,0.0,506.45624,182.8291,457.86908,238.4711,457.75885,202.88937,431.71454,283.2642,464.4031,249.11115,472.23166,285.0641,487.64062,273.53635,295.4232,243.40445,292.50958,220.51822,252.29259,264.51062,244.03879,248.28381,210.11908,218.88956,219.76125,229.31126
513.01984,221.10536,531.56464,219.06984,520.68945,203.88959,0.0,0.0,503.8656,183.27217,453.48145,236.71394,451.4398,199.65846,432.56067,286.8406,457.1548,252.5434,477.29437,287.76373,489.76266,277.77887,283.10342,238.91544,278.75696,214.65791,241.90756,262.67206,233.2782,245.2782,182.11981,227.30678,192.5569,236.51399
513.12933,219.65823,528.69495,217.44514,518.89655,205.08546,0.0,0.0,502.55548,187.00926,457.4423,228.9926,459.99493,201.14507,438.5595,282.58435,468.34143,260.90527,487.42847,292.74368,502.75925,288.2846,305.25668,224.25673,303.85843,204.38983,250.42838,251.09427,247.60426,241.13908,184.92076,216.90724,196.92072,231.64928
516.5082,217.80711,0.0,0.0,520.9308,207.28276,0.0,0.0,505.708,189.93227,458.84143,207.11931,464.13657,206.77588,444.74326,261.98407,473.15176,292.4702,493.07056,274.5759,502.6079,295.11908,304.49545,204.19318,306.75143,194.1156,243.92227,239.10068,241.82104,240.81442,157.47398,207.79642,167.03993,227.7269
513.23157,216.3712,0.0,0.0,519.0759,204.41678,0.0,0.0,504.42758,184.62189,455.69946,212.03821,462.11835,201.3318,448.31204,272.919,475.1045,286.81,501.5282,279.0702,510.82562,291.99344,306.67197,204.67923,309.49542,191.42157,254.10207,240.12389,251.71759,239.15952,169.33098,203.48932,180.83562,224.6711
512.5042,216.97226,528.8043,214.64903,518.7398,204.36519,0.0,0.0,505.5871,190.52814,463.78647,221.72424,462.9239,206.16653,429.16144,261.71786,457.418,259.36475,452.6117,272.1622,485.52136,269.67706,311.384,213.8222,307.86386,198.42532,241.31018,251.1459,237.67644,250.25662,168.26396,222.88968,182.22293,247.12909
515.7334,214.2181,0.0,0.0,521.4867,203.33485,0.0,0.0,509.0603,183.17163,460.1814,200.25566,468.45584,198.92545,449.74423,258.85406,480.4165,289.43433,500.3827,275.69363,510.36517,290.70062,308.00143,195.98636,312.60657,185.24261,245.87221,243.06833,243.70148,244.1882,157.59572,214.27805,168.2899,234.95381
518.7108,214.14268,0.0,0.0,523.47,202.91513,0.0,0.0,507.02014,182.01964,460.04526,203.36438,464.4986,197.95596,451.82764,267.34036,478.6978,290.59244,512.5502,275.44846,517.1985,290.08633,306.7927,202.42728,309.1057,189.35039,233.65009,244.02594,230.95145,241.83688,135.83922,215.5163,146.15027,232.57239
519.66724,212.39311,0.0,0.0,525.0868,200.79198,0.0,0.0,513.49756,184.14159,468.8557,210.65901,477.37744,198.5187,0.0,0.0,489.08005,281.47992,0.0,0.0,521.8056,282.76633,313.6816,195.896,318.80475,179.45706,244.42017,229.64973,242.64062,221.7263,157.32712,217.07188,165.39713,227.283
520.93365,210.19727,0.0,0.0,526.11194,198.83862,0.0,0.0,514.99634,183.70212,469.02356,209.95502,478.87006,199.51793,448.9486,266.45215,487.2268,277.43173,0.0,0.0,510.01782,277.38797,310.42386,201.31952,316.46277,184.3912,236.80069,237.93774,232.31491,227.0815,147.16058,222.52403,152.46925,227.5689
523.0304,210.44476,0.0,0.0,529.1858,197.73541,0.0,0.0,516.0604,177.35681,463.76248,203.04468,473.16022,195.61215,449.79868,265.8145,489.3023,286.28165,506.16272,279.17688,518.81696,285.6725,296.99188,200.58485,302.20416,185.64539,231.40018,242.09184,226.64508,234.61186,146.59119,209.6586,153.25719,219.46152
520.819,205.71912,0.0,0.0,527.176,194.32188,0.0,0.0,514.95667,174.64368,467.45465,191.78343,469.74472,190.76193,454.489,250.13971,483.19598,285.2454,511.02747,273.96347,518.24207,292.56934,298.59003,182.88803,299.47772,170.0687,228.79819,228.9268,222.55434,222.51709,138.6307,203.30264,146.4408,212.05867
519.0868,206.85179,0.0,0.0,526.0319,195.40173,0.0,0.0,516.53613,175.1917,469.36172,194.21344,475.8857,188.65741,454.26843,257.09036,483.25568,280.24426,506.0893,276.70032,519.17126,288.80508,310.56097,183.29268,314.4113,169.67557,246.97806,222.35358,244.20769,216.86462,160.2719,210.30048,168.81378,221.55902
519.44867,206.40292,0.0,0.0,527.8312,195.23082,0.0,0.0,517.1821,175.90295,466.28067,205.99854,469.44092,192.70578,450.32654,273.31232,475.32236,281.75995,495.39703,279.6353,514.8842,296.5447,303.4426,201.87343,303.85773,186.05232,225.61853,235.13983,223.17744,234.05867,132.09955,196.42699,146.52824,219.42041
520.3662,207.95805,0.0,0.0,527.8919,195.30405,0.0,0.0,515.4662,172.54099,465.1658,199.10011,468.24982,185.74423,453.2995,266.87057,476.5546,280.53427,505.78125,277.92917,516.6849,289.1213,297.86578,187.67441,298.90524,170.23204,231.15637,237.11029,226.23453,227.71039,132.64986,207.69507,141.73906,217.75584
521.8933,205.18207,532.8008,203.85823,528.985,193.59914,0.0,0.0,516.4006,175.29147,470.98947,208.03908,473.0576,189.94313,458.20758,280.24637,474.39023,274.9907,507.56683,285.87598,523.5078,293.91718,323.87006,190.96205,324.22668,175.59517,260.97882,219.82544,261.86945,222.89406,163.81479,202.37747,177.62164,233.9289
519.183,203.44527,532.30475,201.53778,527.1309,191.0667,0.0,0.0,516.6321,173.70941,471.30737,208.66957,472.854,189.3808,458.33688,278.8649,476.76395,272.10535,0.0,0.0,514.87286,293.85147,312.39807,189.23988,312.1181,172.39114,250.4539,222.06787,247.99234,223.69316,162.16397,202.98904,175.97269,234.15762
519.18146,204.36093,533.0229,202.92326,527.91125,190.1479,0.0,0.0,516.65814,170.72693,465.4038,209.06935,470.49286,185.93365,456.00946,275.05225,480.61932,271.83057,506.5709,284.5831,520.84534,287.90283,299.2101,186.95207,300.88028,166.9104,249.55641,232.03949,242.86214,221.01537,163.48515,209.40915,172.80461,222.45752
448.86163,223.14297,454.26495,221.08075,453.4715,212.20544,0.0,0.0,438.5592,190.0954,394.22513,215.40457,395.15292,199.49576,379.81064,271.78806,394.67868,274.84763,434.1529,263.17432,430.8053,276.58652,256.96338,225.92548,257.28992,208.64793,203.1569,242.98203,202.15,223.19594,115.704636,219.40475,123.252914,206.30984
443.58536,221.5833,449.57214,221.19716,450.0611,210.49023,0.0,0.0,437.3462,188.73781,392.30487,219.3663,392.5478,198.16513,378.6244,274.34244,390.747,270.4856,433.13586,262.4984,431.99707,276.62967,259.43027,228.20392,259.41827,208.87523,205.12016,236.84778,200.86563,214.74396,117.88562,216.25787,124.01111,202.06607
443.14087,220.82414,449.43204,220.42569,449.2874,209.86157,0.0,0.0,435.27283,188.7755,390.93823,218.88933,389.90582,199.52045,378.4601,271.6777,391.09192,272.7542,436.05634,259.88846,436.32837,277.5607,255.75351,227.1608,254.71829,208.1691,195.21625,238.95262,190.02829,217.1358,106.13049,215.39871,112.70677,201.20209
446.86853,218.15111,453.28656,216.90782,451.66086,208.17268,0.0,0.0,436.91528,189.18356,395.3916,215.80208,393.59415,199.2561,381.86337,271.09406,396.64374,271.88965,432.42767,262.5107,432.87408,275.37198,259.39703,217.21188,258.0358,199.90958,195.57834,234.33105,193.2941,216.63239,118.59177,215.74928,126.502914,206.69016
449.14896,221.26396,0.0,0.0,453.7202,211.57864,0.0,0.0,438.3031,191.89122,396.37036,213.9796,394.27222,200.89423,380.71524,266.01465,395.2636,272.90878,430.61383,262.3383,432.53302,276.1382,257.55304,217.01605,255.89583,200.51295,185.22772,238.05305,183.96759,221.49141,103.67102,217.62968,111.15221,207.88359
449.70068,222.95004,0.0,0.0,453.8614,212.97191,0.0,0.0,439.4348,191.66592,399.84387,212.72598,397.181,199.2777,381.95056,268.34796,393.3008,271.72144,426.29205,264.91727,427.17972,277.1334,266.29617,224.48566,264.44135,208.78351,205.19672,231.50424,204.5426,217.01741,118.289856,215.84424,125.75174,209.21497
446.68137,219.79955,0.0,0.0,451.17838,209.50723,0.0,0.0,436.64914,189.23611,395.25854,213.70906,394.27576,198.95227,379.7561,268.3153,395.20425,273.3766,432.31158,263.90692,434.27045,276.35693,259.0017,221.09302,258.35446,203.44968,194.05283,241.98254,191.72913,220.97876,104.06824,225.38828,109.76752,208.90009
444.80032,212.66307,452.08453,211.82053,449.63293,203.41864,0.0,0.0,435.1223,187.32869,396.23825,213.43167,392.47745,199.66159,379.3543,266.69034,390.2103,266.89755,428.92276,260.7513,445.16656,272.92123,257.19,219.45534,252.97826,204.35605,179.74783,232.11888,180.01813,227.86969,76.69794,203.5226,87.401215,214.51361
443.78226,219.49237,449.64526,217.77393,448.9845,208.97623,0.0,0.0,435.50775,188.31921,392.09637,213.9684,390.41455,198.30031,380.25967,267.39505,394.98102,272.9932,432.23853,261.28043,434.19366,274.4932,245.88486,220.9627,244.69427,202.50061,184.3158,247.15372,181.20772,225.02357,97.99214,231.45328,104.33812,215.15414
446.88623,220.35638,452.97107,218.79626,452.08118,209.36223,0.0,0.0,437.35437,187.86404,394.15848,214.94977,391.4876,198.24513,381.03665,267.30914,394.60757,272.02567,434.35867,261.5715,435.82635,275.25348,249.71237,222.80362,247.80219,203.87704,186.23862,249.27069,182.54538,226.07516,97.17299,230.47295,103.89891,212.85521
451.3553,220.29361,0.0,0.0,454.5397,210.45601,0.0,0.0,438.4352,190.68816,385.1127,197.76653,400.44214,204.89357,368.10052,245.91956,396.147,285.21362,424.09555,254.44653,441.50342,273.90137,240.49069,216.8337,247.97252,210.26408,178.12286,240.92062,183.02672,246.76541,76.77449,209.18044,87.07356,225.14958
450.2456,219.86058,0.0,0.0,454.33557,209.927,0.0,0.0,439.78888,190.14778,388.47253,199.50317,399.01822,205.31223,374.114,238.92593,398.5062,282.50427,430.9875,257.19785,441.3371,276.0436,242.47134,218.38335,247.93956,209.2804,183.31506,246.13953,182.22604,240.2326,88.56772,227.8032,96.72481,227.03714
450.12488,218.94643,0.0,0.0,454.2174,209.17055,0.0,0.0,440.0408,190.4495,389.18585,202.19173,398.96866,205.23674,376.91617,244.2338,399.52042,281.15115,431.1605,261.22736,438.82758,275.86816,241.0784,219.93085,246.00969,209.77232,185.40848,249.17142,184.79434,241.93997,93.90938,227.67822,101.36951,225.60559
448.19025,216.8419,454.22076,213.06805,452.26382,206.96207,0.0,0.0,439.16595,189.4085,393.1151,207.24464,398.93475,204.70404,380.88538,253.47253,399.55185,280.78125,435.2472,261.7481,440.67044,273.97617,246.25336,221.62001,249.10509,208.72054,184.08566,247.75851,182.69528,236.54913,89.52838,229.50102,97.092026,223.73753
448.7191,217.4121,0.0,0.0,453.08173,207.80104,0.0,0.0,439.97888,190.4274,392.15363,205.60461,399.69403,206.42676,379.4025,246.0043,399.63013,280.86365,433.24158,258.8881,440.9395,275.52158,246.97403,221.18564,250.82129,209.52272,183.43207,246.33456,181.51028,236.62955,87.14174,230.52814,95.01141,226.26363
449.39313,218.36865,455.11432,215.22624,453.54462,208.50479,0.0,0.0,439.9646,190.40726,395.9387,210.3209,398.89484,204.10037,384.7105,258.98093,399.16525,278.75964,434.63748,261.83228,440.27216,272.71835,252.43472,221.72166,253.79036,207.81496,190.72165,240.54123,188.96085,229.38065,95.70317,226.3899,103.202194,222.6077
449.96832,219.3008,455.71625,215.85901,454.37268,209.29575,0.0,0.0,440.998,191.08044,393.70404,209.31458,398.4202,204.90086,383.7063,255.40717,398.45596,280.3256,434.59763,262.39758,439.72134,274.68588,242.13379,221.10858,244.2706,207.1957,183.41878,248.41754,181.45042,235.88315,86.412796,230.43253,93.18178,223.55954
450.8569,220.87436,456.37964,217.44183,455.38885,210.86032,0.0,0.0,442.2326,191.92532,394.56354,209.07022,398.8601,204.80568,384.2944,255.25308,398.9148,280.20844,433.57175,261.81833,440.21454,273.58875,242.2059,220.8305,244.08409,207.17705,188.50752,244.99878,186.51112,232.41206,91.96324,226.2393,98.470825,219.0712
451.4563,220.94003,456.9289,217.62915,455.25046,210.96956,0.0,0.0,441.3364,192.0068,396.0431,212.31949,398.52658,202.6293,383.3739,266.8972,399.2167,278.7332,430.5572,261.87018,438.80075,271.28473,243.4786,217.25294,244.65291,201.70737,187.5148,246.91171,187.61923,233.65533,93.16821,224.99475,99.08803,219.95508
452.24466,220.88979,0.0,0.0,455.87622,212.00826,0.0,0.0,442.50665,194.15509,396.43793,206.08716,400.7701,206.04845,382.68826,253.81915,399.45154,280.87683,432.93713,262.26733,439.55408,273.1187,248.14427,216.57674,250.57559,205.21944,188.18044,242.51625,188.56868,234.11906,99.50452,225.7768,104.4754,222.5473
450.28857,219.7651,0.0,0.0,454.4886,210.70746,0.0,0.0,441.6085,192.89166,396.8827,208.7886,400.73138,205.53639,384.0351,256.697,398.89502,278.26215,432.1479,262.5641,439.26617,273.3368,256.97687,221.24414,259.03308,209.36064,196.82782,234.90787,196.00589,227.38306,109.034164,219.71846,114.80911,219.53378
449.8392,220.11603,455.02423,217.13101,454.2984,210.69003,0.0,0.0,441.53925,191.57385,397.42365,209.25046,399.9113,203.04465,383.87274,259.2114,398.26328,276.79242,430.1341,262.59677,438.44757,273.06448,256.7284,220.00984,258.005,206.7075,196.80872,234.6038,195.02545,225.16052,105.476,218.89896,111.41089,217.77005
450.3686,220.67447,0.0,0.0,455.1601,211.0657,0.0,0.0,442.14874,191.62946,396.3731,210.69684,399.85712,202.97285,383.98114,261.11768,398.7171,276.29456,430.62155,263.46432,438.24744,272.52005,254.75107,221.28383,256.61816,207.33643,194.92978,235.87581,193.48146,226.27788,102.66069,220.91618,109.33374,220.75195
450.45093,220.87517,0.0,0.0,455.4121,211.14697,0.0,0.0,442.65915,192.0505,394.6418,211.06685,400.14124,204.14388,384.29163,259.65268,398.9876,277.75064,431.89816,263.54028,438.71854,274.21872,249.4657,222.90935,252.42938,208.86397,191.82047,241.84778,191.4517,231.24016,97.405304,226.40874,104.91492,224.08401
449.1784,221.72507,0.0,0.0,455.24768,210.93134,0.0,0.0,440.55685,189.90851,391.08478,216.86052,393.92642,200.18042,376.13837,261.78592,393.72766,265.7437,426.76343,264.3085,431.04053,274.36835,239.66669,228.02995,240.87927,208.80104,170.48105,245.22769,167.50616,226.53712,74.28609,229.00085,81.77959,220.001
448.85007,220.30461,0.0,0.0,454.87616,209.96793,0.0,0.0,440.92017,189.95953,391.9221,216.81656,394.69116,199.60956,377.6446,263.71683,394.24994,264.2784,427.30176,266.22174,432.83054,272.8735,241.30814,227.51724,242.61572,208.30182,173.22089,242.98657,171.17441,224.36452,80.164536,228.90544,87.129776,219.48361
448.4474,219.74677,454.68726,217.98573,452.86957,209.59991,0.0,0.0,437.39996,192.83414,392.58093,218.64491,392.69183,202.95238,380.6642,267.23956,395.81445,270.7739,435.5061,261.195,435.8313,271.54294,238.12708,216.70692,237.65726,198.43396,174.9863,237.22823,175.67465,218.97408,87.02255,224.38739,93.4418,213.31421
445.7163,219.7991,451.7164,217.48764,449.52914,209.6015,0.0,0.0,434.59808,191.88976,393.26794,216.84505,392.05804,202.26686,382.05087,267.94836,397.51523,272.69925,434.58243,259.682,434.78397,271.95078,242.13528,218.27696,241.07039,200.81216,181.3895,236.58984,181.76627,219.58751,93.37236,218.611,100.26541,209.12885
444.4116,218.21196,449.28137,214.85823,447.992,209.33575,0.0,0.0,435.86768,192.0414,395.36087,209.4946,398.62006,203.1889,382.2461,264.1177,399.18445,277.728,428.37152,259.05408,439.52997,268.48312,263.73248,216.22554,265.6015,204.27025,210.74698,218.201,212.59921,210.51765,129.67493,208.44423,136.9082,208.74037
441.95645,217.48016,447.24872,214.15869,445.63907,208.82617,0.0,0.0,434.84457,192.39566,395.98712,209.44656,398.87158,204.15306,382.7301,261.65698,399.11246,277.84894,429.49158,258.38782,439.87613,268.15805,263.76028,214.65918,265.3985,202.76395,207.20525,219.4853,208.56741,211.786,125.11769,208.8664,132.4224,208.5899
440.2282,216.71873,446.34534,212.71898,443.37314,208.0267,0.0,0.0,432.85132,192.02293,397.1253,206.55472,398.303,205.01154,383.0242,253.83316,400.25183,277.49258,430.91187,256.75092,441.6984,267.8448,263.94778,212.67273,264.3157,202.19124,208.08517,225.42679,208.34297,218.19203,128.66061,211.09332,136.18958,209.29185
443.21048,216.4817,449.55362,214.28,448.32468,207.07808,0.0,0.0,438.5121,189.46489,396.42862,212.3064,399.19928,200.52463,384.65884,264.27792,395.15463,269.93765,425.4588,261.13184,431.46478,268.8421,259.50656,218.68613,260.9734,204.58638,210.58212,220.95357,210.8144,212.94237,129.01225,206.4336,136.17336,209.23236
434.27826,228.2944,0.0,0.0,439.83292,219.78226,0.0,0.0,427.1432,194.84848,382.89313,199.11273,385.29913,199.24529,376.14847,250.94968,393.15985,279.7182,428.36322,253.0911,445.00897,273.23392,247.88142,188.78055,248.362,181.54436,201.37125,238.1311,203.478,247.20093,96.0603,198.49365,109.120056,228.38348
430.37936,237.90347,437.2544,234.36084,431.7816,228.55864,0.0,0.0,412.48297,212.02545,379.8021,232.1664,373.41327,225.69191,369.98395,291.14423,382.43286,304.1134,423.48236,293.0607,439.55405,302.81436,238.56755,230.99045,233.53413,218.7992,162.81229,262.2221,162.28984,261.71323,62.376953,246.99997,70.62242,261.15823
428.9237,243.3772,0.0,0.0,427.64233,235.43336,0.0,0.0,408.43768,219.49304,372.43402,218.88757,371.10693,230.81935,363.88626,270.45322,390.23932,315.4302,417.39673,285.70786,436.29846,301.86774,209.91705,222.65868,208.62985,215.62915,145.67944,273.11246,150.74066,272.17352,51.208267,266.85947,56.3517,271.50797
428.5157,245.49338,0.0,0.0,427.49985,237.64297,0.0,0.0,406.86664,221.13501,377.97736,224.35843,369.08945,229.5197,366.62244,274.92908,383.37787,308.92535,412.6317,282.82532,434.14642,304.3353,229.59044,219.13057,223.65662,210.13408,153.39458,256.54077,155.15419,254.07129,65.27963,255.91376,70.33566,260.47995
427.42017,246.59476,0.0,0.0,426.4625,238.90875,0.0,0.0,406.4438,221.43594,372.72952,221.07849,369.30136,229.34415,362.6073,276.3704,385.5243,312.7037,409.55814,284.65247,434.58533,303.51096,223.79803,218.88397,221.15857,211.98709,159.32509,254.1565,163.99345,255.32462,75.26129,251.84604,80.620575,260.98956
419.46613,236.98602,426.90445,233.0728,420.85254,227.37904,0.0,0.0,405.19397,212.29753,372.89825,233.00102,367.34216,226.4197,363.65417,289.73624,385.7232,307.35254,415.96072,289.54147,439.8105,303.03903,222.98724,228.10988,218.61995,214.63107,162.22214,257.7883,161.07707,249.14029,71.10179,256.89536,78.42177,260.11426
418.06543,238.50494,425.8924,234.17337,419.70422,229.26695,0.0,0.0,406.0011,214.44632,374.54434,231.81877,368.6531,228.37285,362.43976,285.4401,385.44904,309.27722,414.75253,286.00467,439.97275,303.16043,221.15468,226.21268,216.53958,213.78671,158.76349,258.17825,157.59068,251.32736,67.427414,254.41763,74.59013,259.5989
418.3601,240.97401,426.99725,236.68779,420.80283,231.36203,0.0,0.0,406.88593,214.65964,370.9318,232.54196,366.60632,229.42029,363.36615,283.86575,388.42862,310.09106,413.37592,284.145,440.35294,302.73767,208.93686,235.78416,204.63828,223.21259,144.67447,278.04315,142.49693,274.26794,53.1951,263.47687,61.12677,275.64767
424.01404,247.34665,0.0,0.0,423.91064,239.41293,0.0,0.0,406.4248,221.3687,369.2318,218.14288,368.5353,231.0889,359.69962,268.69208,387.78925,315.46497,410.59314,282.944,437.1261,301.40298,210.10773,221.74326,208.56693,216.40764,149.84032,269.26358,153.44368,274.5851,60.614197,258.00806,66.240295,274.1569
423.5426,244.73135,0.0,0.0,423.2835,236.67258,0.0,0.0,406.1872,218.44019,369.13437,214.59528,369.5327,228.92493,360.1999,266.99207,389.2744,316.6089,411.3927,281.5674,435.67456,301.27393,211.62505,218.72723,210.91597,214.0311,152.91495,267.34433,156.70284,273.4524,63.196426,256.43118,68.80171,273.3766
418.21667,243.09448,0.0,0.0,417.92517,236.2669,0.0,0.0,403.9589,219.61371,369.25372,213.02872,369.2542,229.70389,361.45422,266.73804,388.3636,316.96738,411.69055,285.70865,436.095,301.79907,212.01984,218.5146,211.4894,214.77335,153.13374,264.87796,158.50908,272.13388,64.93959,255.75272,69.8358,272.21704
422.24997,239.87506,0.0,0.0,422.16992,231.52649,0.0,0.0,405.8862,213.65427,369.54794,214.58844,369.6701,225.90053,360.8991,272.49536,389.2602,316.2424,412.71756,285.39026,436.68323,301.85034,212.6868,221.60315,211.81493,215.71747,153.35803,265.869,156.84091,270.6157,63.32805,253.83798,69.080765,269.81558
426.3976,238.05408,0.0,0.0,424.32248,229.25803,0.0,0.0,403.79004,212.02747,369.93237,212.45615,367.99725,225.7864,360.3378,272.27448,389.94244,317.77454,412.47736,284.90558,434.64322,300.84732,211.01541,221.3229,208.6774,216.33273,149.59694,268.2273,153.43204,274.2049,61.327057,255.32806,66.43594,271.89053
436.1151,243.00745,0.0,0.0,436.65436,235.06746,0.0,0.0,418.32376,217.73543,377.33304,218.77528,377.63477,230.77205,364.82855,274.16812,390.38516,319.1999,415.80585,285.9914,434.09546,300.2658,220.30095,231.9425,219.51778,225.7451,153.53386,276.70972,156.96603,279.73682,61.01866,263.09216,67.13913,275.07498
425.23163,246.03134,0.0,0.0,428.3943,239.21806,0.0,0.0,419.72296,222.72255,378.29276,221.08229,380.57953,233.91373,360.34833,269.9825,388.6485,317.10474,412.19598,288.3535,435.20258,302.46304,217.23425,228.25592,218.25635,221.89804,153.21935,274.383,156.2657,275.75854,65.61226,265.74347,69.87138,275.4334
0.0,0.0,0.0,0.0,0.0,0.0,0.0,0.0,0.0,0.0,385.10645,229.62506,382.15445,228.4913,378.37442,235.48627,378.5169,244.71909,400.42822,257.84177,380.74854,247.10104,234.7883,232.84663,232.84322,219.53235,146.59813,272.09393,150.89087,267.7642,76.928894,277.07367,80.61104,277.95374
431.15656,240.49272,0.0,0.0,430.46277,232.75381,0.0,0.0,412.45,215.0633,375.60867,214.1738,375.31824,226.34277,362.2527,272.55667,391.13226,315.00018,410.2576,286.26825,434.4779,301.30933,222.84787,227.51753,222.01978,221.87393,162.20389,272.31506,166.88713,274.8972,73.55992,261.73788,78.755844,272.2678
428.13147,241.87244,0.0,0.0,427.7835,233.96811,0.0,0.0,410.4612,215.98506,374.70862,217.7287,373.5619,226.63925,362.4583,276.73557,390.78207,314.3849,409.87314,287.30258,433.99237,301.95242,223.22232,228.27838,221.89572,221.16531,162.09277,272.31415,165.29066,272.692,72.89778,260.09186,78.320724,269.12128
437.17648,237.35532,0.0,0.0,434.8869,230.2724,0.0,0.0,414.7635,215.98538,382.52036,213.551,377.49484,230.0631,366.39752,269.47678,390.42847,318.0048,414.46448,287.05035,432.7572,302.3883,225.95004,229.1542,222.16675,224.61943,158.0406,271.80862,162.67406,274.6928,65.692795,259.28036,70.45961,266.93286
436.94525,240.8519,0.0,0.0,435.55872,234.98634,0.0,0.0,417.44974,219.89763,383.93066,211.39957,379.78583,231.04535,368.41443,264.06363,389.60498,316.27213,411.10287,285.58035,432.8614,303.02652,233.13452,225.80524,230.25427,223.18167,164.34006,263.17615,170.48062,269.68277,76.43379,256.20016,80.73633,267.6382
432.02844,235.4538,0.0,0.0,430.1895,228.61465,0.0,0.0,412.36395,215.48889,377.3994,213.94667,377.8684,229.92703,367.88998,273.87726,388.6262,318.06104,417.7854,286.4867,435.8512,298.9988,225.4162,230.77826,224.65607,227.87424,166.58978,271.01276,174.58228,282.15765,72.29683,248.97351,76.28467,269.31253
442.78433,236.06477,0.0,0.0,439.78052,229.93755,0.0,0.0,417.84875,217.5073,381.9979,210.2708,380.2758,231.80777,366.6764,266.1995,390.5645,319.13232,415.55573,287.7689,433.6632,301.71304,226.80841,227.89008,225.14362,226.19527,159.94092,269.3608,168.89586,277.3669,71.46478,261.12347,74.94356,272.72723
426.7447,240.58066,0.0,0.0,428.53137,233.10037,0.0,0.0,416.48938,217.67792,382.26392,223.23747,378.2522,232.3321,366.37506,274.75146,390.71307,316.06216,414.57812,286.2486,438.25726,301.74,228.67891,236.34837,225.29861,228.6863,160.58925,273.13654,160.44037,272.42566,71.81329,261.0328,78.469955,269.4798
426.55286,239.19064,0.0,0.0,428.0575,231.42934,0.0,0.0,415.1185,216.76248,383.009,226.12013,376.7433,231.6977,368.46008,277.4166,389.98282,314.0999,417.64798,286.2299,438.29407,303.42386,229.01076,237.218,224.16486,227.87308,158.87962,274.80408,157.59424,271.6487,68.19353,260.806,74.87642,267.18
429.64502,243.18875,0.0,0.0,430.8327,235.4016,0.0,0.0,416.22888,219.26947,381.24597,224.30237,377.2464,232.59125,368.1731,275.77084,390.60437,316.76,418.10187,283.9846,437.76367,303.01297,222.78159,236.67905,219.31448,228.2164,149.78246,275.88293,150.02235,275.67844,54.96875,259.7737,61.08139,269.48425
426.16724,251.9516,0.0,0.0,432.0649,244.17654,0.0,0.0,424.68002,228.87164,381.0182,238.19597,384.12317,238.6659,369.90628,272.25766,387.70175,305.21472,416.02814,294.5719,424.84122,310.16913,217.38016,232.07849,218.70737,219.31766,142.29617,277.2786,139.69547,271.98038,51.169434,267.25607,54.515182,273.09503
0.0,0.0,0.0,0.0,0.0,0.0,0.0,0.0,0.0,0.0,0.0,0.0,0.0,0.0,0.0,0.0,0.0,0.0,0.0,0.0,0.0,0.0,0.0,0.0,0.0,0.0,0.0,0.0,0.0,0.0,0.0,0.0,0.0,0.0
0.0,0.0,0.0,0.0,0.0,0.0,0.0,0.0,0.0,0.0,0.0,0.0,0.0,0.0,0.0,0.0,0.0,0.0,0.0,0.0,0.0,0.0,0.0,0.0,0.0,0.0,155.56296,254.0275,214.50403,269.84494,135.91893,230.19307,162.80145,263.2478
0.0,0.0,0.0,0.0,0.0,0.0,0.0,0.0,0.0,0.0,0.0,0.0,0.0,0.0,0.0,0.0,0.0,0.0,0.0,0.0,0.0,0.0,258.64185,242.12828,269.16794,231.33186,150.46109,260.93106,162.30293,267.58405,68.48622,258.131,61.644623,269.05905
0.0,0.0,0.0,0.0,0.0,0.0,0.0,0.0,0.0,0.0,0.0,0.0,0.0,0.0,0.0,0.0,0.0,0.0,0.0,0.0,0.0,0.0,240.38385,235.73892,253.14462,226.59633,145.20311,266.7281,165.85889,277.33246,76.52298,248.97641,77.763916,266.82562
424.4686,242.51556,0.0,0.0,427.80307,234.5795,0.0,0.0,418.01462,215.3835,382.28818,219.1452,378.15,227.02756,371.48666,273.39575,389.21042,315.32428,432.66675,285.68387,439.20874,300.4272,227.53082,231.86598,224.6376,223.56781,156.6068,274.72345,155.6016,273.14685,66.4032,260.58966,71.7926,267.8512
428.95444,225.68326,0.0,0.0,429.48145,218.00427,0.0,0.0,416.17847,205.17624,381.5557,211.22528,378.36884,224.4632,373.1311,267.0683,392.95587,317.1977,440.69586,276.49738,440.35468,297.52304,219.37971,232.60042,216.4829,226.63562,150.00067,276.20813,152.01067,278.39,62.288803,261.17343,67.722046,271.23724
431.6387,232.8382,0.0,0.0,432.17908,225.48239,0.0,0.0,417.47906,211.0838,379.60297,213.09917,378.86108,226.97107,372.47748,267.46872,392.37454,317.73322,439.14062,276.05737,439.5904,298.31006,219.02008,232.00386,217.78522,226.48132,150.4245,275.9253,154.21724,279.4489,61.59703,260.03336,66.61827,271.35162
430.589,232.17099,0.0,0.0,430.8636,224.95357,0.0,0.0,416.63257,211.18655,380.6759,213.68973,378.73727,227.34184,375.29602,268.571,393.16934,318.00082,442.22366,275.73257,441.0547,297.3431,219.07883,232.11916,217.10698,226.50243,150.61642,275.37527,154.34789,279.18985,60.97867,258.55707,65.621796,270.19247
429.27472,229.20311,0.0,0.0,429.54724,222.01979,0.0,0.0,416.2209,209.27972,380.737,213.38945,378.92105,226.5422,374.25565,269.6076,393.44778,317.56766,440.47186,278.0547,440.22223,296.90106,217.7778,232.38336,215.91174,226.35437,149.03555,276.1232,152.63785,278.9038,59.858078,261.00705,64.20471,271.1777
429.65033,232.09166,0.0,0.0,429.9972,225.23622,0.0,0.0,416.86877,211.83014,381.73703,213.18681,379.6562,227.49982,375.08636,269.1652,392.70593,318.07706,439.80212,278.04324,440.3838,297.43784,220.68611,231.33307,218.72186,226.10777,152.10556,274.29736,156.37962,279.06628,63.436737,258.73514,67.72467,271.33823
432.66553,232.65396,0.0,0.0,432.43036,225.14352,0.0,0.0,416.35785,212.26773,382.1505,218.68347,378.86578,228.9156,378.2749,273.6511,393.80756,317.89532,445.49548,275.32565,442.02194,298.4735,222.86784,234.54977,219.97784,227.58864,152.37302,276.0809,155.80966,278.40738,61.284576,258.5199,66.02434,269.16647
435.1482,235.1111,0.0,0.0,434.95386,227.51184,0.0,0.0,417.76065,214.73167,383.60986,222.08653,378.28046,231.14247,379.5107,275.27643,394.11768,318.3721,445.26166,275.57047,441.76117,298.66846,221.90445,236.44568,217.67766,228.59097,149.18942,277.808,151.414,277.91138,58.64386,260.15216,63.576553,267.97247
435.45715,236.72615,0.0,0.0,435.71643,228.83499,0.0,0.0,418.4054,215.0702,381.29596,222.90297,378.74207,230.93353,377.84894,276.70282,393.76675,318.11807,443.45355,276.5267,441.71967,299.1417,221.54526,237.65169,218.9599,229.66006,152.31262,279.793,155.19719,280.34406,60.188934,259.94302,65.4879,269.0615
433.2668,235.72354,0.0,0.0,433.78366,227.84416,0.0,0.0,417.54688,213.69691,380.40582,220.68814,377.98038,229.69717,376.41248,274.4275,393.342,317.9039,443.2802,275.56223,441.87695,298.8439,220.45496,235.67735,218.01167,228.18912,152.8779,278.4479,155.26375,279.55048,62.10939,260.3159,67.25923,270.38882
462.799,246.82812,465.9017,240.67407,461.64374,240.03603,0.0,0.0,447.5071,224.55142,426.11548,225.4602,414.6108,227.55933,409.06335,273.2541,400.323,295.63586,439.79257,290.07172,419.71198,304.96408,285.0297,217.7123,279.44174,207.53569,214.15163,252.45071,216.7879,248.03995,128.0951,250.68097,131.08276,251.10425
467.0785,248.7215,0.0,0.0,466.4701,240.70279,0.0,0.0,446.5404,222.69907,414.8077,226.1383,408.09308,228.76303,399.3391,279.59903,409.574,305.1963,443.49362,289.98282,451.09137,304.7072,274.96042,221.40602,270.91245,212.78224,213.27338,252.3447,215.74399,249.97281,127.308655,246.2562,132.1957,251.31229
466.42325,249.3388,0.0,0.0,466.58777,240.53394,0.0,0.0,446.5762,221.2033,412.92236,228.4717,407.42935,227.21187,397.82648,283.57022,411.28757,304.16382,443.88757,290.99606,454.39795,304.26205,275.22784,222.78387,271.6652,212.76541,215.17577,254.8536,216.68523,250.88007,128.62022,247.82101,134.3314,253.11877
466.88837,246.82263,0.0,0.0,466.1045,238.43123,0.0,0.0,445.77905,219.72177,412.41394,223.41972,408.61493,226.16914,398.05264,276.85004,410.6045,302.49863,442.20145,290.31213,451.26025,305.2136,274.49713,222.78397,272.10968,214.42134,214.97433,256.16656,218.81598,254.8356,126.55336,246.59589,131.8189,253.224
466.53134,248.0036,0.0,0.0,465.42236,240.21693,0.0,0.0,445.24966,222.1462,412.5888,222.46869,408.0795,227.48776,399.28613,276.60275,409.90854,304.99835,441.92435,290.4779,449.38986,305.07474,271.8915,218.89478,269.2891,211.149,212.75264,254.28174,217.2125,253.50726,123.75871,246.57736,128.09032,252.4791
464.70544,247.6925,0.0,0.0,464.03815,240.2498,0.0,0.0,445.83356,222.22711,413.76547,221.78224,409.35065,226.99957,400.20688,274.99155,408.51093,303.65625,441.99554,290.07602,447.75262,305.183,273.69095,218.58818,271.4117,210.83035,213.02765,252.70221,217.79974,251.9234,125.182785,247.69623,129.52226,253.25848
463.77136,247.57266,0.0,0.0,462.96393,240.4636,0.0,0.0,445.88824,222.21225,414.11996,219.67336,410.64093,226.08429,399.33008,272.19592,406.96686,301.6552,439.8261,291.52704,440.7342,305.108,274.08707,217.50719,272.75946,210.00934,212.66312,254.85779,218.36748,253.84659,126.63216,250.55954,130.65445,254.77307
466.2039,249.34885,0.0,0.0,465.25427,241.72803,0.0,0.0,445.2628,222.79028,410.92264,220.93637,407.91168,228.16455,397.2791,276.77524,411.08475,307.19125,443.23984,292.20187,454.48816,304.5121,270.34872,220.41032,268.69293,213.94489,211.2905,254.65561,216.5834,256.36234,124.67587,245.3031,128.96925,254.0752
467.60828,249.49796,0.0,0.0,467.04102,241.46602,0.0,0.0,447.3713,221.76181,414.45953,222.46126,408.97964,227.28546,400.3019,279.52493,412.62213,306.98035,445.4166,292.7242,456.3971,303.73114,274.06897,222.06525,270.79224,214.60103,214.55553,254.96524,217.92636,255.30664,127.16115,244.73117,131.81987,253.1832
466.7329,250.74545,0.0,0.0,465.87833,243.1268,0.0,0.0,446.54358,223.54092,414.9751,220.91989,408.75098,228.14658,400.4958,276.03577,411.8343,307.3305,443.39734,292.00214,453.6819,304.70068,274.15927,218.95367,270.53497,212.39166,214.11493,253.49289,217.9069,254.85135,127.87692,245.09155,132.45038,253.81418
467.21057,249.62381,0.0,0.0,466.35297,241.70349,0.0,0.0,446.15665,222.29745,413.78787,222.62369,408.0902,227.95816,399.46014,279.15543,413.50906,307.31677,443.61768,292.7962,456.30444,304.3554,273.40598,221.55048,269.9524,214.25887,212.9921,255.1369,216.38876,255.63165,126.22458,246.91895,130.97931,255.66132
468.132,247.33862,0.0,0.0,467.67706,239.32794,0.0,0.0,448.28317,220.79224,416.19095,224.28577,409.62906,227.81436,401.13022,280.9309,412.64,306.8671,446.15982,292.2497,458.1902,304.07455,276.59238,224.09048,272.5797,216.04321,215.35248,255.52423,217.59213,255.20633,125.26224,245.81494,129.65543,254.37155
468.0251,248.22873,0.0,0.0,467.57007,239.9707,0.0,0.0,447.45175,220.4031,414.35352,222.9544,408.3042,226.77458,399.79388,279.7594,412.82413,306.97922,444.40375,292.319,455.40903,303.68448,273.81238,221.73251,270.1679,213.58398,213.84976,257.53204,216.00711,256.23013,124.24304,249.11166,129.15924,256.26328
469.58456,246.9122,0.0,0.0,468.6145,239.10005,0.0,0.0,448.67914,221.16513,416.67233,222.90836,410.64337,227.99908,401.07007,279.58963,412.41266,307.20386,445.32013,292.36017,454.58423,304.53427,276.51703,222.11551,273.03174,214.5756,215.00632,257.00693,218.72937,256.557,127.23407,248.55322,131.48456,255.38754
467.38556,249.11444,0.0,0.0,467.51923,241.50972,0.0,0.0,449.4856,222.22911,414.09995,222.04283,411.2581,228.36497,400.46155,277.23666,413.9944,307.8464,445.35846,292.05292,458.89258,304.55347,274.72223,223.94505,273.1597,216.97733,215.45096,256.089,219.47128,257.36597,124.30139,247.34091,128.82845,256.99274
469.2934,247.20505,0.0,0.0,468.58075,239.56369,0.0,0.0,448.94574,221.43465,415.56308,222.10802,410.59738,228.37424,400.14447,278.29593,413.3654,307.9684,445.00238,292.1753,456.95676,304.20587,275.01154,222.90366,272.10223,215.82057,213.41333,257.94235,217.31937,258.3105,124.815735,249.34567,129.17479,257.1751
467.2693,249.09912,0.0,0.0,467.3285,241.38017,0.0,0.0,449.45782,222.14435,415.4693,223.25348,411.58032,228.39233,401.48865,279.09274,413.9057,307.487,445.70572,292.6397,459.8075,304.81253,276.33804,225.49753,274.08093,218.04765,214.62288,256.90836,218.53842,257.9866,123.14746,247.21198,127.91586,256.9808
466.88354,246.06195,0.0,0.0,466.9333,238.53006,0.0,0.0,450.1588,218.34348,414.2265,216.06543,413.38785,224.40204,399.81253,272.74704,414.4235,306.1959,442.30374,291.16888,456.20514,304.19836,274.32867,223.48859,274.19904,217.14406,214.23117,254.58203,219.99739,256.7755,122.29913,247.12354,126.747986,256.73227
468.39203,244.9769,0.0,0.0,467.74976,237.78873,0.0,0.0,450.25748,218.72273,416.21246,215.13737,413.84393,225.42854,401.11426,272.59967,414.7891,308.2349,443.76187,290.69812,456.37955,303.6714,276.22266,222.71649,275.18842,217.11713,213.17935,254.82596,219.55054,257.55887,123.05994,248.3052,127.27609,257.22763
468.17328,245.5098,0.0,0.0,467.78766,237.92314,0.0,0.0,449.92267,218.64383,415.09375,218.01178,413.28943,225.31877,399.7828,276.68,414.56744,307.73923,443.66565,290.87943,457.11823,303.8934,276.56137,224.10355,275.74533,217.48132,214.23114,255.12994,220.11261,256.79724,124.47998,247.52426,128.84427,256.4616
468.25095,245.79797,0.0,0.0,467.8003,238.48102,0.0,0.0,450.28204,220.211,416.55566,219.68076,414.1612,226.32852,401.0855,276.38742,412.6656,306.19385,443.12103,290.12677,454.10678,305.08545,278.0332,223.3834,276.99142,216.33162,213.44524,254.92285,219.72298,256.3351,123.280975,247.72275,127.339325,256.14297
468.69037,245.31656,0.0,0.0,468.31958,237.81718,0.0,0.0,450.39178,219.25174,415.5456,218.9937,413.68674,225.99026,399.88348,276.23883,413.72626,307.16245,442.84686,289.9797,456.008,304.79544,276.46613,222.73772,275.63446,215.95291,213.82541,254.96793,219.774,256.71008,123.76854,247.58539,128.04999,256.84665
468.75507,244.9169,0.0,0.0,468.40726,237.32468,0.0,0.0,450.34146,218.89377,415.53583,219.58311,413.30753,225.94513,399.75616,277.13956,413.38672,306.99237,442.78647,289.9825,456.00085,304.7226,275.88312,223.52383,274.76355,216.48456,212.4199,255.52847,218.18555,257.05954,123.17572,247.91025,127.43277,257.15485
468.54022,244.9512,0.0,0.0,468.26645,237.18694,0.0,0.0,449.721,218.71907,416.39438,221.34195,412.39996,225.87953,400.30038,277.9404,413.2582,305.3718,443.14624,290.2422,457.47195,305.51236,278.8161,225.16403,276.43524,217.48038,214.32378,256.75888,218.67117,257.44458,124.66168,248.31067,129.6662,257.53613
467.57568,240.72917,0.0,0.0,467.57806,232.5003,0.0,0.0,450.26624,215.3723,417.88547,222.59427,413.59564,225.35916,401.83813,279.724,414.89868,305.88538,444.50522,289.77057,458.128,304.34338,278.74277,225.72417,276.04642,217.18793,215.95168,252.90851,218.87323,252.47836,125.256485,244.83994,130.24869,253.6222
468.44153,242.21504,0.0,0.0,468.0489,234.45403,0.0,0.0,450.2049,217.51437,417.78802,221.71138,413.78064,226.505,402.22025,278.2539,413.92413,306.498,443.57764,289.25067,454.89786,304.46222,279.27283,224.43016,276.93225,216.76642,215.21945,252.52008,219.33981,253.34845,126.26526,245.1576,130.87512,254.39224
467.60925,245.54053,0.0,0.0,467.2433,238.05731,0.0,0.0,448.84357,219.10219,414.8731,217.85498,412.06143,226.3942,399.95862,274.08643,415.06403,308.2148,442.99582,289.5201,458.19525,304.5996,276.9607,222.35768,275.33615,216.4118,213.79877,252.45706,218.58183,255.66953,125.32602,245.33194,130.25298,256.62686
469.08844,242.58699,0.0,0.0,468.5509,234.77286,0.0,0.0,449.81766,217.2862,416.27008,219.96196,413.20874,226.56714,400.8271,276.56287,415.52197,308.06848,444.3308,288.95834,459.86176,304.54434,277.48758,224.25435,275.5188,217.50308,214.664,252.93524,219.08444,255.29108,124.1788,244.13757,129.12065,255.00317
468.96814,242.75409,0.0,0.0,468.6244,234.79498,0.0,0.0,450.0669,216.44125,417.02966,219.18242,413.16327,225.41293,401.5364,275.62723,415.6085,307.4227,445.0489,288.9852,459.9693,305.28168,279.1862,223.26292,276.64667,216.44691,216.16882,254.65894,219.82794,256.9868,125.84456,244.91714,131.26799,256.44202
468.29318,243.00577,0.0,0.0,468.1792,234.83408,0.0,0.0,450.03326,216.56714,417.52023,221.37569,413.2841,225.73402,401.43866,277.57413,415.2981,306.7178,445.32288,289.11328,460.37335,305.16733,280.4363,225.61938,277.58914,217.97737,216.18292,255.6388,219.22221,256.90735,124.95964,245.54333,130.59602,256.38715
468.02173,245.4,0.0,0.0,468.25513,236.78812,0.0,0.0,450.35553,218.06963,417.95584,225.87314,412.8761,227.05658,401.87524,283.05283,415.42508,307.34628,447.56708,289.48538,462.6333,303.39178,279.85956,230.56567,276.4195,221.34271,215.10257,257.335,216.96452,255.93787,121.36812,245.59238,126.72244,253.85358
468.98315,244.4216,0.0,0.0,468.9562,235.1884,0.0,0.0,449.87857,216.89308,415.39667,227.36952,412.0897,227.24345,400.51367,286.32758,416.45038,308.61218,447.7517,290.7354,462.05716,302.3527,274.8194,232.568,272.3555,222.66412,217.0931,262.41046,219.10661,259.01917,121.55011,248.48877,126.21771,254.05646
467.33978,247.63098,0.0,0.0,468.61792,238.19801,0.0,0.0,450.83917,217.9047,414.52716,228.72235,411.6106,227.37918,399.44162,286.1676,416.8367,309.0736,448.02087,290.30316,466.16782,303.22815,275.1808,231.84863,272.79218,221.52922,215.69698,258.96503,215.4346,256.01773,117.5197,245.81848,122.81833,254.34213
467.90314,247.81274,0.0,0.0,469.20593,238.82858,0.0,0.0,452.00085,218.72256,416.22888,227.79788,412.56134,227.8994,400.87048,284.94556,416.96094,309.3536,446.98416,290.14645,464.29065,302.52472,276.3465,231.73743,273.73932,221.89879,214.95242,255.74243,215.31102,253.28085,118.72949,245.24051,124.588394,253.69394
467.7636,248.34055,0.0,0.0,469.2046,239.47879,0.0,0.0,451.95422,218.93607,414.68958,226.1983,412.1031,227.8519,399.60754,283.0953,416.8337,310.09732,446.59286,289.64084,464.4475,302.42813,274.92203,230.29942,272.9427,221.29538,214.83069,255.91809,215.41318,254.87686,119.51845,244.66306,125.152954,254.7684
467.58234,246.7504,0.0,0.0,468.52023,237.74696,0.0,0.0,450.5782,217.81992,415.0983,225.70425,411.29913,227.7052,399.9658,281.79395,417.20154,309.85773,447.48065,288.56137,465.02356,303.0136,275.21033,229.71591,272.31967,221.024,215.28279,256.10013,215.57178,255.59576,121.05617,244.84497,127.21977,255.81137
467.3139,247.57825,0.0,0.0,468.87537,238.60188,0.0,0.0,451.48056,217.79103,413.19412,225.53326,411.3027,226.93115,398.92484,282.99414,416.8736,309.97653,446.71753,289.966,465.1643,303.36926,273.27386,230.01962,271.67215,221.03996,215.15337,256.60568,215.76714,255.74832,120.028305,244.83704,125.854324,255.60184
468.47702,245.97418,0.0,0.0,469.43777,236.4224,0.0,0.0,450.75278,217.1478,414.6078,230.08777,411.42352,227.45906,400.4394,288.83557,417.58472,309.2763,448.81924,290.08353,466.14188,302.8317,273.65726,232.35083,271.12204,221.46172,213.92288,256.7443,214.17027,253.3706,116.08484,244.9548,121.560165,253.2489
467.06995,248.9675,0.0,0.0,469.16602,239.69565,0.0,0.0,452.3109,218.46837,413.8596,228.44957,412.0138,227.4408,399.28455,285.39166,417.319,309.28577,446.9448,290.30072,466.0913,302.63715,275.45044,232.29602,273.8418,222.08263,215.23953,257.37787,214.84491,254.63528,117.57437,246.03708,123.32831,255.18686
467.39392,249.98114,0.0,0.0,468.8324,240.61804,0.0,0.0,450.44672,219.51196,411.81616,228.56786,410.45477,228.49564,398.50235,284.86053,417.31586,309.76147,446.89197,290.21176,465.92993,302.8137,272.46136,234.75833,271.0509,224.89426,214.01334,262.66013,214.18906,259.96368,116.229324,248.03772,121.571625,256.0911
467.56708,248.97433,472.8687,244.59814,468.81207,239.49493,0.0,0.0,450.14426,218.52353,414.95328,229.83511,410.1176,226.97188,400.29688,287.44205,417.45572,308.21536,447.403,290.67154,465.24274,305.52762,276.48868,228.95514,273.02356,218.39305,218.86687,253.77289,217.87402,250.5169,125.53705,243.97473,132.22134,253.54767
468.02893,250.43326,0.0,0.0,469.68292,240.87154,0.0,0.0,451.3374,218.81235,414.4492,228.93234,410.13516,226.43777,400.30798,286.98944,416.27652,308.4889,447.00958,291.1704,464.20505,304.7503,274.68005,229.51926,271.55762,218.98387,217.4239,257.1649,216.47061,254.05606,122.47563,245.22113,128.98453,254.81934
468.18362,251.0917,0.0,0.0,469.76025,241.7557,0.0,0.0,451.1665,219.57332,414.18173,228.32831,410.1965,226.74075,399.8595,286.01935,416.0586,308.81183,446.1203,291.53806,464.5564,305.342,276.10324,229.89291,273.24997,219.61575,217.63446,259.52664,216.70294,256.75415,119.18126,246.70676,125.32704,256.26367
0.0,0.0,0.0,0.0,0.0,0.0,0.0,0.0,0.0,0.0,0.0,0.0,0.0,0.0,0.0,0.0,0.0,0.0,0.0,0.0,0.0,0.0,319.644,235.59091,320.83044,224.24454,231.88297,236.55453,242.19556,240.74878,115.52959,253.29953,118.483475,263.43542
460.4956,254.80103,0.0,0.0,464.54413,248.09293,0.0,0.0,453.73062,226.64742,416.54077,230.02005,418.94464,227.7853,404.25916,279.1317,409.14172,293.63153,445.40637,293.40826,450.41254,307.04517,292.74844,228.72714,294.2544,219.44902,217.29248,252.75598,221.5578,260.32172,116.61035,230.43416,123.36276,254.50589
468.35098,249.41989,0.0,0.0,469.00555,240.50575,0.0,0.0,450.71075,219.6634,413.2118,226.52805,412.6607,227.24374,400.5341,285.3182,417.99393,308.9189,446.47937,291.56302,462.02728,302.9124,273.09967,234.80702,272.55093,224.9223,215.03168,263.71033,217.50993,260.57574,115.64653,248.5946,119.93857,254.24744
468.01892,251.29437,0.0,0.0,468.82715,242.33473,0.0,0.0,450.33224,220.83289,415.49005,227.62457,411.71634,226.81322,401.2044,284.899,416.04095,307.6267,445.04013,290.7922,460.63654,305.84628,277.45224,227.47792,274.93628,217.32393,216.18549,255.93613,217.25989,253.41266,118.93623,246.04431,124.5798,254.62799
467.6678,253.00543,0.0,0.0,468.40875,243.78831,0.0,0.0,448.64618,221.94022,413.60178,229.85764,409.0396,227.65149,400.17365,286.07132,415.3089,306.75555,444.20752,290.6625,458.5343,305.7118,275.8897,231.27141,272.63715,220.54286,214.74991,264.80112,214.75238,261.11157,119.55176,248.53754,125.32091,256.1232
479.12973,271.2698,0.0,0.0,478.72656,263.93042,0.0,0.0,463.63022,241.45792,424.22986,232.68117,432.2002,245.49057,410.99692,292.6707,435.37738,334.32047,451.90338,313.37662,465.82388,326.67624,290.85223,246.32806,296.51633,241.30394,231.14676,284.2887,240.59564,285.04642,149.31062,285.6593,154.342,289.37982
480.4751,270.37982,0.0,0.0,480.25574,262.34357,0.0,0.0,464.85583,238.6514,424.62378,232.18079,432.60858,242.60815,411.97092,294.7998,435.171,333.02924,451.03067,315.47937,464.24762,327.25003,289.59512,247.3414,295.15005,241.50671,233.36232,283.93445,242.12646,284.4154,149.45525,283.3056,154.87599,288.0078
478.9046,270.78873,0.0,0.0,478.63202,263.16498,0.0,0.0,463.63593,240.66707,422.83633,234.1112,432.16833,245.09,411.7286,296.61212,436.33737,334.70282,451.443,315.80698,465.03174,327.0363,288.20023,248.55899,294.7109,242.86234,231.08339,284.40973,241.0134,284.8456,149.1468,285.84656,154.18669,289.96313
478.41562,271.90488,0.0,0.0,478.2926,264.97888,0.0,0.0,464.41663,243.85045,424.48535,236.86145,432.80072,247.71997,413.53522,298.44168,434.99286,334.81567,452.57913,316.37796,466.03662,326.70352,290.3519,249.56769,296.42377,243.75299,231.75336,284.94406,242.60362,284.93585,150.82059,288.2414,155.46231,291.08344
484.42093,267.03534,0.0,0.0,483.93097,258.86218,0.0,0.0,467.79327,239.78079,426.64307,240.02902,436.2889,247.50247,414.97083,302.29272,438.3915,335.35083,452.60648,317.10992,466.77405,328.2939,289.78223,249.03705,296.17255,241.90479,237.2576,281.97662,247.12323,280.8959,150.76442,283.84396,155.74202,287.3959
483.0476,269.38757,0.0,0.0,483.43915,261.12094,0.0,0.0,468.0732,239.82857,424.84576,239.76292,434.71536,246.05292,414.27228,302.84363,436.60764,334.43225,452.53058,318.1033,466.44577,327.81927,288.17648,252.15286,294.8606,244.389,235.98088,284.13235,245.30296,281.87845,148.1981,285.94427,153.55649,288.41522
484.8772,267.6196,0.0,0.0,484.72723,259.97305,0.0,0.0,466.88397,241.69315,426.8101,243.91864,435.03745,249.44656,415.34534,304.52362,434.63815,331.55573,451.6474,313.9513,466.54507,325.83243,298.29227,253.64804,303.2974,246.54282,237.25853,280.93365,245.70569,285.26892,132.12654,268.0069,138.01953,281.1352
482.22165,270.40106,0.0,0.0,482.6449,262.71024,0.0,0.0,468.2885,241.69844,425.8916,238.88263,435.3553,246.88876,414.88333,300.87595,436.3971,334.31,451.99548,318.0006,464.9049,327.51413,289.64346,250.62982,296.30206,243.44159,234.629,284.32043,244.44821,282.58282,149.49425,287.88828,154.55026,290.11063
482.3885,269.75998,0.0,0.0,482.33698,262.07715,0.0,0.0,467.5751,241.6669,428.49243,239.53854,435.0888,247.16418,416.75113,300.79068,436.01846,333.5727,452.4601,317.50183,464.29443,327.54025,292.38028,250.5206,297.20007,243.13522,235.5396,284.8711,244.40762,282.8257,150.3615,288.61026,155.60971,290.5979
482.63214,270.10684,0.0,0.0,482.6542,262.4318,0.0,0.0,468.0885,241.7218,428.42114,238.90521,435.68384,247.00851,417.22687,300.71033,436.57465,334.2828,452.71912,317.62033,464.54013,327.36444,292.34885,250.1063,297.66074,242.84856,235.838,284.1277,244.95453,282.15082,149.91188,288.26022,154.911,290.03207
482.90942,270.33127,0.0,0.0,482.68573,262.5368,0.0,0.0,467.6111,241.40276,427.18484,237.29776,435.26437,246.9123,415.27872,300.0459,437.00803,336.06122,452.4748,317.0835,465.04858,326.8893,289.6756,249.00064,295.39453,242.43707,234.34264,283.6577,243.81421,282.6249,149.08131,285.81943,153.99673,288.4352
482.14563,271.79895,0.0,0.0,482.00494,264.13174,0.0,0.0,467.17584,242.15486,427.12216,235.69754,435.21127,246.37695,415.7998,297.14917,436.66913,335.09924,450.57318,317.1766,463.79117,328.12436,290.70837,247.00632,296.49182,240.89908,234.16116,282.8751,243.56052,282.87262,149.50484,285.07782,154.40782,288.788
483.07904,271.08774,0.0,0.0,482.4886,263.6721,0.0,0.0,467.4453,243.5831,430.5645,239.3481,435.48145,248.92258,418.23853,299.73062,435.51407,334.3265,454.05005,317.25433,464.80374,326.52597,295.89365,251.22867,299.71817,244.77686,237.78622,283.69315,246.51123,282.47958,154.61218,285.93234,159.2088,287.51108
483.45044,270.20416,0.0,0.0,483.14597,262.71558,0.0,0.0,468.10876,243.21849,430.56906,241.56769,435.53815,249.26572,418.44855,302.5042,435.89722,334.19824,454.6775,317.77295,465.4802,325.84027,295.77866,252.03284,299.61127,244.73306,237.24196,283.75922,245.61447,281.40775,153.44943,286.4592,158.23402,287.45065
482.56726,270.8306,0.0,0.0,482.73843,263.4586,0.0,0.0,468.4197,243.16284,429.12442,240.1409,435.4686,248.3263,417.63916,301.02884,436.19,333.81586,453.4571,317.8196,465.40363,326.1969,294.384,250.68408,299.1357,243.5538,236.19356,284.95175,244.81567,282.93713,153.15306,287.83566,157.8721,289.38058
482.47745,271.11908,0.0,0.0,482.73798,263.34845,0.0,0.0,468.03964,242.74504,428.26648,241.71426,435.017,248.25162,416.48096,303.24637,436.62714,334.0265,453.12292,318.7395,466.82672,326.78714,293.35123,251.78156,298.22827,243.949,236.00356,285.2496,244.02751,282.41864,150.39862,286.80048,155.31854,288.23743
483.29242,271.03796,0.0,0.0,483.40448,263.41098,0.0,0.0,469.10663,243.97638,430.04984,242.74393,437.34485,249.84619,418.70203,302.83954,438.0491,334.44656,453.13992,319.50836,466.60904,327.76047,295.9768,251.58517,301.2496,243.91986,240.113,282.62216,248.37958,280.11697,151.93694,286.9993,156.27274,288.51566
478.39075,276.67825,0.0,0.0,479.57123,268.93048,0.0,0.0,469.68353,249.38217,436.96756,249.60535,439.97363,252.88971,423.16016,303.0137,437.09277,330.35532,453.68042,321.7614,464.6753,330.4494,302.8837,251.29929,305.3339,241.82578,245.67033,283.96014,250.33975,279.55914,156.1958,288.71112,160.93678,290.196
473.60608,281.54,0.0,0.0,476.2799,274.91864,0.0,0.0,471.53583,251.53427,437.82877,242.03494,443.09006,248.90823,422.2557,292.7468,433.59863,323.80728,445.17688,324.79343,456.8145,332.52914,305.09555,248.82101,309.467,240.45749,243.48074,285.66937,249.41081,284.19473,154.61661,287.9091,158.52881,292.05496
476.776,277.81686,0.0,0.0,478.79404,271.3229,0.0,0.0,470.6626,247.3811,425.2855,233.3266,441.3427,246.74475,414.5485,290.4469,435.79102,331.90552,450.31427,316.85068,465.14563,329.85855,294.63806,246.94406,305.729,242.32117,241.331,283.3467,253.30562,287.37247,154.96364,286.0929,156.78645,294.76813
479.5064,274.84778,0.0,0.0,480.75568,268.69818,0.0,0.0,472.14972,244.53033,428.08136,225.92607,443.12347,244.1253,414.70325,283.4927,436.18036,331.96234,445.89154,316.75403,462.89102,332.42456,295.28116,243.70993,305.97595,240.72705,238.73499,282.16473,251.65512,287.80225,153.86372,287.4973,155.30882,295.77155
478.45746,276.45932,0.0,0.0,479.7642,270.45892,0.0,0.0,471.79495,246.58856,432.2167,227.86221,442.883,244.86353,418.94736,281.41266,434.03442,327.92703,443.1805,318.9424,457.2299,333.8593,299.3858,242.46484,307.4132,238.71817,240.27396,282.32144,251.30467,287.18158,155.04732,288.45407,157.0778,296.32242
481.61258,273.16064,0.0,0.0,481.62903,266.32684,0.0,0.0,469.64902,243.74628,430.58487,231.99567,439.94495,245.84369,416.49005,290.79153,438.22522,332.53198,449.42426,318.55936,463.39334,330.80988,297.07623,246.86292,303.98193,241.86649,237.67899,286.26404,248.25351,287.28705,153.315,289.7451,157.12357,293.17673
480.88843,274.7448,0.0,0.0,481.20343,267.621,0.0,0.0,469.51797,244.31296,431.24927,234.26205,438.34427,246.08673,417.01096,294.84814,437.0366,333.228,450.401,320.09256,463.135,328.87335,295.6979,250.31348,301.16354,244.21606,235.81392,288.8036,245.2193,287.533,150.84918,291.7632,155.46684,292.73105
480.93768,275.76514,0.0,0.0,481.54614,268.78705,0.0,0.0,470.94516,244.83832,432.18658,232.9422,440.0419,245.84167,418.07523,292.33777,436.7151,332.6654,449.30817,319.75537,462.13943,329.60773,296.1708,250.15436,302.25427,244.36743,235.72594,287.69464,245.62695,287.13483,150.1659,291.7106,154.55096,293.12943
480.53278,274.3661,0.0,0.0,480.92432,267.3017,0.0,0.0,469.54437,244.71619,430.41907,234.69022,439.23083,247.08664,416.33438,293.99033,437.41913,333.45035,448.88763,319.52142,463.40335,329.5458,295.81607,249.93356,302.30078,244.12668,236.26938,287.28653,246.16304,286.72266,151.49611,289.5065,155.80263,291.2178
482.88083,271.6928,0.0,0.0,482.68494,265.16785,0.0,0.0,468.70514,246.10526,432.78442,241.14105,439.88336,251.04391,420.14676,299.41168,436.10046,331.57065,451.55695,316.74182,462.89673,326.70798,306.48047,252.64777,311.3351,246.90729,237.36926,283.3074,246.33707,289.40808,134.11925,272.04483,139.15085,285.38864
483.03052,271.19772,0.0,0.0,482.35104,264.4979,0.0,0.0,467.3559,245.56235,434.6765,242.24675,438.4932,250.82764,421.1667,300.6894,435.23837,330.65387,452.82327,317.08746,461.7799,326.46375,308.77435,253.36002,311.53027,247.05496,237.44754,284.73425,245.35709,289.74054,134.83063,272.7694,140.81906,285.17126
480.07465,275.06897,0.0,0.0,480.27478,268.15668,0.0,0.0,468.81964,245.98016,433.02344,237.24268,438.58517,248.07556,417.8777,295.58847,436.21017,331.98264,450.08362,320.32367,462.15778,329.32883,299.9215,251.9021,304.4346,245.36935,235.79602,289.11176,244.55655,287.55753,150.92615,290.90182,155.79048,291.8493
480.45697,275.44916,0.0,0.0,480.4775,268.23984,0.0,0.0,468.3642,245.18222,432.43634,235.79251,437.82516,246.92172,417.8462,295.32193,436.69965,332.7581,450.24963,320.00473,462.07642,328.95523,296.77087,249.52786,301.073,243.08469,233.60326,287.69513,242.26239,286.57944,148.45828,289.075,153.51012,290.87326
479.75928,275.87518,0.0,0.0,480.23553,268.90558,0.0,0.0,469.26956,245.62021,432.1224,235.70477,438.83923,246.75543,417.4201,294.53085,436.27234,331.496,449.5227,320.4448,461.8137,329.2533,297.88287,250.7301,303.14087,244.30359,235.35333,287.70697,244.49442,286.64627,150.15186,289.4969,155.00739,291.25473
480.06754,275.07156,0.0,0.0,480.3954,268.10675,0.0,0.0,469.0984,245.62494,432.7854,236.49966,438.76785,247.47626,417.98444,294.52103,436.38788,331.47034,449.86038,320.38373,461.47748,329.4009,298.77832,250.54892,303.53397,244.10031,236.02948,287.7857,244.72675,286.63672,151.1813,289.78714,156.09944,291.52728
480.24216,274.91223,0.0,0.0,480.51154,267.85983,0.0,0.0,469.06952,245.17944,431.5125,235.52393,439.21643,247.34573,416.75146,294.35107,436.426,332.66864,449.95236,319.65314,462.40125,329.34903,297.4412,250.44052,303.17953,244.50418,234.92896,286.60065,244.5724,286.8053,149.89426,287.48987,154.68535,290.72723
482.84943,272.69522,0.0,0.0,483.13885,265.11786,0.0,0.0,470.36755,243.11497,433.08295,237.4581,438.9097,246.9703,418.39908,297.19815,437.83826,332.78644,449.63663,321.30893,463.04245,330.14844,297.53842,249.77527,302.0093,242.74109,236.4813,288.1427,244.1047,286.39578,150.81993,290.79898,155.62813,292.84998
478.05823,281.51633,0.0,0.0,478.882,274.95953,0.0,0.0,469.60538,254.03534,438.58966,246.68604,440.1875,254.53375,423.461,300.49323,435.71628,332.38602,454.38156,322.2265,464.29022,329.609,306.71854,250.48862,308.79166,242.68817,241.9556,286.77863,248.45074,284.2201,154.19608,289.93225,158.9633,291.3745
479.12744,281.0375,0.0,0.0,479.9763,274.34592,0.0,0.0,470.50906,253.51514,438.99268,247.14566,440.93265,254.04068,424.12628,300.98605,436.0465,331.60345,454.57864,322.94965,463.7977,330.44455,307.0222,250.21518,309.4082,241.90863,242.76694,286.70993,249.4218,283.15225,153.88918,291.0806,158.49445,291.3513
479.94345,280.83792,0.0,0.0,480.56445,273.9294,0.0,0.0,470.33102,252.95557,438.54535,247.47253,440.48672,253.47604,423.58917,303.53534,436.11227,332.1389,455.08624,323.37296,464.27823,329.60065,305.7747,251.10562,308.07928,242.46494,242.22827,287.05273,249.06232,283.0138,152.91081,290.81848,157.4794,290.58478
480.0321,280.356,0.0,0.0,480.67786,273.42075,0.0,0.0,470.09296,252.30804,436.68033,246.30771,440.04,252.88458,422.05865,303.2738,436.63364,332.60132,454.24188,323.3332,464.90573,328.94165,302.696,250.18344,305.81268,241.75487,239.10373,286.605,246.4515,283.0535,150.73174,290.52533,155.13849,290.72308
479.06982,280.83698,0.0,0.0,479.69617,273.92105,0.0,0.0,469.40643,252.8794,437.26007,247.47357,439.83582,253.2062,422.5606,303.68146,436.34866,331.50623,453.823,324.135,464.18365,329.53125,304.44153,251.56433,307.04767,242.79456,240.41528,287.1454,247.33655,283.11545,151.65674,290.6256,156.30185,290.47708
478.46265,280.1423,0.0,0.0,479.06125,273.23117,0.0,0.0,468.61612,252.34048,436.22433,247.30106,439.17755,253.04135,422.33047,303.68988,436.84314,331.65485,454.1537,323.94348,464.29855,329.4198,303.8017,251.50418,306.636,242.77228,240.00537,287.32437,246.81184,283.32172,151.92085,290.84738,156.48898,290.8343
479.27444,279.3761,0.0,0.0,479.91125,272.75674,0.0,0.0,469.7296,252.19937,437.09814,245.9432,439.70068,253.20724,423.44803,302.87518,436.78485,332.91635,455.67224,323.58206,464.8858,328.458,303.65195,250.72375,306.4264,242.4923,238.33206,287.26074,245.63354,283.75195,150.72928,291.4908,155.0958,291.3207
480.06848,279.32336,0.0,0.0,480.75684,272.69867,0.0,0.0,470.45282,252.00238,436.8995,245.3675,440.08582,253.01059,423.14642,302.57062,436.688,333.09018,455.7533,323.7744,465.201,328.37146,303.21774,250.79227,306.38025,242.72559,238.1213,287.54614,245.85663,284.25027,150.40483,291.5975,154.69124,291.42734
480.19708,279.93906,0.0,0.0,480.9712,273.3064,0.0,0.0,470.79523,252.2734,437.2615,245.16159,440.06122,253.20093,423.26688,302.32266,435.9927,333.58112,455.71393,323.59335,464.86807,328.0223,303.4495,251.08371,306.41504,243.19081,238.73161,286.89413,246.39304,283.7622,150.59741,290.75827,155.0536,290.65204
480.1518,279.20258,0.0,0.0,481.12567,272.60873,0.0,0.0,471.19537,251.97119,436.41544,244.96982,440.32794,253.37775,422.54428,301.68356,436.26297,333.59464,454.857,324.07632,464.9107,328.10037,301.82373,250.75269,305.45346,242.95886,237.50578,286.6326,245.25516,283.79913,149.32954,290.90198,153.659,291.16397
479.92105,279.0021,0.0,0.0,480.97424,272.1886,0.0,0.0,470.9161,251.33176,436.3395,245.79959,439.93402,252.88702,422.35577,302.83762,436.43842,333.1142,455.18427,323.57535,465.10062,327.57184,302.21597,251.35406,305.57693,243.0429,237.99881,287.22397,245.15463,283.62503,149.53835,290.71945,154.0959,290.6499
480.1222,279.14096,0.0,0.0,480.9148,272.55463,0.0,0.0,470.91876,252.26993,437.2004,245.7987,440.4137,253.37485,423.5309,302.27576,436.48364,332.59293,455.23145,323.80667,464.93555,328.11453,302.74716,250.62042,305.93283,242.51086,238.87798,286.5957,246.50931,283.31854,150.80443,291.03824,154.91304,290.8895
480.76343,278.3142,0.0,0.0,481.49933,271.57324,0.0,0.0,470.96948,251.30365,437.1355,245.7504,440.08008,252.96387,423.31775,302.6105,436.7195,332.70813,455.46332,323.67395,465.10718,328.0038,302.70346,250.55557,305.68347,242.3186,238.97598,286.7511,246.20296,283.16275,150.87883,291.04626,155.13283,290.77197
504.67352,269.79312,0.0,0.0,509.75058,257.61075,0.0,0.0,493.42438,227.43887,443.0547,237.56401,444.73978,230.58778,433.69812,286.62625,450.8788,314.613,516.3464,320.65985,498.77985,336.32153,264.4206,244.16415,265.3796,225.09882,168.69817,293.11615,168.1707,270.21002,51.643524,290.79404,55.635986,269.61438
505.3191,269.73477,0.0,0.0,510.54138,257.6677,0.0,0.0,495.41647,227.77054,445.8649,238.31384,446.4887,230.20515,436.3318,287.36404,451.28613,312.92227,518.1099,322.18884,499.22498,336.24753,265.20908,243.29213,265.60852,223.5307,170.29951,291.9055,169.89256,267.41043,53.363647,291.72748,56.72406,268.3445
506.656,270.3532,0.0,0.0,511.199,259.24704,0.0,0.0,496.06647,230.51617,448.1715,235.45053,448.53912,232.34647,440.88812,284.2568,451.6781,314.89044,521.20605,321.83035,501.57294,334.43665,272.30692,237.66907,272.65192,221.39346,185.25856,279.2824,186.54239,262.3612,67.6393,280.90228,70.45149,266.7969
507.2973,269.19305,0.0,0.0,511.32385,259.09564,0.0,0.0,496.22876,231.26245,445.89996,229.70184,450.40067,233.56424,441.68494,276.9833,453.43408,317.43042,521.6966,320.5909,500.59784,335.72192,271.71762,234.1207,274.776,221.4314,188.35803,273.50757,192.7374,263.3888,72.47568,276.70547,75.08682,269.532
507.07373,269.74973,0.0,0.0,510.8958,259.80057,0.0,0.0,496.13028,231.96593,445.5509,228.15103,450.63794,233.89824,441.86835,275.57855,454.73694,318.44125,520.772,320.57034,501.11914,334.8405,268.87317,231.50755,272.33423,219.59464,187.42488,272.0098,192.36197,263.52786,71.01962,273.76645,73.1019,268.50647
509.33453,269.25754,0.0,0.0,513.28394,258.7209,0.0,0.0,498.36667,230.66397,446.49603,228.9083,452.48593,233.21411,438.93527,277.41412,454.97647,318.521,519.10706,321.6349,502.12592,334.2517,268.54105,232.69254,272.50443,219.75504,187.3406,275.48276,192.10486,263.8859,69.05716,275.37888,70.694016,265.66266
508.47632,269.78915,0.0,0.0,512.9742,258.38477,0.0,0.0,497.6371,229.16461,444.1176,231.85374,451.10175,232.08867,435.3954,281.49026,454.8932,318.0921,517.3322,322.12888,502.0136,333.20502,266.85062,235.06229,271.4297,219.8847,184.83665,280.9616,187.83818,264.50897,64.62486,278.63516,66.48901,263.59433
506.7732,271.23135,0.0,0.0,511.54285,260.47305,0.0,0.0,496.95593,231.20021,442.64462,230.49454,449.77905,232.9559,435.9904,278.34195,453.7566,318.1374,519.3085,321.6204,502.28925,334.4005,264.9082,232.29202,269.60284,218.53918,185.85875,277.89594,189.222,264.58282,67.93393,277.29486,69.71799,266.62924
505.73743,271.95673,0.0,0.0,510.34903,261.383,0.0,0.0,495.232,232.66386,441.34244,231.46594,448.67938,235.34464,436.04504,276.82245,454.94592,320.42734,518.7597,318.08127,504.18,333.71042,265.25296,234.8078,269.94696,221.4293,184.22784,281.27972,187.45583,268.10562,64.70647,278.43082,66.83592,267.05032
505.76108,271.01657,0.0,0.0,509.85632,260.9018,0.0,0.0,494.85645,232.59087,442.29608,226.92944,449.02676,235.51741,437.87848,270.47488,456.17712,321.24365,519.0215,318.09238,503.8097,333.94293,264.0121,229.9494,268.40552,218.5602,183.55861,278.12943,187.23024,268.14465,65.35025,276.093,67.4359,267.6246
505.68665,271.68106,0.0,0.0,509.86932,261.39377,0.0,0.0,495.22107,232.7926,444.88092,228.0734,449.91968,235.0628,438.31787,272.20468,455.01715,319.9953,518.87476,317.66183,503.87256,332.84805,268.14908,227.58868,271.5544,215.698,184.50131,277.87778,187.81949,268.26404,66.34914,275.86176,68.7888,269.1991
505.60034,272.12637,0.0,0.0,510.12964,261.2061,0.0,0.0,495.19467,231.46964,444.80945,230.44086,449.18033,233.4935,438.25983,275.53687,454.7379,318.18616,518.334,318.36478,503.51547,333.16403,268.44702,231.59348,271.32315,217.80511,185.28908,283.1644,187.10939,270.28177,64.86833,279.82715,67.6638,270.13535
505.05554,273.46933,0.0,0.0,509.9085,262.59305,0.0,0.0,495.09872,232.92755,445.41943,232.80244,448.28394,234.46103,438.6125,276.5926,451.6996,317.26273,518.21686,319.0156,500.64972,334.80777,268.81573,232.47437,270.76566,217.99606,183.35408,280.74313,184.55972,266.6175,64.2384,279.42365,67.5717,268.293
506.56088,273.9039,0.0,0.0,511.05896,262.708,0.0,0.0,495.13782,233.15303,447.635,234.95132,449.11053,234.45847,440.21106,278.7678,451.25854,314.6749,519.8198,321.92633,499.16772,335.8382,273.52975,232.62411,274.67865,217.52232,185.39322,278.10135,186.09135,264.14896,67.726685,278.13004,71.54039,268.20935
507.6778,272.74396,0.0,0.0,512.22205,261.53943,0.0,0.0,495.84955,232.27701,448.25958,234.59134,448.79218,234.17317,440.35522,277.37894,449.97778,313.8945,521.6002,322.33267,500.22183,338.3186,275.2046,234.5441,275.6151,219.65718,187.9218,278.89627,188.088,264.70844,69.93486,278.27673,74.2231,267.9679
511.32144,271.97626,0.0,0.0,515.72064,260.16058,0.0,0.0,497.70306,230.6026,449.65118,234.30696,449.853,233.2284,440.9353,277.48233,451.72495,313.4734,522.4697,322.257,502.59824,336.2509,276.5677,234.34401,276.6159,219.21799,188.4306,278.76132,187.98798,264.40805,70.25426,278.41135,74.34462,268.14456
508.53455,273.2075,0.0,0.0,513.14465,261.92783,0.0,0.0,496.44644,232.79495,447.5603,234.21463,449.76236,235.04819,439.54022,275.62094,451.40668,314.38135,521.6121,321.72998,502.3537,336.3221,275.28305,232.78185,276.65762,218.53899,189.22745,276.62503,189.72224,263.5266,72.2561,278.13797,76.36963,268.85144
507.89758,273.40903,0.0,0.0,512.8745,262.02066,0.0,0.0,496.75317,232.65163,446.22858,235.0585,449.48422,234.5186,437.9552,277.04114,450.9041,313.9551,521.0856,321.4279,502.7665,335.85352,273.77032,233.27629,275.80112,218.38982,190.96094,276.6957,191.45724,261.65494,73.75253,278.43658,77.33519,266.60834
507.21695,272.22598,0.0,0.0,512.2555,260.70837,0.0,0.0,496.84625,231.08757,446.80508,235.11996,449.4256,232.80304,438.0529,280.31607,451.20346,313.7811,519.89746,323.1733,502.5832,336.01062,272.29752,234.17949,274.00064,218.34,191.09633,277.8637,191.17201,261.14996,72.51048,279.23572,75.65552,265.85556
507.23004,271.5362,0.0,0.0,512.07544,260.2694,0.0,0.0,496.3989,231.64581,446.59344,236.81798,448.82776,233.47456,437.53375,282.16217,449.424,313.51398,519.70337,322.12015,501.6833,336.17468,273.0663,235.8244,274.50623,219.5244,191.12212,278.90036,191.81288,260.98648,72.1317,279.47522,75.17859,264.10504
507.46326,270.66647,0.0,0.0,511.88013,259.461,0.0,0.0,495.23328,231.08232,446.50662,235.49846,447.9969,233.37564,438.82993,280.6698,449.96408,313.9518,520.6643,321.1513,501.41943,335.70587,273.78134,235.05054,274.7693,219.34976,190.26695,278.55978,191.06174,261.94553,72.18233,280.70242,75.59056,266.82156
508.2658,270.4811,0.0,0.0,512.44,259.30487,0.0,0.0,495.3172,230.98163,446.59454,234.09364,447.9765,233.59378,439.08966,278.44836,450.29285,314.59604,521.5054,320.95984,501.47766,335.98993,272.81366,234.8009,273.6996,219.69998,189.62108,279.09677,190.49524,262.95767,71.58296,280.65723,74.96579,266.58197
508.28375,270.38657,0.0,0.0,512.44025,259.3513,0.0,0.0,495.77402,231.20488,447.38452,232.70032,449.04437,233.73405,439.91562,275.46686,451.3673,314.19995,522.2624,320.75864,502.88098,336.1064,273.21036,233.01315,274.27368,218.52467,189.62025,276.99445,190.80376,261.80103,72.2121,279.3438,75.63516,265.92307
509.58508,271.69446,0.0,0.0,513.64746,260.4385,0.0,0.0,495.82758,231.66064,446.61694,232.97064,448.97345,233.95476,441.17603,275.6168,451.344,314.36118,524.8198,322.63574,502.81104,336.6369,272.92203,233.69067,274.3504,219.23964,187.79501,278.4853,189.02852,264.35327,69.182205,279.2864,72.858185,267.4175
509.39948,272.40582,0.0,0.0,513.73615,261.29477,0.0,0.0,496.58945,232.32027,447.68073,232.79858,449.65167,234.46022,441.4679,274.26022,450.99136,314.20737,524.54297,322.48657,502.45712,336.96494,274.0655,233.41605,275.26416,219.2814,187.60295,277.16782,188.59949,263.77115,70.13216,279.0626,74.11011,268.2332
508.82294,272.03284,0.0,0.0,513.3882,260.64316,0.0,0.0,496.3945,231.36372,447.4569,234.549,449.05493,233.30418,440.63397,277.1738,449.80975,312.50208,522.49756,322.15015,501.20776,336.70502,274.9212,235.31528,275.86755,220.06001,189.77472,278.2958,190.14665,263.42242,71.20261,278.95493,74.90588,267.30634
508.70975,273.42917,0.0,0.0,513.14795,262.27115,0.0,0.0,495.94507,232.78723,446.91632,234.20602,448.48688,233.95871,440.34335,276.1172,448.90936,312.94522,522.5701,320.7034,501.07288,337.26294,275.15247,234.86816,276.0156,220.18317,189.86896,277.58752,190.75523,263.61002,71.87048,278.66803,75.43471,267.79413
508.34387,273.89572,0.0,0.0,512.6889,262.40027,0.0,0.0,494.954,232.22585,447.20905,235.43681,447.34695,233.04965,440.59668,279.85965,449.03793,313.06976,522.53296,321.04785,500.90155,337.2468,276.37576,235.5007,276.3423,220.06279,191.4118,277.1731,191.33055,262.38074,73.30185,278.63077,77.1158,268.08496
507.10397,273.67737,0.0,0.0,511.431,262.19354,0.0,0.0,494.12958,231.92706,446.8748,234.96294,447.0623,232.90793,440.4255,280.16296,449.6681,313.78882,521.09686,320.78873,499.81268,337.72748,276.73584,235.36118,276.79303,220.18167,193.03214,275.88373,192.70169,261.6474,75.96733,277.92188,79.828354,268.58856
507.0505,273.83325,0.0,0.0,511.4635,262.228,0.0,0.0,494.4733,231.9079,447.85968,236.48045,447.41187,232.62556,440.71735,282.7146,449.88757,313.28247,521.1867,321.21503,499.9486,337.3069,277.49988,235.73418,277.21506,219.6604,192.94672,276.8442,192.3424,261.00446,75.88356,278.95764,79.68819,268.02695
506.8476,272.6422,0.0,0.0,511.30096,261.18372,0.0,0.0,494.17923,231.47742,446.95425,236.04964,446.6338,232.77847,440.21893,280.621,448.94348,312.8249,521.8769,320.27884,500.3391,337.45728,276.56033,235.71428,276.38864,219.7766,192.63992,277.34628,191.94255,260.87726,74.67392,279.63547,78.35292,267.11066
507.07,272.6744,0.0,0.0,511.43805,261.37973,0.0,0.0,494.3398,231.77959,447.62262,235.12364,446.83704,233.02792,441.23172,279.39868,449.5423,313.30884,522.438,320.33438,500.9142,337.41245,276.83276,234.73695,276.32013,219.34406,191.86076,276.7734,191.35568,261.40744,74.87076,279.07227,78.71651,267.68875
507.19678,272.2576,0.0,0.0,511.40112,260.89648,0.0,0.0,494.0453,231.45752,448.34375,235.41682,446.63712,232.83904,441.9405,279.92596,449.22754,313.18622,522.60364,320.10696,500.64694,337.6693,277.79126,234.85727,276.68518,219.20395,192.03513,276.94382,191.21347,261.18048,74.23268,278.89285,78.12254,267.13257
507.05847,272.54135,0.0,0.0,511.59647,260.91745,0.0,0.0,494.2751,231.30418,448.16766,238.65019,446.1123,232.30193,442.2932,285.22852,449.47528,311.92233,522.7147,320.27353,502.23535,335.47467,277.32693,236.78044,276.0432,219.60623,192.22168,277.9323,190.80193,260.63065,73.54491,279.8045,76.89993,267.70825
506.71765,272.21,0.0,0.0,511.27222,260.7976,0.0,0.0,494.41425,231.34749,448.34164,237.82506,446.6851,232.17964,442.512,283.41354,449.1505,311.10995,522.23193,319.95474,500.71417,336.1262,278.25165,236.47351,277.23987,219.62967,192.88669,276.8505,191.89484,259.9744,75.10396,279.16776,78.47638,267.0851
506.53094,272.78427,0.0,0.0,511.13037,261.4374,0.0,0.0,494.4738,231.89008,448.76654,237.80597,446.61945,232.5279,443.0169,282.87567,448.69162,311.3771,522.1658,319.7403,500.3164,336.75867,278.24893,236.38657,276.8943,219.64746,192.61502,276.27408,191.44489,259.5604,74.74075,278.55917,78.22212,266.6227
506.40527,273.04678,0.0,0.0,510.9995,261.8159,0.0,0.0,494.3683,232.25797,448.42783,237.25703,446.59372,232.77646,442.9785,281.6455,448.69366,311.49152,522.39935,319.44656,500.45978,337.11856,278.0954,235.93219,276.93915,219.55357,192.3607,275.64383,191.36446,259.44437,74.84816,278.0519,78.263794,266.4577
506.01587,273.25113,0.0,0.0,510.76978,261.8155,0.0,0.0,494.17676,231.8666,447.85175,237.47296,446.4452,232.34177,441.98712,282.23453,448.9974,311.26987,521.4295,319.9251,501.01013,336.94244,277.7,235.93997,276.7916,219.27788,192.32468,275.94632,190.96289,259.4249,74.19649,278.3654,77.68855,266.83264
505.75644,273.2028,0.0,0.0,510.5163,261.84253,0.0,0.0,494.00827,231.8931,447.13867,237.44196,446.3495,232.4307,440.93484,282.6727,449.0788,311.90228,520.65027,319.25552,501.50314,336.69275,278.02744,236.36212,277.51987,219.78212,193.43333,275.91486,192.34212,259.05432,75.14064,278.227,78.528534,265.97186
505.0265,272.6465,0.0,0.0,509.9041,261.3634,0.0,0.0,493.82333,231.53423,446.2837,236.4318,446.18997,232.27165,440.08298,281.4522,448.8167,312.16803,520.1454,319.9601,501.66788,337.32526,276.1709,235.2073,276.16666,218.91083,192.14995,276.00793,191.36827,259.4648,73.58432,278.0598,77.015625,265.91144
505.1549,272.24927,0.0,0.0,510.04938,261.1414,0.0,0.0,493.9988,231.64987,446.54053,236.47548,446.4264,232.56535,441.80692,281.9332,449.5263,312.63007,522.37134,320.09634,503.00702,337.10272,276.52475,235.26646,276.54068,219.0922,191.95708,275.5591,191.31432,259.54608,74.19438,278.60925,77.5083,267.09076
504.38153,272.67285,0.0,0.0,509.56592,261.44568,0.0,0.0,493.5003,231.33885,444.92047,236.89804,445.36072,232.35065,440.37103,282.62668,448.61078,312.95007,521.78046,320.38104,502.41144,338.26013,275.2749,236.88658,275.70206,220.37376,190.75514,277.2619,189.67157,260.51193,72.06729,279.19775,75.48401,266.95566
505.08105,272.62885,0.0,0.0,509.9804,261.45154,0.0,0.0,493.5005,231.67534,445.6595,236.38742,446.06564,232.82167,440.8297,280.8458,448.50122,312.65714,522.4186,319.62222,501.6422,338.11575,277.4603,236.44376,277.84125,220.44365,192.30704,275.88687,191.52885,259.9688,73.918655,277.8698,77.59137,266.20123
505.39865,272.34622,0.0,0.0,510.002,261.26047,0.0,0.0,493.36664,231.44392,445.21127,234.44101,446.5161,232.54192,440.31104,278.83734,448.53973,312.72455,522.04517,320.45667,501.3675,338.20358,276.6402,234.91039,277.70914,219.62424,192.96335,274.38882,192.93622,259.3743,74.05728,278.14172,77.35007,266.74573
506.28577,272.85825,0.0,0.0,510.66846,261.7951,0.0,0.0,493.5757,232.19566,445.60318,234.73776,446.694,233.07655,441.463,278.0518,448.91095,312.46686,523.4614,319.8681,501.83264,337.8021,277.43082,235.11871,278.2842,219.945,194.64139,274.39487,194.80759,259.14246,75.334274,277.96945,78.50302,265.75653
507.1959,273.02203,0.0,0.0,511.32092,261.93954,0.0,0.0,493.55707,232.57028,446.85406,235.4182,446.6056,233.38661,443.45557,278.95987,449.052,312.49442,525.42145,319.17398,501.99304,337.3825,279.0806,235.58517,278.9947,220.4511,195.68661,273.87112,195.57101,259.45236,76.39726,276.3822,79.590195,265.74927
507.65033,272.42725,0.0,0.0,511.4973,261.59836,0.0,0.0,493.54352,232.86496,447.1208,233.94035,446.75293,234.01085,444.14774,276.38718,449.2611,313.16827,525.96014,318.2688,501.85162,337.0436,278.93213,234.17899,278.76828,220.05028,196.41739,272.2099,196.83371,259.4123,77.79974,275.27332,80.952194,266.02945
507.69653,272.72375,0.0,0.0,511.46704,261.856,0.0,0.0,493.29,232.91388,446.7869,233.3179,446.62048,233.95547,443.51227,275.44025,449.16318,313.06577,525.0347,318.3799,501.4284,336.9554,278.97845,233.95038,278.92194,220.13782,196.92569,272.50793,197.42186,260.24722,78.48633,274.34988,81.79045,265.6675
506.95166,273.09988,0.0,0.0,511.31476,262.06497,0.0,0.0,493.99585,232.4919,445.3935,233.55817,446.72162,233.46751,441.98087,275.69647,449.8722,313.05466,524.6564,318.28564,501.64246,336.9031,275.53418,234.71378,276.41827,220.35313,193.94788,273.4074,194.17142,260.05206,75.72035,275.17566,78.89987,265.60876
506.84674,272.39124,0.0,0.0,511.16284,261.143,0.0,0.0,493.64233,231.59708,445.86304,233.39795,446.64902,233.08661,441.82294,275.15234,450.14276,312.696,524.25256,318.01773,501.4466,336.53378,276.35303,234.5155,276.81543,220.04007,194.0008,273.10538,193.53725,259.55713,75.924164,275.10944,79.30055,265.48236
505.97095,271.10394,0.0,0.0,510.35303,259.5016,0.0,0.0,492.6285,229.5911,446.63486,234.45056,445.07605,231.41559,442.39468,276.83844,449.477,311.11118,523.804,317.176,500.73383,337.28406,277.93573,237.19362,276.90955,221.36368,194.64493,274.61807,192.19394,258.4085,74.72089,277.55695,78.14842,265.49997
504.5379,271.2413,0.0,0.0,509.2295,260.20886,0.0,0.0,492.60913,231.33235,446.88785,236.33318,444.79486,233.48846,441.9282,281.3595,448.61786,315.17316,520.24805,313.2352,501.15158,336.50247,277.02713,238.64719,275.5158,223.04059,187.53043,274.9795,186.70825,261.0087,71.96408,279.4459,76.44678,271.20483
504.56998,271.5741,0.0,0.0,509.24677,260.57486,0.0,0.0,492.82245,231.73299,447.02814,236.3137,445.1601,233.65356,441.80515,280.97314,448.52774,315.01288,520.0502,312.90692,501.08435,336.09085,276.98502,238.36072,275.58435,222.82195,187.72562,274.84866,187.17296,260.93646,72.13402,279.47684,76.361496,271.11877
505.6015,271.45663,0.0,0.0,510.07806,260.65256,0.0,0.0,493.1839,231.7755,447.71472,234.2215,445.25858,234.26936,442.87268,277.9715,448.3927,316.46844,520.2666,312.28824,499.81943,336.96225,277.71158,237.55167,275.90656,223.49274,190.23628,272.66116,189.79005,261.7922,75.37283,276.76526,80.50377,272.4151
505.85706,271.10214,0.0,0.0,510.34235,260.30142,0.0,0.0,493.39896,231.47845,447.44452,232.64774,445.60416,234.35532,443.38535,273.96445,448.85126,316.2019,521.0679,310.54858,500.56973,337.21674,277.50174,236.70932,276.00864,223.32092,190.7521,271.9484,190.38121,261.95193,75.679306,275.97443,80.890396,272.16983
506.2844,270.88312,0.0,0.0,510.66302,260.413,0.0,0.0,494.0901,231.67126,447.74185,229.49854,447.1488,234.4724,443.9312,268.3189,449.03445,315.7034,520.899,311.02008,499.63196,337.966,277.9691,233.41202,277.28854,221.40614,190.99364,269.92337,191.58908,262.39417,75.487946,273.431,80.8174,271.72092
506.26257,271.2123,0.0,0.0,510.622,260.4183,0.0,0.0,493.75763,231.33536,447.46478,231.61214,446.68057,233.66379,443.74084,272.47064,448.85382,314.83136,521.1474,312.16684,499.52557,338.23306,277.8156,235.27141,277.08405,221.96536,190.90508,271.55545,191.28339,261.95807,74.49098,275.35028,79.52646,271.71606
506.43854,271.53262,0.0,0.0,510.87598,260.6232,0.0,0.0,494.34528,231.34828,447.907,231.91599,447.27707,233.50987,444.20413,272.75433,449.14337,314.54617,521.4542,312.77563,499.27014,338.14172,277.3785,235.65575,276.74295,221.9576,191.21007,272.07147,191.58641,261.27267,74.82997,275.52747,79.56761,269.95038
505.74786,272.3105,0.0,0.0,509.92255,261.65613,0.0,0.0,493.16388,232.37856,447.9936,231.67767,446.28647,234.09467,444.90274,272.64856,449.54932,315.4289,521.84296,312.30295,499.76248,337.73367,278.05447,234.64095,276.90805,221.3098,191.52293,273.01157,191.58882,262.51126,74.62453,275.0971,79.335236,269.6838
505.88754,272.04532,0.0,0.0,509.99084,261.45975,0.0,0.0,493.12238,231.96902,447.5259,229.40881,446.37756,233.86496,444.83112,269.52335,449.9914,315.83887,521.4731,311.645,499.58023,337.63647,277.27817,233.68407,276.42157,221.2913,191.51137,271.74927,191.828,262.85886,75.014465,273.96317,79.904434,270.18677
505.84265,272.13907,0.0,0.0,509.99362,261.51413,0.0,0.0,493.14447,232.03406,447.44916,229.6651,446.42035,233.95474,445.0217,269.19534,449.73502,315.67456,522.3724,310.604,499.79236,337.53616,277.86987,233.79305,277.05612,221.42589,192.89554,271.61752,193.27158,262.82745,76.13287,273.60455,81.08438,270.04645
506.1812,272.14273,0.0,0.0,510.14526,261.64194,0.0,0.0,493.1861,232.5164,448.07074,229.54752,446.71707,234.49994,445.3973,269.10486,449.89465,316.12604,522.3038,310.87607,499.613,337.01453,278.85614,233.09686,277.84665,221.05904,193.46515,271.0377,194.00162,262.7279,77.403336,273.1059,82.275024,269.86407
506.53998,271.33557,0.0,0.0,510.34958,260.82556,0.0,0.0,493.15112,231.80438,448.42786,228.86223,446.94238,234.07268,445.40152,268.9714,449.46844,315.85056,521.46985,312.7546,499.0035,337.94012,279.56967,233.32536,278.45764,221.3843,193.25249,270.6258,193.81528,262.71274,76.096924,273.3191,81.08742,270.50198
507.01624,272.15182,0.0,0.0,510.87842,261.8845,0.0,0.0,494.2366,232.87706,449.51056,227.42383,447.60596,234.90698,445.971,265.59818,449.7035,316.8084,521.896,311.10498,498.8079,337.39532,277.85992,231.37375,276.51755,220.1218,191.81322,270.1282,192.5028,262.66354,75.11545,272.51297,80.00845,269.4523
506.7657,272.29825,0.0,0.0,510.76205,261.93222,0.0,0.0,494.018,232.72192,448.904,228.44856,447.19492,234.68097,445.96466,267.3802,449.9259,316.69382,522.6526,310.77628,499.57803,337.7754,278.48923,232.3818,277.24628,220.77528,193.34248,269.87802,193.90778,261.92697,77.34384,272.37253,82.319855,269.20105
506.9289,272.44293,0.0,0.0,511.02142,261.98895,0.0,0.0,494.1704,232.45314,448.7088,228.22707,447.1066,234.38579,445.9146,267.14938,450.017,316.67557,522.8346,310.70245,499.71866,337.84387,278.16602,232.41074,276.9744,220.80722,193.20901,269.58145,193.55563,261.83768,76.86661,272.08823,81.93942,269.43762
507.04947,272.251,0.0,0.0,511.14014,261.80768,0.0,0.0,494.31873,232.33426,448.78668,228.11812,447.46988,234.3803,445.53183,266.94775,450.07648,316.58838,522.0194,310.85043,499.58075,337.93042,278.61282,232.20601,277.57916,220.6502,193.16562,269.56937,193.67639,262.02985,76.9494,272.3699,82.140686,269.98544
506.8417,272.06165,0.0,0.0,511.03265,261.52307,0.0,0.0,494.2485,232.09056,448.46375,228.64236,447.1984,234.27304,445.15894,267.10562,449.5478,316.27362,521.89404,310.35846,498.9655,338.18442,277.84418,232.76845,276.8348,220.83377,192.36545,270.87256,192.61746,262.5642,75.363434,272.55228,80.57486,269.28876
506.7553,271.40686,0.0,0.0,510.92972,260.9495,0.0,0.0,494.25946,232.09099,448.93713,228.86176,447.25925,234.83505,445.50635,267.32132,449.50302,317.17166,522.6611,309.41705,499.44928,337.29718,278.16083,232.66803,276.92047,220.74475,190.66965,270.92273,190.94499,262.3576,74.94154,274.0027,80.018814,269.9732
506.87012,271.2179,0.0,0.0,511.0016,260.82263,0.0,0.0,494.25793,232.1063,448.81656,228.41806,447.4027,234.98126,445.93896,265.86612,449.62976,316.95926,523.2665,307.96158,499.65686,337.0492,278.17606,232.50677,277.07074,220.91713,191.01689,270.03445,191.48619,262.26227,75.284546,273.10187,80.42938,270.03873
507.00262,271.66528,0.0,0.0,511.01868,261.17,0.0,0.0,493.96442,232.57578,448.70697,229.28339,447.45963,235.4846,445.5966,267.03387,449.98685,317.2235,523.11847,308.76807,499.94193,336.4037,278.62494,232.37543,277.6408,220.64426,191.54399,270.0344,192.03596,262.0407,75.87462,273.20493,81.02942,269.88284
506.68042,271.56918,0.0,0.0,510.75418,261.02655,0.0,0.0,493.6919,232.08629,447.82617,228.84596,446.83716,234.8997,445.0936,266.85562,449.43768,317.2244,521.86084,308.918,498.86435,336.8574,276.16046,231.99594,275.3759,219.97252,188.48854,271.81412,189.03998,263.27237,71.56311,274.24234,76.58176,270.11035
506.7868,271.38373,0.0,0.0,510.93793,260.82153,0.0,0.0,493.73453,231.7647,447.21304,229.26855,446.15375,234.46721,444.41238,268.36658,448.89145,317.28516,521.8711,309.7291,499.63275,337.82275,275.10352,232.82281,274.28085,220.40213,188.1255,273.20197,188.65758,263.5242,70.66838,275.01144,75.43907,269.2874
506.15845,271.6554,0.0,0.0,510.41132,261.1617,0.0,0.0,493.73444,231.90692,446.5742,227.96738,446.11557,234.73935,443.5804,265.44305,449.01428,317.35083,520.6892,309.73523,498.78976,337.4775,271.83383,231.85812,271.46878,219.92114,185.78093,273.2915,186.52306,264.25195,67.65466,276.2143,72.41394,270.88028
506.37805,271.1365,0.0,0.0,510.49194,260.7298,0.0,0.0,493.54788,231.93684,446.78094,227.77097,446.27393,234.89029,443.79358,265.08954,448.71478,317.01984,521.25586,309.68982,498.56317,338.17807,273.45007,231.3785,273.01852,219.89192,187.76442,270.94815,188.7108,263.20923,70.55351,274.9152,75.624405,271.58975
506.0567,271.12726,0.0,0.0,510.22598,260.79086,0.0,0.0,493.46863,231.99097,445.8969,227.41179,446.16238,234.83154,442.62277,264.94998,448.32703,317.12875,520.2163,310.19476,498.45993,338.45514,271.41354,230.97722,271.48325,219.52722,185.6515,271.4155,187.10075,263.8166,68.105865,275.62967,73.05199,272.35046
506.12494,271.15924,0.0,0.0,510.32043,260.6636,0.0,0.0,493.38272,231.8785,445.97772,228.73175,445.81433,234.73688,442.6202,267.26044,448.2173,317.02356,520.1033,311.2441,498.58527,338.3459,271.4685,231.67279,271.2531,219.57364,185.73805,271.88223,186.78091,263.0517,67.97284,275.9251,72.85933,271.34665
506.62018,271.01266,0.0,0.0,510.7849,260.55753,0.0,0.0,493.76,231.85963,446.6453,228.32762,445.90598,234.84401,443.67847,266.40433,448.32025,317.19055,520.914,311.10638,498.82922,339.06696,271.51242,231.53658,270.9077,219.61246,185.01857,271.545,185.93768,262.92722,67.782745,275.775,72.80786,271.272
506.58276,270.28796,0.0,0.0,510.7832,260.12405,0.0,0.0,494.3504,232.10167,447.5819,227.99678,446.9347,235.0737,443.91904,265.8897,447.9349,316.98523,520.4318,310.97028,497.95337,339.36118,273.65308,230.14342,273.1404,218.65977,187.29985,268.8187,188.61125,261.2954,70.40231,273.78113,75.34192,270.70825
505.7033,269.9545,0.0,0.0,510.3775,259.41217,0.0,0.0,494.32153,231.10321,446.55573,230.09825,446.48865,234.45883,443.054,269.1213,448.41455,316.54248,520.54895,310.34473,499.01028,338.99112,273.30704,233.38666,273.0077,220.92014,188.20583,269.92984,188.8311,261.29266,71.39755,274.84164,76.580414,271.86368
505.1816,270.2461,0.0,0.0,509.8228,259.5852,0.0,0.0,493.3344,231.15263,446.6629,232.10835,445.06482,233.99316,443.31674,272.89673,447.4306,315.52588,521.9497,311.88507,499.9231,338.99823,274.36484,234.18808,273.21344,220.76047,188.60504,270.75284,188.35226,260.6418,71.8634,275.1899,76.78943,271.12665
505.589,270.15857,0.0,0.0,510.0207,259.53818,0.0,0.0,493.11548,231.46136,447.01614,232.33336,445.3009,234.58238,444.03284,272.3623,447.77057,315.48312,522.20135,312.58755,500.01154,339.55325,275.83932,234.63802,274.52643,221.40665,189.4909,269.8227,189.19237,260.15942,71.88095,274.38788,76.97769,270.67212
505.46655,270.39682,0.0,0.0,510.0458,259.6554,0.0,0.0,493.27563,231.29031,446.36642,232.97855,445.24973,234.27782,443.49408,273.7703,447.67358,315.46445,522.0916,312.13718,500.29272,339.33676,275.05923,235.5618,274.03925,221.99503,189.91675,270.0432,189.85635,259.94757,72.37479,274.25403,77.44574,270.2951
505.5429,271.04498,0.0,0.0,510.2079,260.39728,0.0,0.0,493.62222,231.75871,445.31555,231.26797,445.88025,235.14728,443.7457,270.8052,448.43173,317.05872,522.9114,311.7649,499.68808,338.0265,272.6649,234.89633,272.7268,222.33379,187.85513,270.16394,188.43542,261.93387,70.191864,273.19025,75.34013,270.89966
505.031,270.50317,0.0,0.0,509.71777,260.27927,0.0,0.0,493.7084,232.17572,445.16385,229.41974,446.12268,235.85803,443.46228,267.31027,448.3075,317.7058,521.9977,310.96255,499.33826,338.91327,271.7749,233.83711,272.04962,222.40398,186.22002,269.02087,187.55055,262.6332,70.22044,272.5964,75.6223,271.82574
505.2718,270.8968,0.0,0.0,510.13373,260.39853,0.0,0.0,494.1328,231.79321,444.81354,230.15439,446.23132,235.41425,443.28387,268.82727,448.91714,317.6277,521.9826,311.80792,499.70642,338.80817,270.8078,235.00314,271.3687,222.92818,185.74123,271.53662,186.88034,263.86725,69.54811,273.77832,74.996414,271.62903
505.06122,271.19336,0.0,0.0,509.8233,260.75232,0.0,0.0,493.6801,232.48074,444.289,230.71729,445.84885,235.96115,443.33844,268.44495,448.94373,317.01312,522.41614,311.50287,499.9747,337.88187,270.7682,234.6692,271.51062,222.72256,188.74866,270.1824,190.03221,262.2783,72.72221,274.76315,77.95212,272.16663
506.01535,270.37628,0.0,0.0,510.60175,259.99036,0.0,0.0,494.03485,232.62325,444.6408,231.50287,446.35144,236.79152,444.0471,267.84766,449.68756,316.8031,523.47534,310.0603,500.39908,337.6704,271.64343,235.24905,272.3903,223.39484,189.95079,270.14716,191.41525,262.4012,74.333755,274.65866,79.61235,272.2614
507.16223,269.87155,0.0,0.0,511.62857,259.3911,0.0,0.0,494.7805,231.52527,446.7772,230.66623,446.81696,234.94147,444.77185,268.10025,449.08722,315.105,523.56006,310.5159,500.3959,339.09946,274.35153,234.70389,274.12283,222.36703,190.09422,270.36023,190.96037,261.92963,73.57156,274.91708,78.44652,271.914
507.2834,270.06128,0.0,0.0,511.52698,259.57358,0.0,0.0,494.4747,232.05296,447.06805,231.49649,447.24933,235.54105,444.44174,268.28873,449.48535,314.7185,522.90436,309.98398,500.3473,337.6244,275.66302,233.58383,275.5625,221.15002,191.38464,269.43756,192.23563,260.78687,74.2372,273.3056,78.774734,269.94086
507.4919,269.9762,0.0,0.0,511.66263,259.7208,0.0,0.0,494.66003,232.43886,447.3963,229.71262,447.057,235.95947,445.324,264.59232,448.89795,314.8139,523.7887,308.0728,500.00067,337.55786,274.94974,232.31863,274.52444,221.0,192.1525,267.37634,193.32692,260.6367,76.34799,271.00815,81.0753,269.6648
507.78787,269.9361,0.0,0.0,511.9211,259.71683,0.0,0.0,494.784,232.48169,447.1822,229.78876,447.08752,236.07945,444.8625,265.82468,449.4073,315.59314,523.26917,309.22055,500.75497,337.26648,274.74814,232.67987,274.49115,221.33463,192.01254,267.84128,193.28784,260.77933,76.07204,271.3059,80.63541,269.3262
507.15387,270.0498,0.0,0.0,511.44598,259.49994,0.0,0.0,494.1339,232.2511,447.0082,232.62881,445.82925,236.08008,444.5313,269.07278,449.29355,315.19388,523.2662,308.37433,501.38336,337.29422,275.08066,235.28694,273.9977,222.73772,193.44778,270.45255,193.45331,260.97174,77.26332,272.11346,82.071945,268.00708
507.84656,269.62906,0.0,0.0,511.97437,259.14136,0.0,0.0,494.4959,232.11627,447.25208,231.6469,446.5868,236.27277,444.71603,267.52734,449.97223,315.56354,522.82,308.02652,501.27563,337.30444,275.21564,234.35983,274.48334,222.21205,193.63792,268.71014,193.87677,259.68143,77.0022,271.67456,81.62395,267.63885
507.31357,269.46002,0.0,0.0,511.44284,259.0499,0.0,0.0,494.03168,231.94768,446.3562,231.28392,446.6673,236.12744,443.537,267.83655,450.16632,315.65155,521.2518,309.55377,501.2239,337.0485,275.66156,234.7543,275.6235,222.66132,193.91953,269.4318,194.21939,260.5537,75.0052,270.76495,79.53908,266.7833
507.21,269.57605,0.0,0.0,511.3546,258.9549,0.0,0.0,493.68533,231.48116,446.35608,231.61595,446.36514,235.52542,443.48065,269.086,450.27087,315.3652,521.5137,310.8561,501.8463,337.29425,276.42972,235.13013,276.1932,222.62924,194.48694,269.44238,194.3602,259.85303,75.19853,271.61185,79.91339,266.9639
506.39154,269.53143,0.0,0.0,510.87354,258.96826,0.0,0.0,493.77844,231.22452,445.39996,231.64026,446.1554,235.31192,443.43054,270.8961,450.14972,316.38452,522.41284,312.7831,502.37143,338.29065,274.9284,235.91989,275.20035,223.39842,193.3216,268.8898,193.35695,259.7214,74.83945,272.45337,79.69525,268.73724
504.59885,268.92932,0.0,0.0,509.4522,258.30325,0.0,0.0,492.80377,229.49124,442.52374,229.02103,444.46185,233.34247,441.17987,269.42307,449.50348,316.4085,520.2984,312.8672,501.5796,338.56427,270.69705,236.20978,271.7766,223.80762,190.58553,269.69452,190.66972,260.14835,72.36362,273.4629,77.075775,268.8262
505.0523,268.23038,0.0,0.0,510.61435,256.7965,0.0,0.0,494.7655,227.0515,442.4371,230.43463,446.01654,231.31578,439.2325,271.13733,449.95526,314.10394,519.9969,313.87134,502.55734,337.01538,268.91617,239.6441,271.0429,225.27647,189.85521,274.4724,189.5734,261.09024,67.72009,280.76578,72.47537,271.71982
504.2765,265.7979,0.0,0.0,509.4983,254.5314,0.0,0.0,493.22296,225.21156,440.6413,227.80292,444.6405,230.19814,438.1285,269.18427,448.61316,314.07608,516.9032,314.20816,499.73016,337.68362,266.1157,238.5382,268.6389,224.60883,186.99394,275.51974,187.04588,262.276,65.26105,282.14603,69.5175,272.19708
506.07275,266.68872,0.0,0.0,510.9088,255.20999,0.0,0.0,493.92163,225.67651,442.96545,228.35376,446.00467,230.42308,439.3078,269.56128,449.2334,314.25873,516.885,312.78186,499.5558,336.906,269.42218,238.27565,271.23132,224.10123,187.8676,275.49774,187.79588,261.96738,64.69054,281.5341,69.32143,271.25012
505.7637,266.94186,0.0,0.0,510.9074,255.48563,0.0,0.0,494.65466,225.47902,443.23138,228.15112,446.61578,229.81467,439.08035,270.25845,450.22974,313.9058,516.6929,313.8207,501.2929,336.79907,270.20746,237.05396,272.28775,222.89836,189.78732,274.99594,189.83644,261.61655,68.094086,280.9983,72.68741,271.35968
505.29083,266.85022,0.0,0.0,510.54602,255.64383,0.0,0.0,495.06726,225.7941,443.32205,227.4408,447.31808,229.98816,438.57678,270.32996,449.70703,314.36624,515.8947,315.46912,501.56973,337.2316,270.43613,236.5428,273.00024,222.80579,189.61348,274.40723,190.38527,261.8487,68.801865,279.71948,73.25397,270.62857
505.09604,265.5911,0.0,0.0,510.55008,254.35104,0.0,0.0,495.1214,225.02484,442.9214,229.13577,447.0906,229.99721,438.30566,274.34677,450.1244,315.512,516.73413,317.06363,503.091,337.19666,270.4961,239.26468,273.15613,224.47424,186.50224,277.29004,186.86879,262.09644,66.527176,281.406,70.39116,268.25278
506.89014,266.21402,0.0,0.0,512.29675,253.905,0.0,0.0,496.161,223.7875,445.73157,231.3046,447.67578,228.62938,439.48795,274.21307,449.29333,312.1524,517.25305,313.83127,493.7034,336.80032,275.3445,238.59813,276.43646,222.95157,200.38248,275.4254,197.41724,259.05374,78.22995,279.71564,82.159836,268.46643
507.34833,266.41476,0.0,0.0,512.6293,254.07495,0.0,0.0,496.14563,224.16576,446.073,231.83482,447.50763,228.87372,439.21548,274.674,449.124,311.97812,516.5475,313.76724,493.96832,336.69412,275.8841,238.04997,276.5828,222.3331,200.84518,275.63516,197.82245,259.14517,79.07295,279.92188,83.02272,268.6707
508.56094,266.6412,0.0,0.0,513.69775,254.09625,0.0,0.0,496.65497,224.08295,446.76923,231.80083,447.70776,228.86084,439.47742,274.26166,449.0952,311.87762,516.8336,314.1732,493.41464,336.10944,275.89554,237.47919,276.34097,221.56975,201.57448,275.05228,198.25916,257.494,79.57889,280.63232,83.34802,267.52954
508.6861,266.73334,0.0,0.0,513.618,254.85568,0.0,0.0,496.5893,225.71472,446.31714,230.95326,448.53275,230.45424,439.39264,273.36353,449.10187,312.81134,517.3367,315.5259,494.99982,336.97934,277.3838,235.69424,278.68842,221.3136,200.8135,272.5235,199.14668,258.8941,81.04756,277.36237,84.94061,268.91022
508.47955,268.92148,0.0,0.0,513.0722,257.74307,0.0,0.0,495.7406,227.80249,445.3696,226.56552,447.85513,231.23207,439.836,266.2364,447.90656,313.42615,516.51025,315.41,492.6507,339.09253,277.41687,232.52805,279.08365,220.61151,200.97195,269.83798,200.32825,260.50836,81.31572,274.1122,85.500916,269.7745
508.03357,269.20026,0.0,0.0,512.77496,257.983,0.0,0.0,495.46558,227.96298,443.54956,226.35667,446.9971,231.8009,438.05878,263.47668,446.275,313.27188,515.9589,312.97852,490.851,339.77707,274.123,235.61636,276.29834,223.88089,199.30478,271.69666,198.7739,262.0672,78.883896,274.9206,83.24141,269.72766
508.03464,268.93332,0.0,0.0,512.66016,257.7618,0.0,0.0,495.36438,227.98605,443.6549,226.93842,446.6173,231.51805,437.2721,263.8176,445.62524,312.17612,515.3444,312.72165,489.91168,339.42178,272.77844,235.70082,274.70212,223.32956,198.46375,273.83426,197.86221,262.2981,77.34398,276.4257,81.17912,268.43445
508.56567,267.92517,0.0,0.0,512.94495,256.48654,0.0,0.0,494.9577,227.94153,445.46716,232.60167,445.9801,231.90335,439.59915,273.1158,445.89478,311.6448,518.4356,315.27438,490.84668,339.66992,275.3817,239.52069,275.6774,225.02795,199.10367,275.39706,197.98189,260.83826,79.788025,276.85345,83.46243,266.09488
507.667,268.03024,0.0,0.0,511.8874,257.11673,0.0,0.0,494.00787,228.62119,443.5702,230.08026,445.41852,232.0102,438.75092,270.11597,445.52496,311.63937,516.7569,317.06473,489.38516,339.91998,273.3159,235.03934,274.63815,221.75197,195.85493,275.55637,196.02551,263.5917,77.271805,275.00366,80.558945,266.90335
506.85114,265.067,0.0,0.0,510.61395,253.97916,0.0,0.0,491.96423,225.8959,443.27658,228.34068,443.31635,230.23972,439.02783,271.61182,445.65775,311.90714,515.0106,319.22125,488.40326,340.8578,270.57065,232.41608,270.71683,219.46397,193.00957,274.1767,192.6352,264.4425,76.058014,272.04822,79.9487,268.33902
506.36804,265.07907,0.0,0.0,510.20966,254.01282,0.0,0.0,491.89816,225.45772,442.61584,226.76634,442.7597,229.48708,437.4947,270.14865,446.0143,312.20728,513.38477,319.0394,487.88135,340.42578,267.68848,231.26566,267.88565,218.41241,190.79865,275.49277,190.26083,264.84323,74.347305,272.09546,77.95253,266.57498
505.59268,266.0075,0.0,0.0,509.7047,254.69797,0.0,0.0,491.74115,225.51471,442.70767,228.3275,443.03955,229.56108,436.93735,272.7627,446.74615,312.80392,513.49756,319.48267,490.39398,341.09448,270.64517,233.43234,270.9651,220.12555,195.19514,274.0703,194.23697,262.69257,77.53757,273.4902,81.83272,267.88876
504.1349,269.0816,0.0,0.0,509.3614,257.2875,0.0,0.0,492.62524,226.42645,442.2944,231.88007,442.3157,228.97388,434.74335,275.1864,445.02075,310.4936,510.6223,320.0133,488.51636,340.70673,269.2772,235.11743,269.25168,219.5332,191.9598,278.6119,189.26411,262.2204,75.742004,274.47385,80.7009,263.2273
504.67328,270.8255,0.0,0.0,509.3461,259.23846,0.0,0.0,491.97467,227.97894,440.7669,228.3489,443.16235,230.05661,435.38266,269.73422,445.96478,312.16284,510.55948,319.54346,487.31586,340.4521,267.9204,232.84279,269.344,219.32782,190.85869,279.4723,189.99792,267.33295,73.20856,274.75797,78.47861,267.74655
505.10596,272.84964,0.0,0.0,509.43292,261.3885,0.0,0.0,492.03638,229.55211,440.32675,226.59277,443.89743,230.65578,436.2548,266.94562,448.00574,312.9341,511.07938,319.81293,488.17755,340.5857,265.34708,232.67223,267.5328,219.7077,186.70157,280.39578,186.54607,268.5054,68.874435,277.1319,73.117035,268.92056
505.77277,271.20322,0.0,0.0,510.23862,260.07053,0.0,0.0,493.2271,229.11655,441.35052,226.42308,443.80435,230.51593,436.7907,266.6316,446.69455,312.48218,512.0092,318.36847,488.4386,340.69016,265.263,233.05127,266.78745,220.09854,186.6689,278.4566,186.73161,265.95425,70.79489,276.87277,74.50479,267.36566
506.03714,270.75858,0.0,0.0,510.31516,260.09253,0.0,0.0,493.74915,230.17836,442.49365,226.37091,445.27063,231.91808,437.81268,267.76483,447.7346,314.06046,513.1509,319.64847,490.0822,340.49213,266.8202,231.17723,268.60175,219.12566,187.07906,275.3313,188.17464,265.46805,73.002014,273.88455,76.63162,267.88535
505.9131,270.7564,0.0,0.0,509.79266,260.2441,0.0,0.0,492.8272,230.6412,441.81543,225.10832,445.27356,232.5342,437.51657,265.48807,447.896,314.21024,511.88623,319.8882,489.1652,340.26828,265.58624,230.61436,267.70602,219.4748,186.92361,273.86566,188.48668,266.14578,71.333374,269.75244,74.89119,266.07175
506.72546,271.60962,0.0,0.0,510.3869,260.83783,0.0,0.0,492.67163,230.09712,443.98514,225.58002,444.70355,230.8155,440.33405,269.84637,447.38226,313.33875,513.68256,321.8533,489.02655,339.3741,270.54855,230.23009,270.96124,218.89856,192.47507,271.85956,193.5481,265.4341,79.32767,268.97723,83.380005,268.8313
506.63824,270.871,0.0,0.0,509.8344,259.91663,0.0,0.0,490.84705,228.98709,445.08347,224.9693,443.5503,230.32642,441.39526,269.24704,447.55194,313.45026,513.7357,320.0759,488.30475,338.19226,275.74744,229.68233,274.7027,218.69954,194.6698,270.66437,194.60097,265.72787,79.87413,269.86365,84.63437,272.63126
506.00452,271.129,0.0,0.0,509.46527,260.2047,0.0,0.0,490.97842,229.03018,443.40433,224.72923,443.5515,230.28415,439.99475,268.58267,447.49484,313.3006,513.5292,321.0212,487.18695,338.28976,272.81964,229.89865,272.884,218.94919,193.7585,272.57294,194.06332,267.35367,79.60208,269.80383,84.55481,272.0412
506.28558,271.50253,0.0,0.0,510.35364,260.15396,0.0,0.0,492.472,228.52768,442.43488,227.4448,444.25974,230.3178,438.27817,272.8638,448.22314,314.19962,511.74463,322.8024,487.32883,338.7333,268.1697,233.74345,269.25314,220.98141,188.45099,276.93948,188.52905,268.10727,72.631714,272.08365,77.71251,269.88123
506.88208,274.4842,0.0,0.0,510.86853,263.813,0.0,0.0,494.07532,233.40541,444.22336,227.651,446.7744,234.44446,440.5985,266.97775,449.5126,315.16055,516.9399,318.80612,489.89465,338.79938,269.57584,232.64075,271.11426,221.44928,190.28896,276.38773,191.80783,269.00378,77.35713,275.45056,81.79492,273.07236
505.13376,276.518,0.0,0.0,509.69684,265.72525,0.0,0.0,493.06885,233.74876,442.06763,227.82416,444.7216,233.76407,438.89093,266.528,446.8017,314.7176,515.59283,318.20883,489.426,341.33688,268.97482,233.56354,270.5108,222.10014,189.19635,280.4616,189.89401,272.91153,73.969864,276.4007,78.616714,274.5417
505.0799,273.80606,0.0,0.0,509.54984,263.05676,0.0,0.0,493.55914,232.08873,442.4618,227.9968,445.48495,232.655,436.97372,268.8011,446.20654,313.9731,513.0624,318.87936,487.9118,340.86807,268.5089,233.44165,270.3327,221.32166,190.39224,278.9125,191.57558,269.64633,75.233185,276.3769,79.2675,272.1766
504.7514,274.34406,0.0,0.0,509.05078,263.58472,0.0,0.0,493.30945,232.64153,443.64026,228.67429,446.37848,232.6485,437.40753,269.8009,446.5119,313.1526,512.7216,319.12683,486.7906,339.97058,271.43344,232.35147,273.18475,220.05501,193.06238,278.1957,194.40666,268.94684,78.39917,275.64136,82.54785,271.75677
506.30646,273.9677,0.0,0.0,510.47693,262.97525,0.0,0.0,494.05048,232.12076,444.34158,229.83875,446.9825,232.331,438.3385,272.41714,447.6434,313.0919,514.1773,320.36105,488.59326,339.1836,273.12045,232.74367,274.7262,219.88237,194.46732,278.2199,195.81035,268.0375,79.609146,275.8806,83.59985,270.99725
506.6131,271.90918,0.0,0.0,510.57422,260.77548,0.0,0.0,493.5065,230.3685,446.02158,231.96207,445.83746,230.586,439.14465,277.44016,445.96503,310.8416,513.18506,321.94244,487.95044,338.6162,277.01666,233.37112,276.99313,218.8499,197.62811,278.36548,197.7285,264.9984,81.445496,276.61673,84.85928,268.35626
507.1745,271.50726,0.0,0.0,511.2122,260.10916,0.0,0.0,493.7965,229.39099,445.64557,231.5183,445.7014,229.91788,438.72522,276.81348,446.36584,310.4385,513.2026,322.46704,488.8214,339.06918,275.96188,233.39175,276.0026,218.75815,197.14793,277.83566,197.07144,264.2053,81.03052,276.6928,84.735596,268.24158
506.35287,272.41138,0.0,0.0,510.42725,260.9528,0.0,0.0,492.85895,229.41702,444.60193,230.11807,443.82187,229.87526,437.5916,275.6153,446.1234,312.24326,512.5421,320.49585,488.70288,338.66278,271.58337,233.98764,271.01462,219.85158,192.55597,278.10797,192.16684,265.37042,77.02034,276.5419,81.077805,269.30624
506.05927,272.51782,0.0,0.0,510.3197,261.4776,0.0,0.0,493.37238,230.00539,444.69772,228.4084,444.2459,230.52069,437.86197,272.73557,446.01862,313.2573,513.1687,319.12787,488.92523,339.16205,271.65378,233.96498,271.2856,220.85988,190.42792,278.73782,190.34273,267.9566,76.27232,275.13538,80.3456,269.8713
506.148,273.01758,0.0,0.0,510.43555,262.01517,0.0,0.0,493.49698,230.02806,444.78958,227.39346,444.30307,230.27197,438.71307,271.7066,446.31277,313.63818,514.07935,319.15588,489.5911,339.30344,271.8355,233.29262,271.4755,220.5191,190.9319,278.38812,190.67493,268.1887,75.79886,274.59622,79.79071,269.96677
506.36276,272.90054,0.0,0.0,510.67273,262.0,0.0,0.0,493.813,230.45961,444.6654,227.3556,444.74023,231.04828,439.0122,270.64526,446.58307,314.06467,514.75366,319.13858,490.14108,339.34662,271.23242,232.87912,271.24362,220.35536,190.34132,277.99667,190.27069,268.17178,74.86667,274.90732,78.78958,270.43536
506.05414,272.89478,0.0,0.0,510.24054,261.9443,0.0,0.0,493.11893,230.40897,444.40845,227.1724,444.3223,231.09192,439.24506,270.35406,446.72516,314.1488,515.4573,318.57886,490.4702,339.22162,271.59866,232.40208,271.47592,220.14052,191.34175,277.1795,191.21394,268.04855,76.70053,273.67468,80.84015,270.32043
506.1447,272.40894,0.0,0.0,510.37543,261.13187,0.0,0.0,492.59338,229.82002,444.45618,229.66328,443.02557,230.99014,439.30194,273.49448,446.2308,313.59277,516.5023,318.8802,491.67847,339.2424,271.58282,234.21143,270.55292,220.80554,191.88074,278.09045,190.42598,266.98547,75.68164,274.9573,79.853134,270.11053
505.73248,272.2187,0.0,0.0,509.91968,261.17,0.0,0.0,492.34167,230.27252,444.2033,228.89815,442.83197,231.63756,439.27203,271.84988,445.91977,314.24182,516.76575,317.67975,491.60443,339.2745,271.2134,233.52438,270.2207,220.84381,192.34612,277.0811,191.18523,267.14853,76.977325,273.8692,81.14044,270.17664
506.3138,272.63568,0.0,0.0,510.31265,261.74084,0.0,0.0,492.58505,231.20216,444.45734,228.95985,443.4366,232.45071,439.6907,271.3077,446.03537,314.4644,516.9436,317.84506,490.859,339.5142,271.53564,233.23752,270.80542,220.87411,192.46251,276.78375,191.86975,267.34775,77.52992,273.9492,81.594406,270.41708
506.48505,273.5472,0.0,0.0,510.37213,262.7799,0.0,0.0,492.65897,232.23102,443.859,228.25244,443.801,233.15427,439.7655,269.49365,446.02875,314.9726,517.5551,316.96655,489.8399,339.49652,270.06384,232.44763,269.9752,220.67972,192.17462,275.9452,192.28508,267.5474,77.26276,273.51532,81.12198,270.83032
506.13617,273.59033,0.0,0.0,510.13193,262.94684,0.0,0.0,492.77936,232.43115,443.41437,227.33592,444.02228,233.32245,439.40417,267.39835,445.8119,314.8059,516.85004,316.80585,489.43164,339.84686,269.17972,231.47069,269.50238,220.15173,191.83662,275.24628,192.17233,267.63113,76.92856,272.5689,80.68028,270.56235
506.4581,273.7218,0.0,0.0,510.45544,262.69452,0.0,0.0,492.39154,231.66399,442.84796,228.21475,443.31915,232.65234,439.21,269.88052,446.19067,314.84836,516.8922,318.8234,490.30865,339.80945,268.10147,232.19359,268.2333,220.13365,189.46527,277.42337,189.3642,268.96567,73.49536,272.2999,77.56511,269.7181
506.13214,273.48373,0.0,0.0,510.12366,262.43536,0.0,0.0,492.03113,231.29053,442.93277,227.76848,442.91168,232.28835,439.45386,269.36786,445.96436,314.7069,516.7351,318.12964,489.9314,339.76703,268.42014,232.3281,268.19022,220.29335,189.43336,277.24863,188.94243,268.759,73.70679,271.21817,77.77911,268.56436
506.0017,273.26282,0.0,0.0,509.84796,262.28055,0.0,0.0,491.58917,231.47849,443.34924,228.19841,442.4966,232.52075,440.18762,269.83694,446.01132,314.5742,517.14514,318.1679,489.85986,339.89767,268.6237,232.01817,267.91037,219.91031,188.84436,276.436,188.218,267.97113,73.8143,271.13373,77.892426,268.68863
506.2191,273.53333,0.0,0.0,510.04803,262.4813,0.0,0.0,491.7179,231.60046,443.7536,228.90031,442.64413,232.55011,440.2847,270.8302,446.0144,314.36652,517.18896,318.29007,489.63385,339.50714,269.33243,232.90485,268.4797,220.46397,188.86221,276.70026,188.04803,267.68002,73.53787,272.30536,77.454834,269.3146
505.78198,273.85837,0.0,0.0,509.49454,262.99066,0.0,0.0,491.3391,231.98318,443.4886,227.0534,442.61453,232.762,440.36493,268.16605,446.17145,314.75684,516.8955,318.17816,489.1349,339.63446,268.31174,231.24069,267.6748,219.73315,187.94794,275.50082,187.54713,268.37045,73.35248,271.746,77.35275,270.91745
506.77368,273.02365,0.0,0.0,510.51196,262.0337,0.0,0.0,491.97852,231.23532,443.84912,227.6073,443.5074,232.52591,441.20486,268.84055,446.30298,313.87677,515.7781,320.21545,487.70303,339.18567,271.07114,230.47429,270.97177,218.72816,194.39816,271.05954,193.62662,263.32336,78.144806,271.9785,82.096664,270.53146
506.9182,270.5806,0.0,0.0,510.8953,259.86664,0.0,0.0,493.44208,230.05653,442.77936,227.50934,444.60657,231.8732,438.64117,270.12628,445.85913,313.53625,513.0364,320.07974,486.37964,338.5015,267.08948,230.71028,268.43433,218.55472,191.52002,273.31335,192.51006,264.71158,75.45972,272.4515,78.86336,269.4695
506.49963,268.75412,0.0,0.0,510.2732,258.25436,0.0,0.0,492.63116,229.44498,442.09634,225.87796,444.34442,232.48691,437.7556,265.5138,445.2097,313.0606,512.94055,319.4076,485.2134,340.3935,265.33432,230.79053,266.9728,219.38962,187.92845,273.54962,188.90434,266.14713,71.14209,273.0328,74.43796,270.75046
507.06757,270.21454,0.0,0.0,510.70892,259.62048,0.0,0.0,492.7326,230.21019,442.17722,226.53818,444.97815,232.7543,438.5154,266.7354,446.06122,313.49548,513.5609,320.32217,485.70648,340.47885,267.08127,231.0682,269.1296,219.51587,189.96751,273.0476,191.27197,265.45673,70.82242,273.4184,74.10019,270.792
507.02335,269.4492,0.0,0.0,510.61682,258.97366,0.0,0.0,492.75906,229.88918,443.30457,226.40115,444.91248,232.5127,440.08142,266.91373,445.89532,313.3322,514.07605,319.71725,485.0586,339.37384,268.00717,231.108,269.28143,219.45018,189.74503,274.73853,190.80861,267.04276,71.45073,273.1573,75.00482,270.38528
506.28104,272.09537,0.0,0.0,510.19357,261.54977,0.0,0.0,492.20563,231.17273,441.16498,224.45311,443.32327,233.35431,438.8296,262.42474,445.99866,315.47406,513.5917,315.91785,485.972,339.39752,264.6203,230.03198,266.06415,219.64485,188.99745,272.57993,189.49466,266.755,71.8405,271.71246,75.68176,271.43414
506.34534,272.62704,0.0,0.0,510.08572,262.41132,0.0,0.0,492.17148,232.2724,441.12778,222.66788,443.7508,234.33614,439.98877,257.4518,446.07343,315.64584,514.9817,313.17737,485.9983,339.11313,265.44778,227.69174,267.2019,218.58994,190.1975,270.215,191.4129,266.29642,73.57599,270.51715,77.43149,271.79
506.54047,273.55173,0.0,0.0,509.91284,263.58017,0.0,0.0,491.33258,233.82648,441.154,221.72693,443.3291,235.8176,441.06018,254.7435,445.96924,316.7109,517.0676,311.87222,486.13748,339.55783,265.61197,225.70792,267.10864,217.81822,189.79765,266.90674,191.37001,265.27914,74.9442,269.27545,78.7892,272.88208
506.80206,272.911,0.0,0.0,510.1718,263.2122,0.0,0.0,491.89746,233.99062,441.8569,221.76813,444.178,235.96013,441.5076,255.19193,445.9115,316.2386,516.48944,312.60242,486.0929,339.2335,267.3746,225.84256,268.95685,218.1593,190.3262,266.29477,192.46494,265.59674,76.06227,268.1259,79.8577,272.893
506.9439,272.7938,0.0,0.0,510.21786,263.26263,0.0,0.0,491.96338,234.3579,442.13983,221.24637,444.43158,236.27715,442.0539,253.99484,445.90536,316.06464,516.83606,312.40295,485.98743,339.22174,267.0606,224.3964,268.62256,217.14014,189.84392,265.6797,192.29489,266.03625,76.14316,266.4249,79.956696,272.418
507.54016,274.8693,0.0,0.0,510.9768,264.0838,0.0,0.0,491.5119,234.34424,440.35608,227.69937,442.93567,237.83356,441.63208,263.49863,450.18683,321.34567,520.35547,312.51422,495.03485,336.7758,257.57608,234.56538,258.66754,223.71796,176.01962,282.57047,177.20657,275.87067,52.560486,272.9958,57.932587,270.13953
506.4712,274.86224,0.0,0.0,509.87473,264.19827,0.0,0.0,490.50458,234.63583,440.63745,227.847,441.76724,237.7326,442.2351,263.5287,449.2262,320.54477,520.4199,312.98795,494.4956,336.6145,259.20605,232.7039,259.44785,222.0448,179.73332,280.75262,180.23038,274.48953,56.96338,271.62912,62.21994,269.862
506.38574,274.91788,0.0,0.0,509.93765,264.1315,0.0,0.0,490.95932,234.4867,441.21155,228.76888,441.92514,237.27924,442.18262,265.39682,449.58026,319.91272,518.9969,314.66895,494.30338,336.78705,258.3318,232.64151,258.3104,221.25377,178.84262,282.16302,179.15161,274.6479,56.282196,272.4716,61.702026,269.50082
506.263,274.69537,0.0,0.0,509.91577,264.10052,0.0,0.0,491.48114,234.75641,441.7555,228.35596,442.13348,237.64854,442.79156,264.6308,450.10458,320.5072,519.9799,313.3486,495.2226,336.68912,257.60358,232.62947,257.34406,221.53784,176.74403,282.01514,177.39017,274.96472,56.290527,273.79877,61.709198,271.29605
505.9013,274.41815,0.0,0.0,509.44318,263.76132,0.0,0.0,490.6662,234.53113,441.58514,229.51709,441.9298,237.63455,443.2463,268.1711,451.02222,321.19086,520.8162,314.8787,496.15628,336.3497,259.91562,232.67728,259.71637,221.42621,179.42761,280.07275,179.89171,273.6197,59.149994,273.819,64.5965,273.04263
505.48468,274.07425,0.0,0.0,508.78375,263.74118,0.0,0.0,490.60815,235.09418,442.2495,229.10066,442.2383,237.84067,443.2088,268.05194,450.58997,320.9292,519.9139,313.88983,495.6482,335.51187,259.70923,232.88026,259.33673,221.8768,178.15727,280.57507,179.91383,274.25555,59.98346,275.02332,65.27057,273.6791
504.69504,273.98062,0.0,0.0,508.0861,263.64908,0.0,0.0,490.01587,234.90434,440.32663,228.38416,441.96475,237.83269,441.6219,267.29977,450.5738,321.4867,518.77246,313.6879,495.62192,335.50504,258.273,232.42447,258.9062,221.87376,178.91728,280.85495,181.28082,275.53525,60.0007,273.90897,65.46716,273.90424
504.81622,273.8078,0.0,0.0,508.28796,263.6784,0.0,0.0,490.37128,235.46628,440.13147,229.01027,442.5334,238.88103,441.23785,267.16003,450.7921,322.09332,518.7173,313.36288,496.417,335.66214,259.23288,233.09343,260.3928,222.70566,179.72858,280.91968,182.37735,275.42038,61.056763,274.80988,66.42694,274.00443
504.40015,274.3291,0.0,0.0,508.0589,264.2357,0.0,0.0,490.59656,235.55843,440.35565,227.7599,442.42767,238.62053,441.33936,265.2293,449.9439,322.03848,518.8564,312.8504,496.57812,335.63138,257.9644,232.35681,258.8152,222.48938,179.6588,280.14377,182.28986,275.85904,61.327393,272.87753,67.10231,273.65994
504.87787,275.89206,0.0,0.0,508.56207,265.70563,0.0,0.0,490.91443,236.5042,440.75638,228.56715,443.39795,238.83202,441.9071,266.09418,450.473,321.5375,520.19226,314.39758,497.15973,335.8417,260.17673,232.13354,261.46042,221.99542,179.9963,278.0913,182.6084,273.72336,60.9469,272.57162,66.64473,273.3713
504.69208,275.62723,0.0,0.0,508.8726,265.1342,0.0,0.0,491.77655,235.34918,442.2132,230.95496,443.94812,237.54178,441.962,270.7204,450.63763,319.83847,519.9427,316.71237,497.17932,335.70935,264.53946,235.61603,265.42847,223.73279,182.3743,277.88364,183.4399,269.83768,64.156006,276.13843,69.550156,272.89523
504.57043,275.75186,0.0,0.0,508.86075,265.2162,0.0,0.0,491.72595,235.18625,442.43378,229.61505,444.57095,237.04231,441.19547,267.8875,449.72195,318.64835,520.3353,315.19446,499.008,336.1679,270.72205,233.19305,271.74203,222.51422,193.70547,271.89117,194.40884,266.0883,75.8353,271.47446,81.114044,271.30627
505.27072,275.995,0.0,0.0,509.6153,265.3603,0.0,0.0,492.18018,235.35704,441.38126,229.61597,444.68073,237.52515,439.77573,266.5085,450.6283,319.5007,520.27893,313.05212,500.3484,336.22144,268.185,233.49626,269.82538,222.72296,190.64827,274.89658,191.81987,267.9502,72.71246,273.4629,78.03165,270.96326
504.23178,276.02002,0.0,0.0,508.76672,265.4643,0.0,0.0,491.6649,235.2349,440.56992,229.41057,444.17224,237.10046,440.01892,266.03372,450.56757,318.7831,520.6775,312.70898,500.9915,336.96738,269.17834,233.48743,271.05713,222.84265,193.56137,273.80865,194.43149,267.15552,75.28314,272.6121,80.37564,270.82367
505.78583,275.57776,0.0,0.0,509.8382,265.28702,0.0,0.0,492.68854,236.13904,443.3638,230.74265,445.7037,238.06702,441.57928,269.24835,450.82617,318.93185,520.2674,315.59875,500.13684,336.30225,271.18954,233.58488,272.35895,222.77843,193.26178,273.0018,194.63599,266.70523,75.552246,272.00858,79.88934,270.69888
505.03534,276.12198,0.0,0.0,508.64758,266.02667,0.0,0.0,490.92554,236.79552,442.25894,228.44035,445.2207,238.794,441.99017,264.57037,450.56454,319.1957,521.1982,315.43222,498.52704,336.99026,269.5901,231.00531,271.31192,221.40155,189.60457,270.03375,191.35194,266.47546,70.468765,269.56448,74.996704,271.15073
504.36127,275.65512,0.0,0.0,508.0459,265.7322,0.0,0.0,490.539,237.20445,440.1141,229.66794,445.052,239.81607,441.30814,267.9071,451.39252,321.48264,521.8193,316.74966,498.63043,336.90222,267.2104,232.18994,270.21216,222.49371,187.79698,272.55853,190.63412,268.81378,70.124756,270.17526,74.67854,271.28162
504.27863,275.39334,0.0,0.0,507.92328,265.58218,0.0,0.0,490.2345,236.89505,439.32315,227.97234,444.32965,239.86429,440.8459,266.67673,451.76227,322.85355,521.4001,317.91302,498.4406,337.40845,264.59933,231.87668,267.73688,222.79147,184.38043,272.6038,187.06175,269.94278,66.234024,269.5631,70.77803,271.83386
503.68228,275.62592,0.0,0.0,507.33636,265.52982,0.0,0.0,488.9263,235.87846,437.70563,227.05301,441.76334,238.74258,439.90515,266.0593,450.5219,323.02228,519.27527,316.55273,497.74872,337.66666,261.63547,232.3164,264.06143,223.099,183.42511,274.76602,185.22365,271.7342,63.337677,269.29642,67.94989,271.52533
502.44427,275.33502,0.0,0.0,506.4511,264.8955,0.0,0.0,488.57736,234.59619,435.98822,227.62949,441.58096,237.39352,437.21265,268.3103,450.5221,322.37433,516.04785,317.26147,496.64294,337.61414,260.61917,233.01866,264.0136,222.92627,183.5956,275.15616,185.10391,270.7094,62.862457,271.74316,67.05415,273.02615
503.81293,273.77856,0.0,0.0,507.65198,263.41046,0.0,0.0,490.1547,234.89987,438.18832,228.7907,444.4903,239.18228,438.30862,267.3025,453.2635,322.46216,517.24945,316.64874,498.98383,336.19052,262.32263,233.50552,265.98712,223.55115,183.74458,273.01785,186.02667,268.92285,63.06903,273.741,67.49376,275.05032
503.57318,273.4557,0.0,0.0,507.7171,263.2473,0.0,0.0,491.1032,234.83167,438.33096,227.49916,445.40167,239.1477,437.9881,264.92145,453.8186,322.24478,516.10486,316.50314,498.9796,336.53937,261.94977,231.60168,266.189,222.2365,185.9424,269.76648,188.36287,266.40414,66.42168,273.12274,70.8466,275.29214
505.1914,273.3621,0.0,0.0,509.24368,263.0015,0.0,0.0,492.39502,235.06296,440.6117,231.07564,446.3667,239.35168,439.60876,269.76874,453.45917,321.21088,517.5134,316.06912,499.2929,335.0787,264.9737,234.1663,268.35342,223.37575,188.40868,271.2038,190.5657,265.66605,68.05563,274.4434,72.20213,274.65436
504.86862,272.99518,0.0,0.0,509.0799,263.04657,0.0,0.0,492.49915,234.76363,439.3933,227.78171,446.24026,238.9266,438.95764,265.3458,453.55634,321.39008,517.32336,314.7669,499.52008,335.26508,264.67142,233.10553,268.8021,223.70142,187.9979,270.69452,190.83064,267.3761,69.34668,273.62357,73.58087,275.9649
504.8776,272.07983,0.0,0.0,508.74478,262.43213,0.0,0.0,491.70575,234.65005,439.21268,225.58499,445.46738,239.2775,439.79926,262.7501,453.1693,322.4318,517.3434,313.5158,499.01422,335.50687,264.20975,230.89552,267.95575,223.02701,188.71527,267.7732,192.08406,267.99258,71.30173,270.31366,75.78461,277.2367
505.09546,272.1678,0.0,0.0,508.7951,262.40625,0.0,0.0,491.08008,234.55063,439.33698,226.2955,444.1046,239.49129,440.7572,264.61838,452.19452,323.46503,519.5502,313.06497,498.71643,335.10608,263.50906,232.23784,266.25012,224.29025,187.20782,270.73227,190.09895,271.38718,70.151764,270.50778,74.55948,278.5543
505.07953,271.93304,0.0,0.0,508.63434,262.29623,0.0,0.0,490.6707,234.53748,439.61453,225.7294,442.96167,239.13596,441.69965,263.76694,451.6891,322.79913,519.293,312.7542,498.7969,335.4212,262.60016,231.84218,264.3565,224.06297,186.61072,272.76566,189.32375,273.60464,70.90489,270.21652,75.38345,278.43066
505.57977,271.7616,0.0,0.0,509.026,261.83267,0.0,0.0,490.8663,234.04822,441.06238,227.64978,443.5097,238.56973,441.63104,266.31064,451.7223,321.21704,518.4316,314.10797,498.7728,335.769,266.05826,233.40399,267.27887,224.42148,189.56386,274.5439,191.507,272.58185,72.543,272.20532,76.779495,276.96347
505.25824,271.80408,0.0,0.0,508.6244,262.04596,0.0,0.0,490.51593,234.33444,441.27536,227.29999,443.50214,238.8493,442.19647,265.85327,452.04077,321.55402,518.7479,313.52148,498.76767,335.67206,266.91922,233.62576,267.98355,224.95842,187.79813,274.53326,189.99545,273.5916,71.37897,271.6675,75.758255,277.69827
505.36115,271.5104,0.0,0.0,508.68304,261.99854,0.0,0.0,490.78094,234.90504,441.3828,227.02821,444.34976,239.75916,442.8935,264.27435,452.75244,321.65033,518.9468,312.34973,499.25525,335.19,268.25665,232.99399,269.74796,225.06857,189.39615,272.52777,192.3822,273.25214,74.57303,270.54828,79.08392,278.46933
505.03207,273.65082,0.0,0.0,508.831,263.83206,0.0,0.0,491.55035,235.58191,440.03735,227.59012,444.351,239.4457,441.33768,264.30188,453.1338,321.6228,517.2459,311.78903,499.33212,334.53116,263.95786,232.18953,266.34296,223.41985,186.94937,273.48804,189.7549,271.88562,70.81128,271.57074,74.79964,276.39398
504.97162,274.0673,0.0,0.0,508.8216,264.3017,0.0,0.0,491.7222,235.96803,440.2593,228.1404,444.8681,239.64117,441.40002,264.386,452.84607,321.36566,517.18524,311.75735,498.01837,335.04587,264.2581,232.41397,266.90872,223.28123,185.37788,274.63092,188.20064,272.40558,68.220795,271.6501,72.291336,275.56647
505.10837,274.26556,0.0,0.0,509.12033,264.36682,0.0,0.0,492.0426,235.69833,440.55014,228.40051,445.46936,239.43414,440.9184,264.75305,453.203,321.1833,516.9779,311.75113,499.03253,334.3093,266.975,232.45186,269.8067,223.18394,187.85648,273.49622,190.33762,270.91513,70.31151,271.0848,74.51401,274.65506
504.94592,274.071,0.0,0.0,509.1208,264.1437,0.0,0.0,492.50708,235.5732,441.07166,229.3934,445.95825,239.07413,441.44373,266.19855,452.82727,320.17584,517.18036,312.50082,498.93378,334.4845,268.25894,232.66483,271.1209,222.88385,190.5115,272.67508,192.83252,269.26938,72.65703,271.50928,76.53273,274.40112
505.08344,274.38028,0.0,0.0,509.31726,264.3923,0.0,0.0,492.57202,235.71631,441.2931,230.31618,445.66904,239.05984,441.5827,267.702,452.11838,319.9113,517.44366,313.5036,498.46832,334.7147,268.86758,233.02393,271.43423,222.95982,192.1178,272.64392,194.14287,268.86298,73.92438,271.1416,77.88896,273.94547
503.74835,274.1748,0.0,0.0,508.2774,264.07755,0.0,0.0,492.01678,235.09126,438.42062,229.08829,444.57718,238.96797,439.2666,267.14816,452.78912,322.1546,515.53503,312.7458,499.21094,335.59656,261.5351,234.00206,265.15027,224.05072,185.66365,275.4815,188.12068,271.67545,67.55815,274.03122,71.76193,276.61404
502.40076,274.08023,0.0,0.0,506.7834,263.88785,0.0,0.0,490.34735,234.8725,436.1387,229.47351,443.65295,238.85208,437.46478,269.3383,451.85394,323.5824,515.7326,310.07645,497.5728,334.77112,261.36325,234.42645,265.85553,224.79218,188.89543,275.6112,192.43796,272.88214,71.423645,273.37424,76.280914,278.12778
501.5143,274.3996,0.0,0.0,505.9438,263.91055,0.0,0.0,489.15244,234.31844,435.3296,230.57924,442.50583,237.74213,436.24216,271.20355,450.14423,322.0984,515.8124,311.09955,497.48206,335.1257,261.76138,235.35204,266.132,224.45073,186.63278,277.15054,189.71654,271.82074,66.44444,274.79745,71.0739,276.1083
501.89847,274.88684,0.0,0.0,506.23682,264.50446,0.0,0.0,489.74057,235.2717,438.21945,232.32642,443.44434,238.26706,438.67828,273.37656,449.57947,321.14905,516.64716,312.89633,496.43414,335.67065,265.61987,235.35452,268.78503,224.07147,188.64825,275.65372,191.4774,270.3709,69.786285,274.27182,74.55907,276.1496
502.1004,274.42603,0.0,0.0,506.4428,264.13055,0.0,0.0,490.149,235.12355,438.82858,232.04926,443.93457,238.1853,438.81924,273.42776,449.4841,320.82593,516.07623,315.04575,495.75378,336.05566,265.8646,234.91473,268.97842,223.7005,188.48157,274.63873,191.40405,269.54657,69.841354,274.43484,74.545395,276.37506
503.3828,274.08704,0.0,0.0,507.69305,263.64337,0.0,0.0,491.21957,234.81546,440.21082,233.2468,444.6769,237.81258,439.6366,275.14636,449.10114,319.37695,516.9873,316.52267,495.43762,335.42947,267.3737,235.02332,270.13412,223.2767,192.374,273.29132,195.04124,267.3465,73.4993,273.8639,78.00537,275.14026
502.8084,274.0213,0.0,0.0,507.0813,263.4357,0.0,0.0,490.39322,234.55838,440.0341,234.33441,444.02283,237.72493,439.79727,277.4003,449.7417,319.625,516.93335,317.47656,496.11243,335.2834,267.96445,236.30087,270.3863,224.1229,192.96732,273.8651,195.05624,267.38922,72.9644,273.097,77.91098,274.31708
502.88812,273.90765,0.0,0.0,507.1897,263.34958,0.0,0.0,490.6665,234.20126,440.31528,232.93025,443.628,237.10916,439.9403,275.93497,449.21936,319.36633,517.09216,317.43536,496.08423,335.35956,266.13748,235.43713,268.1062,223.6351,191.82976,273.21713,193.79333,267.55612,72.41319,272.25436,77.15065,274.56464
502.51462,274.108,0.0,0.0,506.86246,263.5467,0.0,0.0,490.351,234.36809,439.28418,232.69868,443.5324,237.49191,439.24783,274.48434,449.37634,319.64313,516.7405,316.38544,495.60046,335.65332,264.5377,236.16507,267.07126,224.39973,188.68707,274.83206,190.88744,269.03162,68.987595,272.49466,73.80629,274.11218
501.96075,273.75577,0.0,0.0,506.33395,262.99847,0.0,0.0,489.81625,233.14452,437.91583,231.48988,442.3798,235.96767,437.61514,274.9501,448.9469,319.6748,515.2444,317.8647,494.52704,336.53378,261.46198,236.48535,264.14917,224.49507,187.6349,277.37958,189.81134,270.46634,67.706375,273.32455,72.721176,273.41193
503.08917,272.91586,0.0,0.0,507.69965,262.08908,0.0,0.0,491.47754,232.49069,440.15283,233.19368,443.71426,234.94373,438.66107,275.97617,449.61624,316.63852,515.1167,318.00592,496.21887,337.3247,264.83862,237.38338,266.98376,223.88141,188.20503,279.84805,189.79016,269.45413,68.83035,276.78946,73.47142,272.27744
502.6505,272.7009,0.0,0.0,506.96484,262.65466,0.0,0.0,491.01788,234.03598,442.63647,231.59125,444.05798,235.87334,440.4704,272.02115,447.6972,315.45566,516.08014,317.1559,495.19293,337.82904,270.48083,232.95456,271.47836,220.90884,190.50081,271.1724,191.94675,263.87885,73.27991,274.12103,77.17206,273.07654
503.26355,273.2519,0.0,0.0,507.4652,263.1546,0.0,0.0,491.01813,234.32521,442.04382,230.37387,444.04123,236.59406,440.26587,268.88834,448.32336,316.5609,516.96173,315.53677,494.97296,337.5684,269.45514,234.25833,270.78513,222.90117,191.49031,269.5215,192.93283,262.39578,73.12251,273.01996,77.58168,271.1866
503.59076,273.0081,0.0,0.0,507.76053,262.70807,0.0,0.0,490.8776,233.88097,441.11737,230.17268,444.29852,236.89034,439.19223,267.51288,449.119,316.9052,515.75806,315.7463,494.34088,337.6507,267.62405,234.58997,269.6619,222.96663,187.806,268.53128,188.85686,260.5027,67.845505,273.42517,72.11247,269.8371
504.40356,272.7793,0.0,0.0,508.61084,262.08667,0.0,0.0,490.97437,232.89415,441.36395,231.28326,443.85123,236.32288,439.34637,268.54153,448.6449,316.23346,516.4141,315.7697,494.48926,338.1322,268.21143,236.55667,269.67493,224.106,186.99466,270.2503,187.38437,260.9349,65.50627,276.80893,70.18181,272.12125
504.42047,273.6702,0.0,0.0,508.57962,262.8081,0.0,0.0,490.73584,233.12828,441.84042,231.52397,443.5329,236.21646,439.18027,270.6915,448.5905,317.19226,515.8703,316.95697,494.8368,336.91223,268.5852,235.42102,269.52118,222.98813,188.21992,268.46738,188.27652,259.7257,66.60362,274.65433,71.5074,271.36673
503.6286,274.04636,0.0,0.0,507.87793,263.34268,0.0,0.0,490.4577,233.75958,441.61523,231.83704,443.40326,236.37405,438.88873,271.05945,448.69833,316.91357,515.6726,317.01437,495.37445,337.11337,269.2342,235.12546,270.2864,222.75806,189.55685,268.79916,189.58911,260.0936,68.559845,274.26727,73.34172,271.16174
503.77356,274.14334,0.0,0.0,508.01013,263.59506,0.0,0.0,490.61005,234.09401,441.4796,230.9967,443.67325,236.748,438.85712,269.53162,448.71326,317.2422,515.46936,316.59286,495.4471,337.36847,269.80707,234.6769,271.05536,222.94739,189.22142,268.5578,189.72133,261.21536,69.18196,274.22427,74.17255,272.67944
503.17047,276.16946,0.0,0.0,507.60794,264.12457,0.0,0.0,489.037,233.22682,442.85458,238.76273,440.27362,233.946,440.34918,276.38083,444.61493,310.79434,517.4822,316.69815,493.2121,340.5535,271.81592,239.2802,270.0046,222.26535,192.78241,276.6386,188.91736,257.59177,66.032135,279.00842,70.48308,263.5353
503.6178,276.97134,0.0,0.0,508.17242,264.89932,0.0,0.0,489.54944,233.58162,442.27118,238.35147,440.276,233.90546,440.26678,276.30905,444.49466,311.29016,517.33453,316.99512,493.15485,340.86865,270.39194,238.75345,268.95422,221.98013,193.20404,275.7487,189.61867,257.30536,66.695526,279.0244,71.10405,264.3992
504.39365,275.9236,0.0,0.0,508.46936,263.89224,0.0,0.0,489.17993,233.32967,442.34137,238.0475,440.8693,234.531,441.21933,276.24857,446.06128,312.14035,519.3658,317.36386,494.758,340.10913,271.14304,238.92819,269.98752,222.52411,192.85495,276.1411,189.86713,258.39465,66.23663,279.55603,70.17355,265.15244
503.96024,276.53574,0.0,0.0,508.204,264.31192,0.0,0.0,488.90833,233.34889,441.403,238.65378,440.39038,234.39803,440.10162,277.25574,446.17242,312.36777,518.55566,317.12646,495.56494,340.04095,269.64975,239.08215,268.73203,222.33652,192.0668,276.61462,188.90323,258.38498,64.84262,279.75058,68.82088,265.19382
503.1601,276.8002,0.0,0.0,507.53687,264.69025,0.0,0.0,488.70673,233.70341,441.00253,238.51225,440.1268,234.52243,439.66302,276.98102,445.94476,312.40613,519.0143,317.09018,494.8147,339.79144,268.92667,238.2211,268.13766,221.69925,192.73526,274.9274,189.3451,257.0301,66.41934,277.31006,70.17328,263.33182
503.5545,276.01675,0.0,0.0,507.873,264.07312,0.0,0.0,489.15637,233.11691,440.0959,236.39433,440.57764,234.01442,438.68607,274.61487,445.94226,312.43906,517.589,316.74545,493.37128,339.5448,266.89288,237.00148,266.9779,221.12332,191.35266,274.3067,189.04056,257.44986,65.18202,278.33203,68.86267,265.2357
502.94373,276.2073,0.0,0.0,507.5645,263.94592,0.0,0.0,489.1463,232.76154,439.7215,238.98874,440.0657,233.56924,437.74567,278.6246,445.23077,311.87927,516.75745,317.24988,492.74606,339.37613,265.23486,239.0452,265.2656,221.57643,188.52406,276.14435,185.79425,256.72665,61.127655,279.71872,64.9294,264.2828
502.67865,277.22003,0.0,0.0,507.1156,264.66486,0.0,0.0,488.4038,233.26877,440.17758,240.15839,440.1528,234.30972,438.15887,279.198,444.80518,312.1268,518.54956,317.6425,492.34302,339.85318,267.0955,240.32481,266.93906,222.67192,189.67738,277.02454,186.7801,257.30417,61.55841,282.82306,65.84447,267.13382
502.01758,277.20688,0.0,0.0,506.82053,264.69394,0.0,0.0,488.46423,232.94774,438.66815,239.19348,440.114,234.30188,437.4188,277.66977,445.611,313.05466,518.63306,316.24786,492.83014,339.97513,266.42307,239.94298,267.1623,222.83041,190.21698,276.03232,187.4214,257.25458,62.776093,281.18457,67.46417,266.8448
501.9817,277.25836,0.0,0.0,506.9459,264.6568,0.0,0.0,488.65594,233.06033,439.5679,241.25833,439.6847,234.01093,437.29053,279.7947,444.61597,311.13168,517.3172,316.877,491.9599,339.15884,266.96777,240.61267,266.86273,222.4657,190.76149,276.3912,187.02917,256.00024,63.096985,280.7254,67.51167,264.98575
501.69537,277.02164,0.0,0.0,506.77142,264.37668,0.0,0.0,488.78296,232.80762,439.65692,241.91289,439.5617,233.474,437.0074,281.1151,444.26038,310.512,516.8753,316.86264,492.16852,338.97668,267.40652,240.33429,267.1657,221.72272,192.63321,277.6112,188.72372,256.16656,64.80672,280.40244,69.02785,263.54822
501.93915,276.68097,0.0,0.0,507.03308,264.15802,0.0,0.0,489.02075,232.69872,440.0587,241.412,439.4575,233.39973,437.82086,280.42743,444.79785,310.57324,516.87115,317.04294,493.3822,340.14697,267.97763,240.40706,267.3001,222.01999,191.48532,277.50497,187.46288,256.36447,65.19948,279.8444,69.031555,262.92926
501.73358,275.48883,0.0,0.0,506.62817,263.46393,0.0,0.0,489.13614,232.63086,441.57962,238.68292,440.18442,233.28767,439.11188,277.716,445.28723,310.5103,516.2942,317.29395,494.20337,340.05194,269.8295,238.2597,268.5549,221.5081,192.94315,274.3746,189.70163,257.08316,69.89342,277.161,74.096924,264.98016
501.48425,274.89133,0.0,0.0,506.49164,263.28085,0.0,0.0,489.60376,232.83987,441.41904,237.14836,440.1154,233.4477,438.40643,275.0029,444.97076,310.4125,515.23193,316.87842,494.54935,340.40146,268.54428,236.0788,267.41586,220.08331,193.92334,273.2687,190.9831,256.5389,71.775314,276.245,75.765274,264.21783
502.2916,274.64355,0.0,0.0,507.38324,263.18173,0.0,0.0,490.583,232.79619,440.98282,236.25397,440.49762,233.9105,439.0357,274.7728,445.5258,312.50394,516.3157,316.66116,495.56253,341.14532,265.59323,236.6353,264.92786,221.12756,190.37668,273.82254,188.11707,258.35663,67.76216,275.76334,71.977554,265.28177
502.66803,275.54324,0.0,0.0,507.58423,263.9892,0.0,0.0,490.06262,233.11523,440.7285,237.12282,440.28326,234.04678,440.20288,277.112,445.77362,313.15698,517.11426,316.8319,495.25705,340.98187,267.81467,237.61089,267.13376,222.12283,193.15305,273.66275,190.5358,259.29968,69.91307,273.60733,73.69498,265.39972
502.4863,274.60352,0.0,0.0,507.4249,263.06726,0.0,0.0,490.1797,232.30556,440.7773,236.32445,440.12363,233.53839,440.59814,276.21466,445.46545,313.09753,515.9833,316.938,493.36093,341.55316,266.46506,236.42831,265.73724,220.8905,193.01036,274.30402,190.2515,259.3492,69.99153,272.7491,73.7446,263.53766
502.86334,275.23538,0.0,0.0,507.45898,263.856,0.0,0.0,489.6908,233.46288,441.06897,236.26875,439.57767,234.17583,442.34296,274.8284,443.9023,312.57672,517.45355,315.88907,491.49786,341.6081,267.03607,234.68866,265.85004,219.64056,195.73723,272.68787,193.44675,258.71115,72.56023,273.70258,76.19139,265.65576
502.13785,275.59805,0.0,0.0,507.10333,264.25037,0.0,0.0,489.90125,233.46957,439.90195,236.17136,439.21548,233.85483,441.25284,275.33554,443.46844,312.83072,516.48663,315.8609,491.4677,341.53366,265.6694,234.9154,264.98648,219.79306,195.32083,273.8715,193.17532,259.54398,72.85498,274.27863,76.19435,265.70413
502.6105,275.1684,0.0,0.0,507.42255,263.89645,0.0,0.0,489.7107,233.82578,440.20813,236.91397,438.5122,234.75127,440.8448,276.2505,442.688,313.33414,516.8764,315.41446,491.74146,341.6562,265.58856,236.80768,264.06873,222.03687,193.34363,275.37317,191.0545,262.66367,72.64151,274.25546,75.933716,268.4073
501.66394,276.06293,0.0,0.0,506.33307,265.16626,0.0,0.0,488.44818,234.54434,437.9065,234.01491,439.06165,235.7948,441.18805,274.82886,445.37836,316.45413,516.24695,315.9911,491.8343,342.2917,266.4398,236.7626,266.58682,224.78424,195.60664,271.24545,195.15857,266.55765,78.71748,269.56488,83.670105,275.30795
502.41913,275.37967,0.0,0.0,507.09967,264.58087,0.0,0.0,489.0673,234.86473,439.09305,235.25525,439.6905,236.86697,442.85556,277.14096,445.69678,317.8841,518.0109,316.4322,493.04797,342.8828,268.32495,237.48422,268.00867,225.6153,194.47662,268.894,194.32188,265.5169,79.80008,268.8155,85.35756,276.72693
502.50955,274.90237,0.0,0.0,506.8864,264.1927,0.0,0.0,488.6595,234.55962,439.17236,233.08458,439.5834,237.01343,443.77988,273.3047,446.4785,318.33267,520.0884,314.93524,493.3733,342.38477,266.92847,235.57225,266.64398,224.61823,194.94595,267.61505,194.87344,265.35352,79.56384,268.3881,85.05046,277.08054
502.88214,274.69586,0.0,0.0,506.7763,264.17416,0.0,0.0,488.23602,235.18488,440.9162,233.62871,439.84048,237.34131,445.58603,274.84894,446.32376,317.86322,520.49677,315.5899,492.3036,342.3296,270.22232,235.89807,268.9564,225.19902,196.70822,267.1956,197.14294,266.3382,82.97717,267.03055,88.658264,277.83963
502.31967,273.80313,0.0,0.0,506.03915,263.6163,0.0,0.0,487.47937,234.96835,440.16922,231.63882,439.59232,237.3833,445.69592,272.92224,446.73398,318.06937,518.9723,315.95422,491.71072,342.0229,269.98242,235.02103,268.99088,225.49869,194.92406,265.3894,196.34613,267.80255,82.15024,265.28683,88.18707,280.33963
501.37042,275.53342,0.0,0.0,506.03198,264.51184,0.0,0.0,487.86838,233.63672,435.6072,231.44727,438.61072,235.97473,440.8026,275.72217,446.53934,319.69867,516.7292,319.6908,491.64594,342.27383,261.77655,236.63138,262.94647,226.56927,192.22661,267.7028,193.5181,269.47552,79.80748,266.17365,86.43756,281.59744
502.30402,273.50455,0.0,0.0,506.45624,262.8719,0.0,0.0,488.57025,233.23486,438.9056,230.50076,442.0321,236.44879,443.18726,274.2269,448.3228,318.75345,517.0976,320.77258,493.6678,340.04816,270.45288,235.49568,271.57516,226.5453,199.53795,262.58215,201.90662,267.56567,85.19853,261.5411,92.25145,280.81558
503.13257,271.05997,0.0,0.0,507.86987,259.49048,0.0,0.0,490.0157,229.00478,438.91373,230.99493,442.1029,232.59276,440.64536,277.0106,446.76306,315.3224,515.9414,323.8436,494.38892,339.379,268.42993,235.03098,269.6951,224.0243,202.96698,261.17133,203.67303,262.2753,84.31641,262.22153,90.78725,277.85388
503.924,269.9584,0.0,0.0,508.8788,258.95404,0.0,0.0,490.68942,228.69252,436.72043,227.73245,442.18475,233.39865,439.37805,272.54694,447.07095,317.78137,517.77936,320.07697,497.00037,340.9963,267.69278,236.22293,270.33853,227.3537,199.98195,261.7393,202.04019,266.8716,84.78133,259.51352,91.88133,279.5296
502.85565,269.54037,0.0,0.0,508.58228,257.78818,0.0,0.0,491.26855,225.5275,435.80713,227.46725,441.03604,229.40472,436.92645,275.37576,446.1847,315.77704,513.3216,322.3348,496.3461,340.71725,264.0192,236.62103,266.57965,225.68098,200.06421,264.58957,200.42693,265.02338,81.99872,264.03223,88.48103,278.9188
500.37323,267.96436,0.0,0.0,506.64905,256.56808,0.0,0.0,491.15417,225.08249,435.75018,228.22389,441.39236,228.75421,436.11963,277.50604,446.01617,314.77603,509.7126,321.9265,494.92957,338.75885,264.23828,237.50272,267.0611,226.0225,199.89864,264.42798,200.6058,264.66473,83.6702,265.6683,90.679184,281.1636
499.0312,268.28748,0.0,0.0,505.81677,256.7232,0.0,0.0,491.3922,224.82106,435.0066,230.0485,442.37164,227.61398,434.36566,281.42212,446.75555,312.97284,507.0066,324.60333,495.68372,338.87595,264.929,239.22348,268.82245,226.52686,199.87183,264.6267,200.79047,263.82605,82.9014,266.87344,89.953766,282.26413
499.63205,267.15778,0.0,0.0,505.69092,255.89325,0.0,0.0,490.1411,224.20488,435.5865,227.02348,441.37958,227.78592,436.61865,277.49146,447.45547,315.07382,511.53552,322.22433,498.66986,340.26996,267.81656,237.79478,270.86163,226.27669,199.66068,265.6574,200.52414,264.82498,82.46741,267.7475,88.51788,280.6208
502.0192,268.808,0.0,0.0,509.49512,258.937,0.0,0.0,497.87024,226.24525,435.4496,223.4308,444.79077,227.53796,423.25867,276.4091,443.97513,318.78424,475.9557,313.8462,492.07684,336.3459,266.84875,240.4224,271.87384,230.29129,215.68553,280.02655,216.69826,277.78662,0.0,0.0,107.67621,281.1045
500.4171,270.99326,0.0,0.0,506.65088,259.39127,0.0,0.0,491.18243,225.78096,435.36005,227.61488,442.27063,227.127,434.87378,278.1603,448.6294,314.08627,509.58786,324.0309,498.48798,339.8757,266.8453,235.8946,270.74567,223.44624,200.12146,267.3662,200.69528,263.90457,81.34685,270.7325,86.79242,280.2041
496.37677,271.94385,0.0,0.0,503.38898,260.34723,0.0,0.0,489.4604,226.64455,433.09592,229.99806,440.99823,227.57692,431.85767,279.54086,446.91254,312.5135,505.58792,325.94318,498.37985,339.82956,265.15005,235.85692,269.6654,222.56548,199.75867,267.4026,199.30954,263.1434,80.24744,269.97086,85.90103,279.60468
501.71664,273.23685,0.0,0.0,509.1678,263.91995,0.0,0.0,498.81,230.75548,435.2881,222.06769,446.50757,229.46323,421.43478,271.67682,442.60245,318.1125,475.15765,315.97488,488.19693,337.4433,264.0539,235.99556,270.52365,227.2373,216.52184,275.92734,218.67412,275.44235,0.0,0.0,109.039185,279.93137
502.20435,272.33734,0.0,0.0,509.61386,263.3622,0.0,0.0,499.808,230.91043,436.3538,220.78833,447.879,230.28065,422.67258,269.74295,443.94513,319.44934,476.68655,314.23392,490.16083,337.17484,265.1396,236.3404,271.68057,228.59758,216.35742,274.09494,219.42284,275.63968,0.0,0.0,108.90405,280.5088
502.64435,273.19446,0.0,0.0,509.7232,263.91998,0.0,0.0,498.91748,231.02133,437.17288,221.504,446.78638,230.48137,423.83325,270.91763,444.60583,320.321,476.69208,313.1162,491.11975,335.59833,266.47495,237.2532,271.69415,229.31233,217.47867,274.38705,219.70808,275.64847,0.0,0.0,109.40962,281.10507
500.691,275.24634,0.0,0.0,508.10263,266.32144,0.0,0.0,498.3095,232.99748,435.55887,221.7857,446.3124,230.66908,423.703,271.84018,445.13437,320.14444,476.94928,312.92108,492.4767,335.56674,264.11084,235.92706,270.17783,228.15137,216.10556,273.4193,220.05109,275.79108,0.0,0.0,110.31885,282.0233
496.3996,275.75705,0.0,0.0,504.4543,266.481,0.0,0.0,495.17215,232.54608,431.0542,223.0973,442.8906,229.96265,422.24387,270.79614,443.93878,317.81757,476.8114,313.63428,490.95984,337.8664,259.12854,236.31528,265.79504,227.71826,216.71748,273.4543,219.05762,274.11713,0.0,0.0,0.0,0.0
491.89966,276.4312,0.0,0.0,499.4057,264.79935,0.0,0.0,486.82697,229.7024,429.56464,228.46198,439.3813,229.88953,433.5501,274.38165,448.96533,316.38153,509.093,321.23065,499.37726,340.55774,260.2305,235.37721,265.8301,223.90976,199.21884,259.1431,198.89914,258.94687,78.68526,263.60165,85.787735,278.88327
492.19113,277.89362,0.0,0.0,500.1551,266.18155,0.0,0.0,488.61383,231.13506,429.15256,230.7842,440.9952,230.6661,432.96637,278.2039,450.694,316.8482,509.43164,323.17352,501.79468,339.6929,256.56732,236.21237,263.37198,224.13525,197.47911,260.1605,198.70105,260.0421,77.67804,266.06308,85.09567,282.33884
494.48505,274.6659,0.0,0.0,501.80627,263.15808,0.0,0.0,488.98416,229.33952,430.15762,229.18997,441.0633,230.39801,434.1386,277.54056,451.92236,317.60825,511.16498,322.95367,503.13757,339.6031,257.88083,235.36739,264.02087,224.01436,196.09409,261.3148,198.06696,262.21582,78.37108,266.13544,85.58656,282.9778
495.3199,275.33667,0.0,0.0,501.9005,264.52383,0.0,0.0,488.73962,232.49908,432.36456,230.23466,441.6142,233.5669,436.82446,275.48822,450.47278,317.7464,512.1876,321.73907,500.0033,340.1834,261.33795,234.90475,266.66232,224.42703,198.03,258.48087,200.58649,260.11844,82.07866,266.0021,88.5813,282.133
495.339,276.05252,0.0,0.0,502.20633,265.8097,0.0,0.0,490.5331,233.86769,433.0103,227.56602,443.75092,234.21828,435.65143,270.33972,450.3418,317.58725,508.21637,320.80807,496.37595,339.7929,259.9245,232.44693,266.33066,223.0712,195.79547,256.94168,198.99536,260.12375,81.19972,265.94086,87.53645,283.18732
498.98804,275.5826,0.0,0.0,505.49048,265.8721,0.0,0.0,493.7428,235.38771,435.26895,225.70126,447.1828,236.01128,435.8498,265.10013,451.2485,317.49496,506.19025,319.10742,494.38403,338.7338,258.33237,229.62079,265.41534,221.54285,192.935,255.17252,197.75754,260.5018,80.10394,263.32568,86.23593,281.8964
495.28085,274.13806,0.0,0.0,501.64362,264.39978,0.0,0.0,489.7198,233.93814,433.76843,226.02605,444.16833,235.05878,435.6886,266.91824,450.11456,317.3514,508.65918,320.47302,497.55603,340.9515,261.72958,229.287,267.89355,221.03143,194.85611,256.95166,198.66162,262.0214,81.032166,262.86722,87.42993,281.49762
495.0403,273.8527,0.0,0.0,501.7362,263.5048,0.0,0.0,489.60773,232.60425,433.34814,229.59322,443.6128,233.88725,434.8066,273.83954,449.64734,316.2152,507.34586,323.70026,497.07867,340.2979,262.0313,232.3166,268.0892,222.0592,196.5062,259.42865,199.2873,261.67987,81.78537,264.68646,88.57977,281.4945
493.3423,273.2567,0.0,0.0,500.3069,262.46497,0.0,0.0,488.61575,231.45435,431.38,230.9419,442.2634,231.97334,433.23834,276.4715,449.67535,313.7651,503.62674,325.2198,495.04538,339.03864,256.15063,231.05315,262.75314,219.06314,196.202,258.87485,198.5228,257.76736,80.45303,269.11047,86.99872,282.53433
492.7301,274.8658,0.0,0.0,499.54504,263.797,0.0,0.0,487.24902,232.78476,430.71548,233.55196,440.6762,232.82208,433.302,275.88217,449.46973,311.91257,505.3354,325.50717,496.0061,339.28223,254.05789,231.01843,260.09732,217.62186,195.06079,260.82208,195.87665,255.40674,75.27515,270.0044,80.87416,277.08176
491.58932,274.2983,0.0,0.0,498.4576,263.23514,0.0,0.0,486.72797,231.72185,429.2882,230.3802,440.47858,231.709,432.22256,272.8241,449.93536,312.8863,504.87567,324.3468,495.78308,339.34756,251.49101,229.41145,258.40808,216.8764,196.27628,258.93826,197.44458,254.10422,75.95354,269.2025,81.238846,276.11185
492.1756,272.4579,0.0,0.0,499.26617,260.97702,0.0,0.0,487.0467,229.84682,429.3023,232.35172,439.72092,231.22171,432.23965,275.96274,450.69275,313.01566,508.00793,324.78503,499.15836,340.02173,250.71413,231.69345,256.94946,218.20882,194.86563,259.4356,195.25333,253.14966,74.963486,268.3175,80.72565,274.32712
497.18298,281.9603,0.0,0.0,503.65106,271.209,0.0,0.0,491.2614,239.57516,436.33752,237.75351,446.1937,237.67067,436.9736,272.22678,455.39102,311.7923,509.5882,319.73425,500.61047,334.32108,260.11588,235.70157,266.23148,220.14085,181.18938,271.61667,181.43286,257.6937,58.201782,273.75348,60.99231,264.3073
496.428,281.35782,0.0,0.0,503.21185,270.72806,0.0,0.0,491.41278,239.80681,436.4029,239.4549,446.30444,238.43668,436.52386,273.6536,454.4443,311.4973,508.9673,321.22073,500.3792,334.701,260.96057,236.61748,267.12634,220.66585,181.5045,272.11197,181.32253,257.79074,57.932068,275.15637,60.79767,265.60358
498.75848,281.95135,0.0,0.0,505.682,271.1723,0.0,0.0,494.3942,239.83609,438.6069,239.46117,450.047,238.34062,438.00397,274.83014,456.24695,311.74582,510.68762,322.26923,501.11765,333.65024,263.3535,236.7978,270.5347,220.80371,182.29819,269.2392,183.32777,255.94412,59.1882,275.69333,61.947784,267.662
500.05713,282.17346,0.0,0.0,506.48572,271.76703,0.0,0.0,494.58923,240.73618,440.07196,236.99138,449.85443,239.60368,439.82343,271.0459,455.8282,314.04834,513.8172,319.19177,501.40387,333.6691,264.03952,235.23022,270.12463,221.12369,182.83986,268.22018,184.57092,258.2679,61.1976,274.06863,64.19766,269.6545
500.02936,283.0629,0.0,0.0,506.4923,272.48322,0.0,0.0,494.67477,240.91245,440.4852,237.59927,449.61584,238.8364,440.07416,273.33875,454.5218,313.41052,514.7947,319.92108,501.46683,333.09952,265.6649,234.81982,271.33737,220.59152,188.41125,266.02393,190.23735,256.00015,66.76605,272.64893,69.28664,268.53952
499.8957,283.1189,0.0,0.0,506.46594,272.809,0.0,0.0,494.56616,241.12518,440.67096,236.63394,448.56546,238.97163,440.466,271.92953,453.94077,314.21313,515.7678,318.83224,502.35626,333.276,266.3896,234.42044,271.2324,220.62831,186.42316,268.37512,187.81674,258.50247,66.198364,272.80182,68.771576,268.36386
499.45898,282.77386,0.0,0.0,505.85126,272.2946,0.0,0.0,493.69427,240.9779,441.12122,238.64508,448.16736,238.84087,440.6759,274.37155,453.8187,313.0384,515.1684,319.08163,501.44327,333.1888,267.4953,235.09813,271.8177,220.34988,186.6213,269.57507,187.58208,258.3361,66.092026,273.38278,68.75037,267.81836
499.93344,282.9053,0.0,0.0,506.45868,271.86722,0.0,0.0,493.49658,239.60674,439.02783,239.69598,447.3651,237.85782,439.03238,278.1585,453.9699,314.0938,514.6594,321.64496,501.46466,334.5105,265.3971,238.06609,270.56982,222.20143,186.41353,272.33084,186.96135,258.54724,63.26471,274.97256,66.10033,266.31024
500.2563,282.74353,0.0,0.0,506.72876,271.69476,0.0,0.0,493.66095,239.67258,439.27228,239.81572,447.75076,237.76433,439.08014,277.28708,453.5778,312.9356,515.03925,321.84088,501.29056,335.0911,266.73895,236.95093,272.00375,221.06981,187.56454,271.14313,188.22427,257.29944,64.23421,275.5072,66.83263,266.72485
500.7662,282.73456,0.0,0.0,506.99927,271.34113,0.0,0.0,493.49554,238.97055,440.39603,239.8346,447.71716,236.77414,440.02426,277.93738,453.37393,312.4907,514.99554,321.53244,500.78503,335.5141,268.23395,236.03287,272.71695,219.82803,191.77547,270.2138,191.86417,255.91394,66.01521,276.01978,68.50737,267.18503
501.1802,282.3778,0.0,0.0,507.21323,271.03854,0.0,0.0,493.373,238.90198,441.85468,239.98848,447.2,236.55637,440.25476,278.11963,452.3081,311.89294,514.6696,321.46875,500.26825,335.40958,269.34113,235.91055,272.5744,219.35121,189.74945,271.7568,189.28357,256.44016,63.67105,277.18674,65.945496,266.78857
499.46924,281.80557,0.0,0.0,505.93542,270.25922,0.0,0.0,492.32898,237.65453,439.54382,239.73961,445.3295,235.50374,438.58987,278.3299,452.06757,311.60815,514.97974,321.614,501.65775,336.361,266.0393,237.16068,269.44785,220.30388,185.93593,274.3827,185.05157,258.92346,60.308258,278.73895,63.095215,269.03592
499.85873,280.71902,0.0,0.0,506.2614,269.425,0.0,0.0,492.4748,237.99925,439.93512,240.7369,445.0871,236.99057,439.16644,276.85922,451.95862,311.61365,516.0104,319.97327,501.96008,336.29602,265.86655,237.27359,268.86276,220.42929,185.54767,273.21188,183.94928,256.97818,60.407684,276.96844,62.89807,265.79865
499.8087,280.25714,0.0,0.0,506.17706,268.94894,0.0,0.0,492.24323,237.31918,439.29462,239.24979,445.2052,236.28494,438.59753,275.18768,452.20502,311.06705,515.0526,319.9228,501.68793,336.76205,267.0487,236.50027,270.4637,220.29156,188.65999,271.76013,187.2363,256.72018,64.85184,274.8541,67.45163,265.12094
499.29395,281.0233,0.0,0.0,505.66574,269.75168,0.0,0.0,491.55246,237.58777,438.9818,238.35098,444.74033,236.14478,438.07007,273.55377,451.3341,310.9882,514.7438,318.03882,501.80475,336.63953,268.4982,236.8758,271.85345,221.13101,189.69968,272.4292,187.95267,258.36194,65.39505,274.58102,68.07744,266.08932
500.89502,281.6212,0.0,0.0,507.03564,270.31412,0.0,0.0,492.5736,237.8112,439.36786,237.22241,445.52048,236.04938,438.70996,273.37308,452.64178,311.95142,514.13696,318.48526,501.51862,336.52304,266.95834,235.4754,270.54208,220.26392,190.99251,271.38312,189.92612,258.31696,67.26114,272.9239,70.07141,265.8585
500.48785,280.88068,0.0,0.0,506.8309,269.31274,0.0,0.0,492.67712,237.33429,439.07315,239.7998,445.60513,236.52344,438.54306,276.60986,453.14355,312.3991,515.0977,318.66376,503.0699,336.92722,266.1127,238.0602,269.89676,221.76675,190.45384,271.96796,189.28624,256.7739,65.53021,273.91678,68.64078,264.52377
499.03326,281.9721,0.0,0.0,505.35208,270.90234,0.0,0.0,491.78705,238.85829,438.52808,238.0333,444.984,237.02077,438.02362,274.82266,452.3476,313.13934,513.3172,319.2222,501.7068,336.949,265.06442,236.22194,268.88016,221.00407,188.59802,270.00684,187.83986,257.03387,64.87419,272.7499,67.81831,265.7721
499.4235,281.80347,0.0,0.0,505.67322,270.79068,0.0,0.0,492.29745,239.00105,439.78076,239.54697,445.7193,236.99155,438.94012,278.70154,452.63538,313.25717,513.0688,320.7094,501.70905,335.3512,266.3025,235.92047,269.94568,219.96703,188.38965,270.286,187.91891,256.5016,64.2655,273.10123,66.99762,265.48883
499.13763,280.17206,0.0,0.0,505.54742,269.2684,0.0,0.0,492.35803,238.88167,438.67096,241.19363,445.463,238.0639,439.09967,279.8507,454.03177,313.72693,514.0742,320.48245,504.2419,335.18066,262.69836,236.6397,266.7825,220.19522,184.13132,272.15744,183.58696,257.63672,60.825653,274.93344,63.243103,266.54703
498.7174,280.36298,0.0,0.0,505.16785,269.3787,0.0,0.0,492.0163,238.48965,438.8407,240.93243,445.15817,237.10858,439.48233,280.3416,453.65018,312.7078,514.10986,321.07068,504.0879,334.07785,264.669,235.64368,268.53735,219.22542,189.13501,269.37155,188.31508,254.96286,65.404785,273.86948,67.68945,265.98254
499.32272,279.9492,0.0,0.0,505.55377,268.64392,0.0,0.0,491.57086,237.40738,439.2499,241.22614,444.61017,236.15141,439.02527,282.1172,454.16922,312.623,514.7739,320.9392,506.25635,334.34485,265.7416,235.79372,268.90424,218.87685,189.54683,270.7238,188.15038,255.38449,65.435394,274.4567,67.79886,265.9178
503.54828,280.44058,0.0,0.0,508.06775,270.00723,0.0,0.0,491.63104,239.63773,441.59207,237.42078,444.80048,238.66896,442.9789,278.9779,454.11188,318.2136,521.8024,315.87418,505.6857,334.00217,269.35153,235.05426,271.25256,221.24606,188.9478,271.24155,190.49414,260.46515,68.790375,271.9977,70.85254,266.28616
500.16187,281.47937,0.0,0.0,504.6952,271.90625,0.0,0.0,489.70587,242.50424,439.88373,234.26207,444.10593,241.66748,440.87415,271.9277,452.94623,321.60794,514.48267,311.40958,499.24884,333.4348,267.1867,230.54678,269.85696,219.33893,187.04475,268.448,189.07974,262.05783,69.49446,267.60593,71.93819,266.41998
